Unnamed: 0,Age,TypeofContact,CityTier,DurationOfPitch,Occupation,Gender,NumberOfPersonVisiting,NumberOfFollowups,ProductPitched,PreferredPropertyStar,MaritalStatus,NumberOfTrips,Passport,PitchSatisfactionScore,OwnCar,NumberOfChildrenVisiting,Designation,MonthlyIncome
3850.0,55.0,1,1.0,17.0,3,0,4.0,4.0,1,5.0,3,8.0,1.0,1.0,0.0,1.0,2,23118.0
2463.0,39.0,1,1.0,9.0,2,1,3.0,4.0,0,3.0,3,7.0,1.0,4.0,0.0,2.0,1,22622.0
878.0,42.0,0,2.0,8.0,3,1,3.0,1.0,1,5.0,0,1.0,0.0,2.0,0.0,2.0,2,21272.0
2482.0,37.0,1,1.0,12.0,2,0,3.0,5.0,0,5.0,0,2.0,1.0,2.0,1.0,1.0,1,98678.0
3074.0,23.0,1,1.0,7.0,2,1,3.0,5.0,1,3.0,0,8.0,0.0,2.0,1.0,1.0,2,23453.0
3002.0,33.0,0,1.0,31.0,2,1,4.0,4.0,1,3.0,0,3.0,0.0,4.0,1.0,1.0,2,23987.0
1261.0,38.0,1,1.0,24.0,3,1,2.0,5.0,1,3.0,1,4.0,1.0,5.0,0.0,1.0,2,20811.0
3187.0,60.0,1,1.0,9.0,2,0,4.0,5.0,4,3.0,2,5.0,1.0,5.0,0.0,3.0,0,32404.0
2230.0,53.0,0,3.0,8.0,3,0,2.0,4.0,3,4.0,1,3.0,0.0,1.0,1.0,0.0,3,22525.0
3643.0,37.0,1,1.0,33.0,2,1,4.0,4.0,1,3.0,1,8.0,0.0,3.0,1.0,1.0,2,24025.0
1897.0,60.0,0,3.0,34.0,3,0,3.0,4.0,3,5.0,1,5.0,0.0,1.0,1.0,0.0,3,25266.0
4738.0,43.0,1,1.0,36.0,3,1,3.0,6.0,1,3.0,3,6.0,0.0,3.0,1.0,2.0,2,22950.0
1480.0,35.0,1,1.0,22.0,3,1,2.0,1.0,0,4.0,1,1.0,0.0,4.0,1.0,1.0,1,17426.0
4557.0,43.0,1,1.0,10.0,2,0,4.0,2.0,1,3.0,1,4.0,1.0,5.0,1.0,1.0,2,23909.0
994.0,52.0,0,1.0,34.0,3,0,2.0,1.0,4,3.0,0,3.0,1.0,4.0,0.0,0.0,0,28247.0
3104.0,59.0,0,1.0,9.0,2,1,3.0,5.0,0,3.0,1,2.0,1.0,2.0,0.0,1.0,1,21058.0
9.0,36.0,1,1.0,33.0,3,1,3.0,3.0,1,3.0,0,7.0,0.0,3.0,1.0,0.0,2,20237.0
3825.0,29.0,0,1.0,23.0,3,1,3.0,4.0,0,3.0,2,3.0,0.0,3.0,0.0,1.0,1,20822.0
4425.0,37.0,1,1.0,16.0,3,1,3.0,5.0,1,4.0,1,4.0,1.0,4.0,0.0,2.0,2,27525.0
198.0,38.0,1,1.0,8.0,2,1,2.0,3.0,1,3.0,0,1.0,0.0,2.0,0.0,1.0,2,21553.0
1012.0,31.0,0,3.0,6.0,2,0,2.0,5.0,0,3.0,2,2.0,0.0,3.0,1.0,1.0,1,16359.0
3069.0,46.0,1,3.0,16.0,3,1,4.0,4.0,3,5.0,1,6.0,1.0,2.0,1.0,1.0,3,29439.0
4873.0,41.0,1,3.0,14.0,3,1,3.0,4.0,0,4.0,3,3.0,0.0,5.0,0.0,1.0,1,23339.0
2443.0,35.0,1,1.0,13.0,2,1,3.0,3.0,0,4.0,2,2.0,1.0,3.0,1.0,1.0,1,20363.0
2016.0,29.0,1,3.0,16.0,2,1,3.0,3.0,0,3.0,2,2.0,0.0,4.0,1.0,0.0,1,17642.0
1561.0,51.0,1,3.0,27.0,3,1,3.0,3.0,1,3.0,2,1.0,1.0,5.0,0.0,2.0,2,20441.0
304.0,39.0,1,1.0,6.0,3,1,2.0,2.0,3,3.0,1,1.0,0.0,3.0,1.0,0.0,3,24613.0
628.0,37.0,1,3.0,22.0,3,1,3.0,4.0,1,3.0,1,5.0,0.0,5.0,1.0,2.0,2,21334.0
710.0,33.0,0,3.0,23.0,2,1,2.0,3.0,4,3.0,2,2.0,0.0,3.0,1.0,1.0,0,32444.0
4045.0,51.0,0,3.0,19.0,3,0,4.0,4.0,3,3.0,3,6.0,0.0,5.0,1.0,3.0,3,27886.0
3738.0,42.0,1,1.0,12.0,2,1,3.0,2.0,1,4.0,3,5.0,0.0,5.0,1.0,1.0,2,25548.0
2763.0,33.0,1,3.0,15.0,1,0,4.0,5.0,1,4.0,0,3.0,1.0,2.0,1.0,1.0,2,23906.0
3267.0,30.0,0,1.0,17.0,2,0,4.0,4.0,0,4.0,1,2.0,0.0,5.0,1.0,1.0,1,21969.0
2779.0,41.0,1,3.0,7.0,3,1,3.0,6.0,1,3.0,0,4.0,1.0,3.0,1.0,1.0,2,26135.0
3466.0,38.0,0,1.0,12.0,1,1,3.0,2.0,0,3.0,3,2.0,0.0,5.0,1.0,1.0,1,22178.0
3418.0,28.0,0,3.0,9.0,2,1,3.0,6.0,1,3.0,3,5.0,0.0,4.0,1.0,2.0,2,23749.0
3668.0,27.0,1,1.0,24.0,3,1,4.0,6.0,0,3.0,1,3.0,0.0,3.0,0.0,3.0,1,20983.0
1788.0,27.0,1,1.0,11.0,2,0,2.0,3.0,0,4.0,2,2.0,1.0,3.0,0.0,1.0,1,17478.0
4430.0,24.0,1,1.0,11.0,3,1,3.0,2.0,0,5.0,1,4.0,0.0,4.0,0.0,2.0,1,21497.0
2076.0,34.0,0,1.0,22.0,2,0,3.0,4.0,0,3.0,2,2.0,0.0,5.0,1.0,2.0,1,17553.0
4856.0,37.0,1,3.0,17.0,3,1,3.0,5.0,3,5.0,1,2.0,0.0,5.0,0.0,1.0,3,25772.0
2317.0,34.0,0,1.0,7.0,3,1,3.0,4.0,1,5.0,2,1.0,0.0,1.0,0.0,0.0,2,20343.0
216.0,30.0,0,3.0,32.0,3,0,2.0,4.0,1,5.0,3,6.0,0.0,2.0,0.0,1.0,2,21696.0
1640.0,27.0,1,1.0,23.0,1,1,2.0,3.0,0,4.0,1,1.0,1.0,4.0,0.0,0.0,1,18058.0
3290.0,36.0,1,1.0,9.0,2,1,3.0,5.0,3,4.0,1,4.0,0.0,4.0,1.0,1.0,3,28952.0
1713.0,40.0,1,1.0,30.0,1,1,3.0,3.0,1,3.0,1,2.0,0.0,3.0,1.0,1.0,2,18319.0
2908.0,38.0,1,1.0,7.0,1,0,3.0,4.0,3,3.0,3,6.0,0.0,5.0,1.0,2.0,3,26169.0
3770.0,33.0,1,3.0,9.0,3,1,3.0,5.0,1,4.0,2,2.0,1.0,1.0,1.0,1.0,2,28585.0
4251.0,30.0,1,1.0,16.0,2,1,2.0,5.0,0,3.0,3,2.0,0.0,1.0,1.0,1.0,1,22661.0
2169.0,52.0,1,1.0,6.0,2,1,3.0,3.0,4,3.0,1,3.0,0.0,1.0,1.0,2.0,0,32099.0
3681.0,33.0,1,3.0,7.0,2,1,3.0,6.0,1,4.0,3,8.0,0.0,3.0,0.0,2.0,2,25413.0
4806.0,20.0,0,1.0,17.0,3,0,4.0,5.0,0,4.0,2,3.0,1.0,5.0,0.0,3.0,1,20537.0
8.0,38.0,0,1.0,29.0,2,1,2.0,4.0,3,3.0,3,1.0,0.0,3.0,0.0,0.0,3,24526.0
2114.0,31.0,1,1.0,17.0,2,1,2.0,3.0,0,3.0,1,4.0,1.0,3.0,0.0,0.0,1,17356.0
3223.0,52.0,1,1.0,11.0,2,1,3.0,4.0,0,3.0,0,2.0,1.0,2.0,1.0,2.0,1,21139.0
4056.0,39.0,1,1.0,10.0,1,0,3.0,4.0,1,3.0,3,5.0,1.0,5.0,1.0,1.0,2,22995.0
4051.0,40.0,1,3.0,11.0,2,0,3.0,5.0,1,3.0,1,6.0,0.0,5.0,1.0,2.0,2,24580.0
3409.0,26.0,1,1.0,26.0,3,1,4.0,4.0,0,3.0,0,5.0,0.0,5.0,1.0,3.0,1,22347.0
1223.0,47.0,0,3.0,15.0,2,1,2.0,5.0,4,3.0,1,1.0,0.0,5.0,1.0,1.0,0,27936.0
2234.0,28.0,1,3.0,16.0,3,1,3.0,3.0,0,4.0,1,2.0,0.0,5.0,0.0,2.0,1,16052.0
3272.0,19.0,0,1.0,15.0,3,1,4.0,4.0,0,3.0,2,3.0,0.0,5.0,0.0,1.0,1,20582.0
2031.0,52.0,1,3.0,9.0,3,1,2.0,4.0,4,5.0,1,2.0,0.0,5.0,1.0,0.0,0,31856.0
2615.0,20.0,0,3.0,7.0,1,0,4.0,6.0,0,5.0,2,2.0,0.0,3.0,1.0,2.0,1,21003.0
2471.0,43.0,1,3.0,15.0,3,1,3.0,4.0,1,4.0,0,2.0,0.0,3.0,0.0,2.0,2,25503.0
4807.0,30.0,1,1.0,8.0,2,0,4.0,4.0,0,3.0,1,3.0,0.0,1.0,1.0,3.0,1,22438.0
3896.0,51.0,0,3.0,7.0,2,1,4.0,4.0,1,3.0,1,2.0,0.0,3.0,1.0,2.0,2,25406.0
4122.0,41.0,0,1.0,16.0,2,1,4.0,5.0,1,3.0,1,2.0,0.0,5.0,0.0,2.0,2,23554.0
2598.0,33.0,0,3.0,15.0,3,0,3.0,4.0,3,3.0,3,3.0,0.0,4.0,1.0,2.0,3,27676.0
2806.0,22.0,0,3.0,16.0,3,1,3.0,4.0,0,3.0,3,3.0,0.0,4.0,0.0,1.0,1,21288.0
1831.0,40.0,1,1.0,16.0,2,0,2.0,1.0,0,3.0,1,4.0,1.0,3.0,0.0,1.0,1,17213.0
1972.0,53.0,1,3.0,6.0,3,0,2.0,3.0,1,5.0,3,1.0,0.0,1.0,1.0,1.0,2,23381.0
3512.0,29.0,0,1.0,9.0,3,1,3.0,5.0,0,5.0,2,2.0,0.0,4.0,0.0,1.0,1,21239.0
4405.0,44.0,0,1.0,16.0,3,1,4.0,4.0,1,3.0,1,5.0,1.0,3.0,1.0,3.0,2,24357.0
2942.0,23.0,1,1.0,13.0,3,1,4.0,4.0,0,3.0,0,2.0,0.0,2.0,1.0,1.0,1,21451.0
3268.0,43.0,1,1.0,36.0,3,1,3.0,6.0,1,3.0,3,6.0,0.0,3.0,1.0,1.0,2,22950.0
2180.0,33.0,0,3.0,23.0,2,1,2.0,3.0,4,3.0,2,2.0,0.0,3.0,1.0,0.0,0,32444.0
4272.0,37.0,0,3.0,7.0,3,0,3.0,4.0,1,3.0,3,6.0,0.0,1.0,1.0,2.0,2,25331.0
1432.0,37.0,1,1.0,16.0,2,0,2.0,1.0,3,3.0,1,2.0,1.0,1.0,0.0,1.0,3,28744.0
4241.0,40.0,1,3.0,10.0,3,0,3.0,4.0,1,3.0,1,6.0,1.0,4.0,1.0,2.0,2,23916.0
4510.0,36.0,1,1.0,7.0,2,0,3.0,2.0,0,3.0,2,5.0,0.0,3.0,1.0,2.0,1,21184.0
3636.0,50.0,1,1.0,23.0,3,0,4.0,4.0,0,5.0,1,6.0,1.0,1.0,1.0,2.0,1,21265.0
1827.0,21.0,0,3.0,6.0,1,0,3.0,4.0,0,4.0,2,2.0,1.0,5.0,1.0,2.0,1,17174.0
4816.0,28.0,1,3.0,9.0,3,0,4.0,6.0,2,4.0,2,4.0,1.0,5.0,1.0,2.0,4,21195.0
2657.0,52.0,1,1.0,15.0,2,1,3.0,5.0,3,4.0,0,7.0,0.0,3.0,1.0,2.0,3,31168.0
2416.0,40.0,1,1.0,14.0,3,1,3.0,4.0,0,3.0,3,2.0,1.0,4.0,1.0,2.0,1,24094.0
2322.0,29.0,1,1.0,12.0,3,0,2.0,3.0,0,3.0,1,2.0,0.0,3.0,0.0,1.0,1,18131.0
53.0,35.0,0,1.0,17.0,3,1,3.0,4.0,3,5.0,0,3.0,1.0,5.0,1.0,1.0,3,24884.0
4187.0,38.0,1,3.0,13.0,3,1,4.0,4.0,1,3.0,1,6.0,0.0,3.0,1.0,1.0,2,25180.0
110.0,51.0,0,1.0,6.0,3,0,1.0,4.0,3,5.0,3,4.0,0.0,2.0,1.0,0.0,3,22484.0
4276.0,22.0,0,3.0,16.0,3,1,3.0,4.0,0,3.0,3,3.0,0.0,4.0,1.0,1.0,1,21288.0
2069.0,36.0,1,2.0,19.0,2,1,2.0,3.0,0,4.0,1,5.0,0.0,3.0,1.0,1.0,1,17143.0
2365.0,31.0,1,1.0,17.0,3,1,3.0,3.0,1,5.0,1,2.0,1.0,1.0,1.0,1.0,2,21833.0
3837.0,28.0,1,3.0,16.0,3,1,3.0,4.0,1,3.0,3,3.0,0.0,1.0,0.0,2.0,2,22783.0
4230.0,50.0,1,1.0,7.0,1,0,3.0,5.0,4,3.0,2,2.0,1.0,3.0,0.0,1.0,0,32642.0
4747.0,28.0,1,1.0,13.0,2,1,3.0,5.0,0,3.0,1,3.0,0.0,1.0,1.0,2.0,1,21217.0
1229.0,40.0,1,1.0,14.0,2,0,3.0,3.0,1,5.0,1,3.0,1.0,1.0,0.0,0.0,2,21516.0
252.0,29.0,1,1.0,21.0,2,1,2.0,3.0,0,3.0,2,2.0,0.0,3.0,0.0,0.0,1,17340.0
3728.0,40.0,1,1.0,17.0,3,1,4.0,4.0,3,3.0,2,2.0,0.0,3.0,1.0,1.0,3,32142.0
3365.0,29.0,0,1.0,7.0,3,1,3.0,4.0,0,3.0,2,2.0,1.0,4.0,0.0,1.0,1,20832.0
4800.0,31.0,1,1.0,8.0,3,1,4.0,4.0,0,4.0,1,2.0,1.0,4.0,1.0,3.0,1,22257.0
148.0,41.0,1,1.0,15.0,2,1,3.0,3.0,0,5.0,0,3.0,0.0,2.0,0.0,2.0,1,17238.0
980.0,31.0,0,3.0,8.0,2,0,2.0,4.0,0,3.0,2,1.0,0.0,5.0,0.0,1.0,1,17785.0
2931.0,21.0,1,1.0,7.0,2,0,3.0,5.0,0,4.0,3,3.0,0.0,4.0,1.0,1.0,1,21514.0
3800.0,42.0,1,3.0,15.0,3,0,3.0,4.0,1,4.0,1,7.0,0.0,3.0,1.0,2.0,2,23071.0
4573.0,29.0,1,3.0,12.0,3,1,4.0,4.0,1,3.0,3,3.0,0.0,3.0,0.0,2.0,2,23586.0
3712.0,54.0,0,1.0,7.0,3,0,3.0,5.0,4,3.0,1,6.0,1.0,1.0,0.0,1.0,0,31643.0
105.0,59.0,0,2.0,8.0,2,0,2.0,4.0,2,3.0,0,1.0,0.0,2.0,1.0,1.0,4,33844.0
258.0,51.0,1,1.0,6.0,2,1,3.0,3.0,0,3.0,0,2.0,0.0,4.0,1.0,0.0,1,17723.0
2883.0,32.0,0,1.0,27.0,2,1,4.0,4.0,3,3.0,0,5.0,0.0,3.0,1.0,1.0,3,28502.0
4622.0,37.0,0,3.0,15.0,1,1,3.0,4.0,1,3.0,1,6.0,0.0,3.0,1.0,2.0,2,23757.0
401.0,56.0,0,3.0,12.0,2,0,2.0,2.0,4,5.0,0,1.0,0.0,3.0,1.0,0.0,0,28212.0
1881.0,60.0,1,1.0,13.0,2,0,2.0,3.0,2,5.0,1,6.0,0.0,5.0,1.0,0.0,4,34566.0
2673.0,30.0,1,1.0,25.0,3,1,3.0,5.0,0,3.0,2,3.0,1.0,3.0,0.0,2.0,1,21067.0
3904.0,30.0,1,1.0,35.0,3,0,4.0,5.0,0,5.0,3,3.0,0.0,1.0,0.0,2.0,1,22463.0
3993.0,47.0,1,2.0,12.0,3,1,4.0,4.0,1,4.0,1,2.0,1.0,5.0,1.0,3.0,2,23699.0
4356.0,37.0,0,3.0,17.0,3,1,3.0,4.0,3,3.0,2,3.0,0.0,1.0,1.0,2.0,3,28658.0
4076.0,29.0,1,1.0,28.0,3,1,3.0,4.0,0,3.0,1,3.0,0.0,1.0,0.0,1.0,1,21391.0
3995.0,36.0,1,1.0,7.0,3,1,2.0,5.0,0,3.0,3,3.0,0.0,4.0,1.0,1.0,1,21537.0
1127.0,23.0,1,1.0,16.0,1,1,2.0,1.0,0,3.0,1,3.0,0.0,1.0,1.0,0.0,1,17073.0
2519.0,32.0,1,1.0,15.0,2,0,4.0,4.0,1,3.0,3,3.0,0.0,5.0,0.0,2.0,2,23102.0
4496.0,41.0,0,1.0,9.0,3,0,3.0,2.0,1,4.0,1,3.0,0.0,3.0,0.0,1.0,2,22922.0
3117.0,34.0,1,1.0,7.0,2,1,4.0,5.0,0,5.0,3,5.0,1.0,4.0,0.0,1.0,1,21477.0
4507.0,37.0,1,1.0,7.0,2,0,3.0,4.0,1,4.0,1,2.0,0.0,5.0,1.0,2.0,2,23906.0
64.0,36.0,1,1.0,14.0,1,0,2.0,3.0,3,3.0,1,2.0,0.0,4.0,1.0,1.0,3,25096.0
990.0,33.0,0,3.0,11.0,2,1,3.0,3.0,1,3.0,0,7.0,0.0,1.0,1.0,2.0,2,24998.0
4212.0,37.0,0,1.0,25.0,2,1,3.0,2.0,0,3.0,1,6.0,0.0,5.0,1.0,2.0,1,22366.0
3172.0,55.0,1,1.0,24.0,1,0,3.0,4.0,3,3.0,0,2.0,0.0,5.0,1.0,1.0,3,29417.0
3926.0,32.0,1,1.0,33.0,2,1,3.0,4.0,0,3.0,1,3.0,0.0,3.0,1.0,2.0,1,21589.0
67.0,45.0,1,1.0,13.0,2,1,2.0,3.0,3,5.0,1,3.0,0.0,3.0,1.0,1.0,3,24724.0
3591.0,50.0,1,1.0,32.0,2,0,3.0,4.0,0,5.0,1,3.0,0.0,3.0,0.0,1.0,1,21889.0
3132.0,20.0,1,3.0,28.0,2,1,3.0,5.0,0,4.0,2,3.0,1.0,2.0,0.0,2.0,1,20799.0
1519.0,35.0,1,1.0,14.0,2,1,2.0,1.0,0,3.0,1,2.0,0.0,5.0,1.0,1.0,1,17269.0
1621.0,35.0,1,3.0,6.0,3,1,3.0,3.0,3,4.0,1,2.0,0.0,4.0,0.0,0.0,3,22295.0
2045.0,54.0,1,1.0,25.0,3,0,3.0,3.0,1,5.0,1,1.0,1.0,3.0,0.0,2.0,2,20485.0
1210.0,33.0,1,1.0,27.0,3,1,3.0,1.0,0,4.0,1,2.0,0.0,1.0,1.0,1.0,1,17028.0
3982.0,36.0,0,1.0,7.0,3,1,4.0,4.0,0,5.0,1,6.0,0.0,1.0,0.0,2.0,1,20872.0
2562.0,37.0,1,1.0,10.0,2,0,3.0,4.0,0,3.0,1,7.0,0.0,2.0,1.0,1.0,1,21513.0
3882.0,24.0,0,3.0,16.0,3,1,3.0,4.0,0,5.0,1,3.0,0.0,5.0,1.0,1.0,1,20468.0
2154.0,40.0,1,3.0,16.0,3,1,3.0,4.0,3,4.0,1,3.0,0.0,4.0,0.0,0.0,3,24705.0
1251.0,30.0,1,3.0,21.0,3,1,3.0,4.0,3,5.0,1,3.0,0.0,1.0,0.0,2.0,3,22140.0
3601.0,36.0,0,1.0,15.0,2,0,3.0,4.0,1,3.0,1,3.0,0.0,5.0,1.0,2.0,2,22826.0
4341.0,61.0,0,3.0,35.0,3,0,4.0,5.0,3,5.0,1,6.0,0.0,1.0,1.0,1.0,3,28944.0
3780.0,56.0,1,1.0,9.0,1,1,4.0,5.0,0,3.0,1,2.0,0.0,5.0,0.0,1.0,1,21340.0
4207.0,27.0,1,3.0,11.0,3,1,3.0,5.0,1,3.0,3,3.0,1.0,1.0,1.0,1.0,2,24506.0
4375.0,36.0,1,3.0,7.0,3,0,4.0,4.0,1,3.0,3,3.0,0.0,4.0,1.0,1.0,2,23537.0
620.0,35.0,1,1.0,33.0,3,0,2.0,4.0,0,5.0,2,2.0,0.0,4.0,1.0,1.0,1,17559.0
3089.0,30.0,1,3.0,7.0,3,0,3.0,5.0,0,3.0,1,8.0,1.0,2.0,0.0,2.0,1,21478.0
3885.0,57.0,0,1.0,7.0,2,1,3.0,4.0,1,3.0,1,3.0,0.0,3.0,0.0,1.0,2,24984.0
4444.0,28.0,1,1.0,7.0,2,0,4.0,4.0,3,5.0,1,3.0,0.0,4.0,0.0,3.0,3,26090.0
1693.0,38.0,1,3.0,9.0,2,1,3.0,3.0,3,3.0,1,1.0,0.0,1.0,1.0,1.0,3,25609.0
2880.0,34.0,1,1.0,17.0,3,1,3.0,6.0,0,3.0,1,2.0,0.0,5.0,0.0,1.0,1,22086.0
3920.0,60.0,1,1.0,10.0,3,0,3.0,2.0,0,5.0,1,6.0,1.0,1.0,0.0,2.0,1,21348.0
2314.0,30.0,1,3.0,16.0,3,1,3.0,4.0,1,3.0,1,2.0,0.0,1.0,0.0,1.0,2,21578.0
3044.0,33.0,1,1.0,11.0,2,0,4.0,5.0,1,3.0,0,3.0,0.0,4.0,1.0,1.0,2,24840.0
2922.0,26.0,1,3.0,20.0,3,1,3.0,4.0,0,3.0,0,3.0,0.0,3.0,1.0,1.0,1,20774.0
3607.0,38.0,1,1.0,17.0,3,0,4.0,4.0,0,4.0,1,3.0,0.0,1.0,1.0,1.0,1,22614.0
2439.0,48.0,1,3.0,8.0,3,1,2.0,4.0,1,4.0,3,1.0,1.0,1.0,1.0,0.0,2,22898.0
3641.0,21.0,1,3.0,16.0,2,1,3.0,4.0,0,5.0,3,3.0,0.0,1.0,0.0,2.0,1,21406.0
3918.0,28.0,1,1.0,9.0,3,1,3.0,4.0,0,4.0,1,2.0,0.0,5.0,1.0,2.0,1,22146.0
3517.0,29.0,1,1.0,36.0,2,1,4.0,6.0,1,4.0,0,3.0,0.0,1.0,1.0,3.0,2,25227.0
4881.0,41.0,1,2.0,25.0,2,1,3.0,2.0,0,5.0,1,2.0,0.0,1.0,1.0,2.0,1,21065.0
4837.0,35.0,1,3.0,16.0,3,1,3.0,4.0,3,3.0,1,6.0,0.0,3.0,1.0,2.0,3,23168.0
3798.0,57.0,1,1.0,31.0,2,1,4.0,4.0,0,3.0,2,3.0,0.0,3.0,0.0,1.0,1,21265.0
1134.0,35.0,1,1.0,13.0,2,1,3.0,4.0,0,3.0,1,2.0,0.0,3.0,1.0,0.0,1,17690.0
214.0,30.0,1,1.0,9.0,1,0,2.0,3.0,0,5.0,2,6.0,1.0,4.0,1.0,1.0,1,17657.0
3844.0,39.0,0,2.0,7.0,2,1,3.0,4.0,0,4.0,1,2.0,1.0,1.0,1.0,2.0,1,21669.0
41.0,27.0,1,1.0,8.0,2,0,2.0,3.0,0,5.0,1,2.0,0.0,3.0,0.0,1.0,1,17341.0
549.0,34.0,1,1.0,14.0,3,0,3.0,3.0,1,3.0,2,4.0,0.0,4.0,1.0,1.0,2,21142.0
4173.0,32.0,0,1.0,36.0,3,1,4.0,5.0,0,4.0,3,2.0,0.0,3.0,0.0,3.0,1,22157.0
529.0,38.0,1,1.0,6.0,2,0,2.0,2.0,1,3.0,3,1.0,0.0,2.0,1.0,1.0,2,22625.0
1585.0,37.0,1,3.0,9.0,2,1,2.0,3.0,3,3.0,3,3.0,0.0,3.0,0.0,1.0,3,22428.0
4791.0,47.0,1,1.0,9.0,1,1,3.0,4.0,1,3.0,1,4.0,0.0,1.0,0.0,1.0,2,26057.0
126.0,58.0,1,1.0,29.0,3,0,3.0,3.0,3,3.0,0,2.0,0.0,3.0,1.0,0.0,3,25312.0
193.0,43.0,0,1.0,13.0,3,1,2.0,2.0,0,3.0,1,5.0,0.0,4.0,0.0,1.0,1,17089.0
3095.0,48.0,1,3.0,9.0,3,0,3.0,4.0,1,3.0,0,2.0,1.0,2.0,1.0,1.0,2,23215.0
3509.0,56.0,1,1.0,11.0,2,1,2.0,4.0,1,3.0,0,2.0,1.0,4.0,0.0,1.0,2,22713.0
243.0,40.0,1,1.0,30.0,1,1,3.0,3.0,1,3.0,1,2.0,0.0,3.0,1.0,1.0,2,18319.0
1723.0,42.0,1,1.0,23.0,2,0,2.0,1.0,1,5.0,3,4.0,1.0,1.0,1.0,1.0,2,21545.0
1094.0,40.0,1,3.0,15.0,3,1,2.0,3.0,1,5.0,1,1.0,0.0,3.0,1.0,1.0,2,20473.0
4740.0,39.0,1,2.0,7.0,2,1,3.0,2.0,0,3.0,1,3.0,0.0,4.0,1.0,1.0,1,21522.0
2278.0,29.0,1,1.0,34.0,2,0,3.0,3.0,0,3.0,1,5.0,0.0,5.0,1.0,0.0,1,17514.0
4860.0,41.0,1,1.0,15.0,3,1,4.0,5.0,0,3.0,3,3.0,1.0,4.0,1.0,3.0,1,27772.0
367.0,50.0,1,1.0,16.0,1,1,3.0,4.0,3,3.0,3,7.0,0.0,5.0,0.0,2.0,3,25496.0
4052.0,26.0,1,3.0,35.0,2,1,3.0,5.0,1,3.0,1,4.0,0.0,4.0,1.0,2.0,2,27317.0
1692.0,37.0,0,1.0,17.0,2,1,2.0,3.0,3,3.0,1,2.0,1.0,3.0,1.0,1.0,3,27185.0
3136.0,33.0,1,1.0,10.0,3,0,4.0,4.0,1,5.0,0,3.0,0.0,2.0,1.0,2.0,2,25403.0
2172.0,30.0,1,3.0,14.0,2,1,3.0,3.0,3,3.0,1,6.0,0.0,3.0,1.0,0.0,3,22264.0
3593.0,28.0,1,1.0,26.0,2,1,4.0,5.0,0,5.0,1,3.0,0.0,1.0,0.0,1.0,1,22744.0
2421.0,41.0,0,3.0,15.0,2,1,2.0,5.0,4,3.0,1,1.0,0.0,5.0,1.0,1.0,0,21151.0
966.0,58.0,1,1.0,13.0,3,0,2.0,4.0,3,5.0,0,1.0,1.0,4.0,1.0,0.0,3,25008.0
4545.0,45.0,1,1.0,15.0,2,1,4.0,2.0,0,3.0,1,4.0,1.0,3.0,1.0,1.0,1,21496.0
657.0,29.0,1,1.0,13.0,3,0,3.0,4.0,0,3.0,1,7.0,0.0,5.0,1.0,0.0,1,17532.0
3011.0,35.0,1,3.0,9.0,2,1,3.0,4.0,1,3.0,3,3.0,0.0,5.0,0.0,1.0,2,24952.0
3168.0,25.0,1,1.0,24.0,3,0,3.0,5.0,1,3.0,1,3.0,0.0,3.0,1.0,2.0,2,23055.0
4126.0,28.0,0,3.0,27.0,2,0,3.0,4.0,1,3.0,2,3.0,0.0,1.0,1.0,2.0,2,28659.0
2003.0,40.0,0,3.0,11.0,2,1,2.0,4.0,3,5.0,1,6.0,1.0,5.0,0.0,0.0,3,25475.0
1851.0,30.0,1,3.0,8.0,1,1,3.0,3.0,0,4.0,1,2.0,0.0,3.0,1.0,0.0,1,17476.0
2173.0,38.0,0,3.0,16.0,1,0,2.0,3.0,1,3.0,2,2.0,1.0,3.0,1.0,0.0,2,20666.0
4250.0,30.0,1,1.0,15.0,2,1,4.0,6.0,0,5.0,1,3.0,1.0,3.0,0.0,2.0,1,20797.0
2493.0,36.0,1,1.0,15.0,2,1,3.0,3.0,0,3.0,0,3.0,0.0,5.0,1.0,2.0,1,20947.0
1701.0,42.0,1,1.0,10.0,1,1,2.0,3.0,2,3.0,1,2.0,0.0,1.0,0.0,0.0,4,34232.0
2502.0,32.0,1,1.0,14.0,2,1,3.0,4.0,1,3.0,1,5.0,0.0,3.0,1.0,1.0,2,24593.0
1710.0,39.0,1,1.0,6.0,3,0,3.0,3.0,0,3.0,1,1.0,0.0,3.0,1.0,0.0,1,17232.0
2500.0,36.0,0,3.0,25.0,2,1,4.0,4.0,3,5.0,0,3.0,0.0,4.0,1.0,1.0,3,27747.0
3058.0,27.0,0,1.0,12.0,3,0,3.0,5.0,0,3.0,0,3.0,1.0,2.0,0.0,2.0,1,21044.0
2358.0,35.0,0,3.0,14.0,3,0,3.0,4.0,3,3.0,1,5.0,1.0,5.0,1.0,2.0,3,25377.0
3394.0,32.0,0,3.0,9.0,2,0,3.0,4.0,3,3.0,1,3.0,1.0,1.0,1.0,1.0,3,28530.0
2625.0,35.0,1,1.0,34.0,3,0,4.0,4.0,0,4.0,2,4.0,0.0,3.0,1.0,1.0,1,20989.0
4535.0,37.0,1,3.0,7.0,2,1,3.0,4.0,1,3.0,1,3.0,1.0,3.0,1.0,2.0,2,24879.0
4140.0,38.0,0,3.0,11.0,3,1,3.0,4.0,0,3.0,1,6.0,0.0,4.0,1.0,1.0,1,21471.0
2364.0,54.0,1,1.0,9.0,2,1,2.0,3.0,4,3.0,1,4.0,0.0,5.0,0.0,0.0,0,32779.0
2903.0,42.0,0,1.0,9.0,2,0,4.0,5.0,1,3.0,3,4.0,1.0,2.0,0.0,1.0,2,25489.0
3705.0,39.0,1,1.0,25.0,3,1,3.0,6.0,1,3.0,1,5.0,1.0,5.0,0.0,2.0,2,24489.0
3827.0,37.0,0,1.0,16.0,2,1,4.0,2.0,0,4.0,1,3.0,0.0,5.0,1.0,1.0,1,21488.0
933.0,28.0,1,1.0,6.0,1,1,2.0,3.0,0,5.0,2,3.0,0.0,4.0,0.0,0.0,1,17080.0
414.0,24.0,1,3.0,6.0,1,0,3.0,3.0,0,4.0,2,2.0,1.0,4.0,1.0,2.0,1,18202.0
1671.0,49.0,0,1.0,24.0,2,1,3.0,3.0,1,3.0,1,2.0,1.0,1.0,0.0,0.0,2,21804.0
4767.0,20.0,1,1.0,16.0,2,1,3.0,4.0,0,5.0,2,3.0,0.0,3.0,0.0,2.0,1,21230.0
4106.0,36.0,1,1.0,30.0,2,1,3.0,5.0,1,3.0,1,5.0,1.0,4.0,1.0,1.0,2,24594.0
3886.0,30.0,1,1.0,7.0,3,1,3.0,4.0,0,3.0,1,2.0,1.0,3.0,1.0,1.0,1,23465.0
3217.0,37.0,1,1.0,19.0,3,0,3.0,5.0,3,3.0,3,2.0,0.0,2.0,1.0,1.0,3,27536.0
27.0,42.0,1,3.0,14.0,3,1,2.0,3.0,1,4.0,0,1.0,0.0,3.0,0.0,1.0,2,21825.0
2028.0,32.0,0,1.0,30.0,2,1,3.0,3.0,1,3.0,1,2.0,0.0,4.0,1.0,2.0,2,20309.0
142.0,38.0,1,1.0,9.0,1,0,2.0,3.0,1,3.0,2,4.0,1.0,5.0,0.0,0.0,2,1000.0
4222.0,59.0,0,1.0,7.0,2,1,3.0,6.0,1,3.0,1,4.0,1.0,1.0,1.0,2.0,2,24338.0
2565.0,34.0,0,3.0,29.0,3,1,4.0,4.0,1,4.0,0,2.0,0.0,2.0,0.0,2.0,2,24824.0
1119.0,38.0,1,3.0,20.0,2,1,3.0,3.0,1,4.0,1,1.0,0.0,5.0,1.0,2.0,2,24924.0
4144.0,53.0,1,1.0,9.0,2,0,3.0,5.0,0,3.0,3,2.0,0.0,3.0,1.0,1.0,1,21890.0
445.0,55.0,1,3.0,24.0,2,0,2.0,3.0,4,4.0,2,4.0,0.0,2.0,0.0,1.0,0,31835.0
4195.0,43.0,1,3.0,7.0,2,1,2.0,4.0,1,3.0,1,3.0,0.0,3.0,1.0,1.0,2,23585.0
4438.0,35.0,1,1.0,16.0,3,0,3.0,5.0,3,4.0,3,3.0,0.0,1.0,1.0,1.0,3,27299.0
2718.0,22.0,1,1.0,10.0,3,1,4.0,5.0,0,3.0,3,3.0,0.0,5.0,1.0,2.0,1,21908.0
1461.0,50.0,1,3.0,34.0,3,1,2.0,4.0,3,5.0,1,5.0,1.0,5.0,0.0,0.0,3,25854.0
4113.0,39.0,1,1.0,36.0,1,1,3.0,4.0,1,3.0,1,5.0,0.0,1.0,0.0,1.0,2,24939.0
603.0,45.0,1,1.0,8.0,2,0,3.0,4.0,0,3.0,2,2.0,0.0,3.0,1.0,1.0,1,17274.0
3692.0,28.0,1,1.0,15.0,3,0,4.0,4.0,0,3.0,3,3.0,0.0,4.0,1.0,3.0,1,22123.0
4255.0,39.0,1,1.0,22.0,2,1,4.0,5.0,3,3.0,1,2.0,1.0,5.0,1.0,3.0,3,30188.0
1241.0,32.0,1,3.0,25.0,2,1,3.0,5.0,3,3.0,1,4.0,0.0,3.0,1.0,2.0,3,24610.0
840.0,35.0,1,1.0,6.0,3,1,2.0,4.0,0,3.0,0,7.0,0.0,2.0,1.0,1.0,1,17258.0
4760.0,36.0,1,1.0,9.0,2,1,3.0,5.0,3,4.0,1,4.0,0.0,4.0,1.0,1.0,3,28952.0
2298.0,18.0,0,1.0,14.0,3,1,3.0,3.0,0,3.0,2,2.0,0.0,5.0,1.0,0.0,1,16904.0
2032.0,33.0,1,1.0,6.0,2,1,3.0,3.0,0,3.0,2,2.0,1.0,3.0,1.0,0.0,1,17686.0
1165.0,44.0,0,2.0,6.0,2,1,2.0,3.0,1,3.0,1,5.0,1.0,5.0,1.0,1.0,2,20743.0
3992.0,38.0,1,1.0,14.0,3,1,2.0,4.0,3,3.0,2,6.0,0.0,1.0,0.0,1.0,3,32342.0
2372.0,27.0,1,3.0,8.0,3,0,3.0,5.0,2,4.0,2,3.0,1.0,5.0,1.0,1.0,4,17517.0
4309.0,44.0,0,1.0,28.0,3,1,4.0,4.0,0,3.0,1,2.0,0.0,4.0,1.0,3.0,1,20936.0
330.0,43.0,0,1.0,16.0,2,0,2.0,4.0,1,3.0,1,2.0,0.0,3.0,0.0,0.0,2,20257.0
560.0,34.0,1,1.0,14.0,2,0,2.0,3.0,1,5.0,1,4.0,0.0,5.0,1.0,0.0,2,20121.0
3677.0,31.0,1,1.0,23.0,2,1,3.0,4.0,0,3.0,1,3.0,0.0,1.0,0.0,1.0,1,21540.0
816.0,39.0,0,1.0,15.0,2,1,3.0,3.0,1,4.0,3,21.0,0.0,2.0,1.0,0.0,2,21782.0
301.0,18.0,1,3.0,16.0,3,0,3.0,4.0,0,3.0,2,2.0,0.0,2.0,1.0,2.0,1,16200.0
4467.0,41.0,1,1.0,9.0,3,0,3.0,5.0,0,3.0,2,2.0,1.0,3.0,0.0,1.0,1,21020.0
806.0,52.0,1,1.0,13.0,2,1,2.0,3.0,3,4.0,3,1.0,0.0,3.0,1.0,1.0,3,25445.0
1243.0,45.0,1,2.0,10.0,2,0,2.0,5.0,3,3.0,1,5.0,0.0,1.0,1.0,1.0,3,24756.0
245.0,31.0,0,1.0,9.0,3,1,3.0,3.0,3,3.0,1,1.0,0.0,4.0,1.0,2.0,3,28675.0
3258.0,41.0,1,1.0,21.0,3,1,3.0,5.0,2,3.0,2,3.0,0.0,3.0,1.0,2.0,4,38304.0
1707.0,52.0,0,3.0,8.0,2,1,3.0,4.0,2,3.0,2,2.0,1.0,1.0,1.0,0.0,4,34068.0
1509.0,33.0,0,3.0,6.0,2,0,2.0,1.0,1,5.0,1,3.0,0.0,3.0,0.0,1.0,2,20376.0
4256.0,32.0,1,1.0,14.0,3,0,3.0,4.0,3,3.0,3,3.0,1.0,4.0,1.0,2.0,3,25821.0
935.0,32.0,1,3.0,14.0,3,1,2.0,1.0,1,3.0,0,2.0,0.0,5.0,0.0,0.0,2,21209.0
1568.0,58.0,1,3.0,16.0,3,1,2.0,3.0,4,3.0,2,1.0,0.0,3.0,0.0,1.0,0,28872.0
901.0,48.0,1,1.0,8.0,1,1,3.0,1.0,0,4.0,2,6.0,0.0,2.0,0.0,2.0,1,17559.0
2362.0,19.0,0,1.0,16.0,3,0,3.0,4.0,0,4.0,2,2.0,1.0,5.0,0.0,2.0,1,16859.0
2892.0,41.0,1,1.0,13.0,2,0,4.0,4.0,4,3.0,2,2.0,0.0,5.0,1.0,3.0,0,31915.0
4168.0,30.0,1,3.0,27.0,3,1,3.0,4.0,1,3.0,1,4.0,0.0,1.0,1.0,1.0,2,25609.0
4640.0,32.0,0,1.0,7.0,2,0,4.0,4.0,1,5.0,1,3.0,0.0,5.0,1.0,1.0,2,22826.0
2685.0,33.0,0,3.0,33.0,3,1,4.0,4.0,1,3.0,0,2.0,0.0,4.0,1.0,3.0,2,23143.0
2291.0,49.0,1,3.0,14.0,1,1,2.0,4.0,4,4.0,1,7.0,0.0,4.0,1.0,1.0,0,28120.0
2928.0,32.0,1,3.0,13.0,3,1,4.0,3.0,1,3.0,1,6.0,0.0,5.0,1.0,3.0,2,24138.0
800.0,28.0,0,1.0,6.0,3,1,2.0,4.0,0,4.0,1,2.0,0.0,4.0,0.0,0.0,1,17596.0
1705.0,43.0,1,3.0,22.0,3,0,3.0,3.0,4,3.0,1,6.0,1.0,3.0,0.0,0.0,0,31064.0
4733.0,29.0,1,1.0,9.0,2,1,4.0,5.0,0,4.0,1,2.0,0.0,1.0,0.0,3.0,1,21879.0
5.0,32.0,0,1.0,8.0,2,1,3.0,3.0,0,3.0,2,1.0,0.0,5.0,1.0,1.0,1,18068.0
66.0,36.0,0,1.0,17.0,2,1,3.0,4.0,1,4.0,3,2.0,0.0,4.0,1.0,1.0,2,21499.0
3612.0,25.0,0,1.0,9.0,1,0,3.0,4.0,0,3.0,3,3.0,1.0,3.0,1.0,2.0,1,22438.0
760.0,53.0,0,3.0,8.0,3,0,2.0,4.0,3,4.0,0,3.0,0.0,2.0,0.0,1.0,3,22525.0
559.0,38.0,1,1.0,8.0,3,1,3.0,3.0,0,3.0,0,7.0,1.0,4.0,0.0,0.0,1,18057.0
4119.0,30.0,1,3.0,34.0,3,0,3.0,4.0,3,3.0,1,3.0,0.0,3.0,0.0,1.0,3,26317.0
2877.0,47.0,1,3.0,17.0,3,0,4.0,5.0,3,3.0,0,4.0,1.0,2.0,1.0,2.0,3,27749.0
113.0,24.0,1,1.0,24.0,2,1,2.0,3.0,0,3.0,0,1.0,0.0,4.0,1.0,0.0,1,17774.0
1889.0,30.0,0,1.0,9.0,2,1,2.0,3.0,0,3.0,1,5.0,0.0,3.0,1.0,0.0,1,17097.0
4565.0,48.0,1,3.0,9.0,3,0,3.0,4.0,1,3.0,1,2.0,1.0,1.0,1.0,2.0,2,23215.0
914.0,55.0,0,1.0,14.0,3,1,2.0,4.0,4,4.0,1,2.0,1.0,3.0,1.0,1.0,0,28577.0
3679.0,47.0,1,3.0,9.0,2,1,4.0,4.0,3,3.0,1,6.0,1.0,3.0,0.0,3.0,3,29046.0
2103.0,36.0,1,2.0,14.0,2,1,3.0,4.0,0,5.0,1,1.0,0.0,1.0,0.0,1.0,1,17342.0
2119.0,53.0,1,1.0,29.0,2,0,3.0,3.0,4,3.0,2,7.0,0.0,5.0,1.0,1.0,0,29275.0
3444.0,53.0,1,1.0,15.0,2,0,3.0,4.0,0,5.0,0,2.0,0.0,1.0,1.0,2.0,1,21628.0
4277.0,34.0,1,3.0,12.0,3,0,3.0,4.0,0,3.0,3,3.0,1.0,1.0,0.0,2.0,1,21529.0
3270.0,39.0,1,2.0,7.0,2,1,3.0,2.0,0,3.0,0,3.0,0.0,4.0,1.0,1.0,1,21522.0
1565.0,54.0,1,1.0,8.0,1,0,2.0,3.0,3,3.0,1,1.0,0.0,4.0,0.0,0.0,3,28549.0
3469.0,25.0,1,3.0,11.0,3,0,3.0,4.0,1,3.0,0,3.0,1.0,5.0,1.0,1.0,2,22840.0
2663.0,55.0,1,3.0,10.0,3,0,3.0,4.0,1,5.0,0,4.0,0.0,4.0,1.0,2.0,2,24618.0
714.0,50.0,1,1.0,6.0,3,1,3.0,3.0,4,3.0,1,1.0,0.0,5.0,0.0,2.0,0,32399.0
2496.0,45.0,1,3.0,7.0,3,0,4.0,4.0,1,5.0,1,7.0,1.0,2.0,0.0,1.0,2,24132.0
963.0,38.0,1,3.0,8.0,2,0,2.0,3.0,1,5.0,1,4.0,0.0,4.0,0.0,1.0,2,21893.0
4571.0,30.0,1,1.0,14.0,3,0,4.0,5.0,0,3.0,1,8.0,0.0,5.0,1.0,2.0,1,21210.0
426.0,30.0,0,1.0,8.0,3,0,2.0,3.0,0,3.0,2,1.0,0.0,4.0,1.0,0.0,1,17564.0
1270.0,34.0,1,3.0,9.0,2,0,2.0,5.0,1,3.0,2,6.0,0.0,1.0,1.0,0.0,2,21029.0
1038.0,48.0,1,3.0,13.0,3,1,3.0,3.0,1,5.0,1,5.0,0.0,4.0,1.0,1.0,2,20486.0
2304.0,34.0,1,3.0,15.0,2,0,3.0,3.0,1,3.0,1,2.0,0.0,1.0,0.0,0.0,2,20714.0
89.0,46.0,1,3.0,15.0,3,1,3.0,4.0,3,3.0,3,2.0,0.0,5.0,0.0,1.0,3,24619.0
1321.0,47.0,1,1.0,15.0,2,0,3.0,3.0,0,3.0,2,5.0,0.0,3.0,1.0,0.0,1,17105.0
1075.0,32.0,1,1.0,16.0,3,1,1.0,3.0,3,3.0,3,3.0,0.0,1.0,0.0,0.0,3,26244.0
3613.0,28.0,1,1.0,15.0,3,0,3.0,2.0,0,3.0,1,2.0,0.0,4.0,0.0,1.0,1,22195.0
2741.0,36.0,1,3.0,23.0,3,1,4.0,4.0,3,4.0,0,2.0,0.0,2.0,1.0,3.0,3,26698.0
2287.0,36.0,0,1.0,24.0,2,1,3.0,3.0,1,3.0,3,3.0,0.0,3.0,0.0,1.0,2,22779.0
2338.0,28.0,1,1.0,25.0,3,1,3.0,4.0,0,5.0,1,2.0,0.0,3.0,1.0,1.0,1,18196.0
3578.0,36.0,1,1.0,14.0,2,1,4.0,5.0,0,3.0,1,3.0,0.0,3.0,1.0,1.0,1,21368.0
1300.0,34.0,1,3.0,14.0,1,1,3.0,1.0,1,3.0,1,2.0,0.0,1.0,0.0,2.0,2,21799.0
4291.0,37.0,1,1.0,9.0,2,0,4.0,4.0,0,3.0,1,6.0,0.0,5.0,1.0,1.0,1,21221.0
4683.0,27.0,0,1.0,7.0,3,0,4.0,5.0,0,3.0,1,3.0,0.0,1.0,0.0,1.0,1,20685.0
817.0,36.0,0,1.0,24.0,2,1,3.0,3.0,1,3.0,3,3.0,0.0,3.0,1.0,0.0,2,22779.0
2969.0,25.0,1,3.0,10.0,2,0,4.0,4.0,1,3.0,3,2.0,0.0,2.0,1.0,1.0,2,23255.0
3502.0,35.0,1,3.0,31.0,3,0,3.0,5.0,1,4.0,3,2.0,1.0,5.0,1.0,1.0,2,23277.0
4448.0,54.0,1,1.0,14.0,2,1,3.0,2.0,4,3.0,1,5.0,0.0,1.0,0.0,2.0,0,33492.0
52.0,44.0,1,3.0,6.0,3,0,3.0,3.0,1,5.0,1,6.0,1.0,2.0,0.0,0.0,2,20454.0
890.0,54.0,0,1.0,6.0,2,0,2.0,3.0,3,3.0,1,1.0,0.0,5.0,1.0,1.0,3,25502.0
2241.0,54.0,1,3.0,8.0,2,0,2.0,4.0,3,3.0,1,7.0,0.0,5.0,1.0,1.0,3,25686.0
4862.0,31.0,1,1.0,9.0,2,1,4.0,4.0,0,4.0,2,3.0,0.0,3.0,0.0,1.0,1,30594.0
1256.0,38.0,0,1.0,8.0,3,0,3.0,4.0,0,4.0,1,5.0,0.0,3.0,0.0,0.0,1,17468.0
769.0,26.0,0,1.0,6.0,3,0,3.0,4.0,0,3.0,1,2.0,0.0,2.0,1.0,0.0,1,17007.0
1557.0,51.0,1,1.0,15.0,2,1,3.0,3.0,0,3.0,1,4.0,0.0,3.0,1.0,0.0,1,17075.0
4483.0,37.0,0,3.0,15.0,2,1,4.0,5.0,3,5.0,3,3.0,0.0,1.0,0.0,1.0,3,26265.0
4315.0,57.0,0,3.0,13.0,2,0,3.0,2.0,4,5.0,1,2.0,0.0,3.0,1.0,1.0,0,31890.0
1455.0,40.0,1,1.0,8.0,2,1,2.0,4.0,0,3.0,2,3.0,0.0,5.0,0.0,1.0,1,17809.0
2122.0,37.0,0,3.0,25.0,3,1,2.0,3.0,3,4.0,3,2.0,1.0,5.0,0.0,0.0,3,22642.0
1183.0,36.0,1,1.0,9.0,2,1,3.0,1.0,1,5.0,1,7.0,0.0,1.0,1.0,2.0,2,21842.0
2586.0,39.0,1,1.0,10.0,1,0,3.0,4.0,1,3.0,2,5.0,1.0,5.0,0.0,1.0,2,4678.0
2233.0,34.0,1,3.0,16.0,2,0,2.0,3.0,0,3.0,1,2.0,1.0,1.0,0.0,1.0,1,17220.0
4643.0,36.0,1,1.0,32.0,3,0,3.0,4.0,3,3.0,1,3.0,1.0,3.0,0.0,2.0,3,29066.0
432.0,34.0,1,1.0,8.0,2,1,3.0,4.0,0,3.0,1,4.0,0.0,5.0,1.0,0.0,1,17768.0
1472.0,37.0,1,1.0,8.0,2,1,3.0,4.0,0,3.0,2,7.0,1.0,3.0,0.0,2.0,1,17090.0
3340.0,32.0,1,1.0,31.0,3,0,4.0,5.0,1,5.0,3,3.0,0.0,5.0,0.0,3.0,2,25490.0
3125.0,39.0,1,1.0,7.0,1,0,4.0,4.0,3,5.0,0,3.0,0.0,4.0,1.0,3.0,3,32260.0
4300.0,38.0,1,1.0,21.0,2,0,4.0,4.0,0,5.0,1,3.0,0.0,4.0,1.0,2.0,1,21712.0
1638.0,38.0,1,3.0,6.0,2,0,2.0,4.0,1,3.0,3,5.0,0.0,1.0,0.0,1.0,2,23686.0
2059.0,29.0,1,1.0,6.0,2,0,2.0,4.0,0,5.0,1,2.0,1.0,1.0,0.0,0.0,1,17319.0
4824.0,24.0,0,3.0,8.0,2,0,3.0,4.0,0,4.0,2,3.0,1.0,5.0,1.0,2.0,1,19901.0
3353.0,20.0,1,1.0,32.0,2,0,3.0,2.0,0,3.0,3,3.0,1.0,5.0,1.0,1.0,1,21672.0
1097.0,24.0,1,1.0,27.0,1,1,2.0,4.0,0,5.0,1,1.0,0.0,3.0,0.0,0.0,1,17296.0
763.0,34.0,1,3.0,16.0,2,0,2.0,3.0,0,3.0,0,2.0,1.0,2.0,0.0,1.0,1,17220.0
4354.0,35.0,0,2.0,30.0,2,0,3.0,4.0,3,5.0,1,2.0,1.0,3.0,1.0,1.0,3,28628.0
3253.0,29.0,1,1.0,10.0,3,0,4.0,4.0,3,4.0,1,2.0,0.0,4.0,0.0,1.0,3,26333.0
3301.0,45.0,1,1.0,17.0,2,1,4.0,4.0,0,3.0,3,3.0,1.0,3.0,1.0,3.0,1,21614.0
3108.0,37.0,1,1.0,21.0,2,1,4.0,4.0,1,3.0,0,2.0,1.0,5.0,1.0,3.0,2,25264.0
2485.0,28.0,1,1.0,9.0,2,0,3.0,4.0,0,5.0,1,3.0,0.0,3.0,0.0,2.0,1,21019.0
2128.0,44.0,1,1.0,15.0,2,1,3.0,3.0,0,5.0,1,2.0,1.0,3.0,1.0,0.0,1,17559.0
3689.0,25.0,0,2.0,17.0,3,1,3.0,4.0,0,3.0,1,2.0,0.0,4.0,1.0,2.0,1,20823.0
4014.0,38.0,1,2.0,13.0,2,1,4.0,4.0,0,5.0,1,6.0,1.0,1.0,0.0,3.0,1,20751.0
154.0,32.0,0,3.0,14.0,3,0,2.0,3.0,3,3.0,3,2.0,0.0,4.0,1.0,1.0,3,23998.0
2112.0,38.0,1,3.0,15.0,3,1,3.0,4.0,0,4.0,1,1.0,0.0,4.0,0.0,2.0,1,17899.0
2697.0,43.0,1,1.0,24.0,2,0,3.0,3.0,1,5.0,3,5.0,1.0,2.0,0.0,1.0,2,25223.0
3321.0,47.0,1,1.0,9.0,1,1,3.0,4.0,1,3.0,1,4.0,0.0,2.0,1.0,1.0,2,26057.0
2812.0,41.0,1,3.0,29.0,3,1,4.0,5.0,1,3.0,0,4.0,1.0,3.0,1.0,2.0,2,25058.0
2990.0,30.0,1,3.0,17.0,2,1,3.0,4.0,0,3.0,3,3.0,0.0,4.0,0.0,1.0,1,21320.0
592.0,47.0,1,1.0,8.0,2,0,2.0,3.0,4,3.0,0,2.0,1.0,4.0,1.0,0.0,0,31752.0
1172.0,29.0,1,3.0,16.0,3,1,2.0,4.0,1,3.0,2,1.0,0.0,4.0,1.0,0.0,2,20869.0
4490.0,28.0,0,3.0,15.0,3,1,3.0,4.0,1,3.0,1,2.0,0.0,3.0,1.0,2.0,2,23020.0
4338.0,58.0,1,3.0,36.0,3,1,3.0,5.0,4,3.0,1,5.0,0.0,3.0,1.0,1.0,0,32796.0
704.0,35.0,1,3.0,9.0,2,1,3.0,3.0,3,3.0,1,7.0,0.0,5.0,0.0,1.0,3,22823.0
4503.0,30.0,1,1.0,7.0,2,0,3.0,5.0,0,5.0,1,3.0,1.0,1.0,0.0,1.0,1,20997.0
3216.0,57.0,0,1.0,16.0,3,0,4.0,4.0,0,3.0,0,4.0,0.0,2.0,0.0,1.0,1,21620.0
2822.0,35.0,0,3.0,26.0,3,1,4.0,3.0,1,3.0,3,2.0,1.0,2.0,1.0,3.0,2,23982.0
4088.0,46.0,1,3.0,11.0,2,0,2.0,4.0,1,5.0,1,6.0,1.0,4.0,0.0,1.0,2,23684.0
4690.0,21.0,0,3.0,16.0,3,0,3.0,4.0,0,3.0,2,3.0,1.0,4.0,1.0,1.0,1,21001.0
861.0,46.0,1,3.0,8.0,3,0,3.0,3.0,4,5.0,0,1.0,0.0,2.0,1.0,0.0,0,32048.0
3723.0,45.0,0,1.0,7.0,3,1,3.0,4.0,0,4.0,1,3.0,1.0,3.0,1.0,2.0,1,21020.0
1902.0,34.0,1,1.0,8.0,2,1,3.0,4.0,0,3.0,1,4.0,0.0,5.0,1.0,2.0,1,17768.0
6.0,59.0,1,1.0,9.0,3,0,2.0,2.0,0,5.0,0,5.0,1.0,2.0,1.0,1.0,1,17670.0
3003.0,39.0,1,1.0,9.0,3,1,4.0,4.0,0,3.0,0,8.0,1.0,4.0,0.0,1.0,1,21735.0
3073.0,29.0,1,2.0,15.0,3,1,4.0,5.0,0,3.0,1,3.0,0.0,2.0,0.0,2.0,1,23614.0
1240.0,39.0,0,1.0,6.0,2,1,3.0,3.0,1,3.0,1,2.0,1.0,5.0,1.0,2.0,2,21472.0
3337.0,30.0,1,1.0,7.0,2,0,4.0,4.0,0,3.0,1,3.0,0.0,2.0,0.0,3.0,1,22438.0
3241.0,27.0,1,1.0,28.0,3,1,3.0,4.0,0,3.0,1,3.0,0.0,5.0,1.0,2.0,1,21055.0
2573.0,50.0,1,1.0,27.0,3,0,4.0,4.0,1,5.0,0,3.0,0.0,2.0,1.0,3.0,2,25245.0
701.0,53.0,1,3.0,8.0,3,1,2.0,3.0,4,3.0,1,7.0,0.0,3.0,1.0,0.0,0,29852.0
2748.0,40.0,1,1.0,7.0,3,1,3.0,3.0,3,3.0,1,2.0,0.0,3.0,1.0,1.0,3,28291.0
3297.0,20.0,1,1.0,16.0,2,1,3.0,4.0,0,5.0,2,3.0,0.0,3.0,0.0,1.0,1,21230.0
492.0,48.0,1,1.0,6.0,2,0,2.0,4.0,4,5.0,0,1.0,0.0,4.0,0.0,1.0,0,30402.0
1581.0,34.0,0,1.0,13.0,2,1,3.0,5.0,1,3.0,2,2.0,1.0,5.0,1.0,0.0,2,21074.0
3359.0,22.0,0,1.0,17.0,2,0,3.0,5.0,0,3.0,3,3.0,0.0,4.0,1.0,1.0,1,21303.0
2997.0,41.0,1,1.0,9.0,3,0,3.0,5.0,0,3.0,2,2.0,1.0,3.0,1.0,2.0,1,21020.0
421.0,29.0,1,1.0,31.0,1,0,3.0,4.0,0,4.0,0,6.0,0.0,3.0,0.0,2.0,1,17546.0
524.0,34.0,1,1.0,15.0,3,0,2.0,4.0,3,4.0,3,2.0,0.0,2.0,1.0,1.0,3,23621.0
4218.0,40.0,1,1.0,7.0,3,1,3.0,2.0,3,3.0,1,2.0,0.0,3.0,1.0,1.0,3,28291.0
2507.0,60.0,1,3.0,32.0,2,0,3.0,4.0,3,5.0,3,2.0,0.0,3.0,1.0,1.0,3,26315.0
1105.0,33.0,1,3.0,14.0,2,1,2.0,3.0,1,5.0,1,3.0,0.0,5.0,1.0,0.0,2,21392.0
595.0,58.0,1,1.0,8.0,2,1,2.0,3.0,2,4.0,2,1.0,1.0,3.0,1.0,1.0,4,34246.0
1417.0,31.0,1,3.0,8.0,2,1,2.0,3.0,0,3.0,1,1.0,0.0,4.0,1.0,0.0,1,18067.0
4044.0,44.0,0,1.0,35.0,3,0,4.0,2.0,0,3.0,3,6.0,0.0,3.0,0.0,3.0,1,23417.0
4764.0,33.0,0,3.0,9.0,2,0,4.0,4.0,0,5.0,1,3.0,0.0,3.0,1.0,1.0,1,21505.0
2447.0,34.0,0,1.0,10.0,2,0,3.0,4.0,0,3.0,0,3.0,1.0,5.0,1.0,2.0,1,21587.0
2995.0,40.0,1,2.0,10.0,2,0,3.0,3.0,1,4.0,0,2.0,0.0,2.0,1.0,1.0,2,25067.0
1488.0,53.0,1,3.0,8.0,2,0,3.0,4.0,4,3.0,1,3.0,0.0,3.0,0.0,0.0,0,30427.0
1821.0,32.0,1,1.0,8.0,3,0,3.0,3.0,0,4.0,1,2.0,0.0,4.0,0.0,1.0,1,17370.0
3404.0,42.0,0,3.0,7.0,3,0,4.0,4.0,1,5.0,1,2.0,0.0,3.0,0.0,2.0,2,22781.0
508.0,35.0,1,1.0,12.0,2,1,2.0,5.0,1,3.0,3,2.0,0.0,5.0,1.0,0.0,2,21646.0
162.0,28.0,1,1.0,27.0,3,1,2.0,3.0,0,3.0,0,2.0,0.0,2.0,0.0,0.0,1,17713.0
2871.0,61.0,0,3.0,35.0,3,0,4.0,5.0,3,5.0,0,6.0,0.0,2.0,1.0,1.0,3,28944.0
1273.0,22.0,1,1.0,14.0,3,0,3.0,3.0,0,5.0,1,2.0,1.0,3.0,0.0,1.0,1,17398.0
516.0,23.0,1,1.0,10.0,3,1,2.0,2.0,0,5.0,0,3.0,0.0,4.0,0.0,1.0,1,17819.0
4137.0,39.0,1,3.0,10.0,2,1,4.0,4.0,3,3.0,1,2.0,0.0,1.0,1.0,2.0,3,29287.0
1282.0,33.0,1,1.0,14.0,2,1,2.0,1.0,0,5.0,1,7.0,0.0,3.0,1.0,1.0,1,18143.0
1288.0,35.0,0,1.0,8.0,3,1,2.0,3.0,1,3.0,1,3.0,0.0,3.0,0.0,1.0,2,20762.0
3250.0,53.0,1,1.0,14.0,2,1,3.0,4.0,3,4.0,2,2.0,0.0,3.0,1.0,2.0,3,29123.0
1786.0,49.0,1,1.0,6.0,1,0,2.0,4.0,4,3.0,2,1.0,1.0,3.0,0.0,0.0,0,28964.0
2079.0,43.0,1,1.0,20.0,2,1,3.0,3.0,4,5.0,1,7.0,0.0,5.0,1.0,1.0,0,32159.0
4424.0,55.0,1,2.0,26.0,3,1,3.0,4.0,3,4.0,1,4.0,0.0,3.0,1.0,2.0,3,29403.0
4647.0,27.0,1,1.0,9.0,3,1,3.0,2.0,1,3.0,1,3.0,0.0,3.0,1.0,2.0,2,24150.0
3930.0,33.0,1,1.0,12.0,2,1,4.0,2.0,0,4.0,1,2.0,1.0,1.0,1.0,3.0,1,21976.0
590.0,33.0,1,1.0,13.0,3,1,2.0,3.0,3,3.0,0,1.0,0.0,4.0,0.0,0.0,3,26691.0
3391.0,53.0,1,3.0,12.0,2,1,4.0,4.0,3,4.0,3,2.0,1.0,4.0,1.0,2.0,3,27124.0
4611.0,30.0,0,3.0,27.0,1,0,3.0,4.0,0,3.0,1,3.0,0.0,3.0,0.0,2.0,1,20835.0
2693.0,46.0,0,1.0,14.0,2,1,4.0,3.0,1,3.0,0,6.0,0.0,2.0,0.0,3.0,2,25112.0
1333.0,46.0,1,3.0,16.0,2,0,3.0,3.0,3,4.0,1,6.0,0.0,1.0,0.0,2.0,3,22314.0
4820.0,35.0,1,1.0,14.0,2,1,4.0,4.0,1,3.0,1,3.0,0.0,3.0,0.0,1.0,2,21263.0
1031.0,46.0,1,3.0,15.0,3,1,2.0,3.0,3,3.0,1,5.0,0.0,3.0,0.0,1.0,3,25096.0
1927.0,18.0,0,3.0,11.0,3,1,3.0,3.0,0,4.0,2,2.0,1.0,4.0,1.0,0.0,1,16878.0
1205.0,32.0,1,1.0,8.0,2,1,3.0,3.0,0,4.0,2,2.0,0.0,3.0,1.0,1.0,1,16393.0
856.0,20.0,1,1.0,9.0,2,1,2.0,4.0,0,3.0,2,2.0,0.0,3.0,0.0,1.0,1,18033.0
2007.0,27.0,0,1.0,16.0,2,1,2.0,3.0,3,5.0,1,2.0,0.0,3.0,0.0,1.0,3,23793.0
3657.0,24.0,1,3.0,14.0,2,1,3.0,4.0,0,3.0,1,3.0,1.0,1.0,1.0,1.0,1,20953.0
1855.0,30.0,0,1.0,10.0,1,1,2.0,3.0,0,3.0,2,1.0,1.0,4.0,1.0,0.0,1,17285.0
1140.0,44.0,1,1.0,13.0,3,0,2.0,3.0,2,3.0,1,1.0,1.0,4.0,1.0,1.0,4,34049.0
2254.0,38.0,1,1.0,23.0,2,0,3.0,4.0,3,3.0,1,1.0,0.0,1.0,1.0,2.0,3,23823.0
2176.0,40.0,0,3.0,30.0,2,0,3.0,1.0,4,4.0,3,5.0,1.0,3.0,1.0,0.0,0,28194.0
4297.0,23.0,1,1.0,18.0,3,0,3.0,4.0,0,4.0,1,3.0,0.0,1.0,1.0,2.0,1,20922.0
1367.0,27.0,1,1.0,8.0,1,1,2.0,3.0,0,4.0,1,2.0,0.0,4.0,1.0,1.0,1,17226.0
173.0,30.0,0,1.0,15.0,3,1,3.0,3.0,1,5.0,1,2.0,0.0,2.0,0.0,1.0,2,18072.0
357.0,21.0,0,3.0,6.0,1,0,2.0,4.0,0,4.0,2,2.0,1.0,5.0,1.0,1.0,1,17174.0
2686.0,42.0,1,1.0,26.0,2,1,3.0,4.0,1,5.0,1,4.0,0.0,2.0,1.0,1.0,2,21750.0
4135.0,34.0,1,1.0,11.0,3,0,3.0,5.0,0,4.0,1,8.0,0.0,4.0,0.0,2.0,1,21300.0
192.0,35.0,1,1.0,29.0,2,1,2.0,4.0,1,3.0,0,4.0,1.0,4.0,1.0,1.0,2,20916.0
694.0,33.0,1,1.0,6.0,2,0,2.0,4.0,1,3.0,3,1.0,0.0,4.0,0.0,0.0,2,21949.0
697.0,29.0,0,3.0,26.0,1,0,2.0,3.0,0,3.0,0,2.0,0.0,3.0,0.0,1.0,1,17157.0
2152.0,32.0,0,1.0,6.0,2,0,3.0,4.0,0,4.0,1,7.0,0.0,3.0,0.0,2.0,1,17332.0
3403.0,41.0,1,1.0,9.0,2,1,4.0,4.0,1,3.0,3,3.0,0.0,3.0,1.0,3.0,2,23339.0
353.0,37.0,1,1.0,12.0,3,1,2.0,2.0,1,5.0,1,5.0,1.0,3.0,1.0,1.0,2,20974.0
1478.0,38.0,0,1.0,29.0,2,1,2.0,4.0,3,3.0,3,1.0,0.0,3.0,1.0,0.0,3,24526.0
2825.0,31.0,1,3.0,9.0,1,1,4.0,4.0,0,4.0,0,3.0,0.0,3.0,1.0,3.0,1,21154.0
2110.0,24.0,0,1.0,10.0,2,1,2.0,4.0,0,3.0,1,1.0,0.0,3.0,0.0,1.0,1,18162.0
228.0,35.0,0,3.0,6.0,3,0,3.0,3.0,3,3.0,3,2.0,0.0,5.0,1.0,0.0,3,23789.0
2706.0,33.0,1,1.0,9.0,1,1,3.0,5.0,1,5.0,2,6.0,0.0,4.0,0.0,2.0,2,20854.0
1702.0,59.0,1,2.0,12.0,3,1,2.0,3.0,0,3.0,1,1.0,0.0,4.0,0.0,0.0,1,17267.0
3549.0,34.0,1,3.0,15.0,2,1,3.0,4.0,1,5.0,1,4.0,0.0,5.0,1.0,1.0,2,25070.0
3165.0,51.0,1,1.0,31.0,2,1,4.0,4.0,4,3.0,0,5.0,1.0,4.0,0.0,1.0,0,32651.0
573.0,26.0,1,3.0,14.0,1,1,2.0,4.0,1,5.0,2,7.0,0.0,3.0,1.0,1.0,2,20326.0
1781.0,45.0,0,1.0,13.0,2,1,3.0,3.0,3,5.0,1,2.0,0.0,1.0,1.0,0.0,3,20210.0
14.0,28.0,1,1.0,30.0,2,1,2.0,4.0,0,3.0,2,6.0,1.0,2.0,0.0,0.0,1,17028.0
4737.0,30.0,0,1.0,17.0,2,0,4.0,4.0,0,4.0,1,2.0,0.0,5.0,0.0,1.0,1,21969.0
2527.0,39.0,0,1.0,13.0,3,0,4.0,6.0,1,3.0,1,2.0,1.0,2.0,0.0,3.0,2,24007.0
868.0,28.0,1,1.0,25.0,3,1,3.0,4.0,0,5.0,0,2.0,0.0,3.0,1.0,2.0,1,18196.0
2379.0,19.0,1,3.0,11.0,2,1,3.0,3.0,3,4.0,2,1.0,1.0,4.0,1.0,0.0,3,17994.0
2782.0,31.0,1,3.0,12.0,3,0,2.0,5.0,1,3.0,1,3.0,0.0,2.0,0.0,1.0,2,24796.0
3007.0,26.0,1,3.0,33.0,3,0,3.0,4.0,1,3.0,3,3.0,0.0,4.0,0.0,1.0,2,24858.0
4476.0,34.0,1,1.0,7.0,2,1,4.0,4.0,0,3.0,3,3.0,1.0,3.0,1.0,1.0,1,21364.0
1794.0,30.0,1,1.0,34.0,3,0,3.0,3.0,1,3.0,1,2.0,0.0,3.0,1.0,2.0,2,20775.0
2597.0,46.0,1,1.0,16.0,2,1,3.0,4.0,1,4.0,1,2.0,0.0,4.0,1.0,1.0,2,21026.0
846.0,35.0,1,1.0,8.0,2,1,2.0,4.0,3,4.0,1,3.0,0.0,4.0,1.0,0.0,3,25274.0
3656.0,35.0,1,1.0,26.0,2,0,3.0,5.0,0,3.0,1,3.0,0.0,4.0,1.0,2.0,1,21607.0
4537.0,31.0,0,1.0,12.0,2,1,4.0,5.0,0,3.0,1,2.0,0.0,5.0,0.0,1.0,1,22439.0
3396.0,32.0,0,3.0,7.0,2,0,3.0,4.0,0,4.0,2,3.0,1.0,5.0,1.0,2.0,1,20980.0
738.0,39.0,1,1.0,6.0,2,0,3.0,4.0,4,3.0,0,2.0,0.0,3.0,0.0,1.0,0,27742.0
2521.0,46.0,1,1.0,13.0,2,1,3.0,4.0,3,5.0,0,6.0,1.0,3.0,0.0,1.0,3,31923.0
3213.0,27.0,0,1.0,7.0,3,0,4.0,5.0,0,3.0,1,3.0,0.0,2.0,1.0,1.0,1,20685.0
4887.0,36.0,1,1.0,14.0,2,1,4.0,4.0,0,4.0,3,3.0,1.0,3.0,1.0,2.0,1,24041.0
3714.0,35.0,1,3.0,10.0,2,0,3.0,6.0,1,3.0,3,7.0,0.0,1.0,1.0,1.0,2,24707.0
4589.0,32.0,1,3.0,14.0,2,1,3.0,5.0,0,3.0,1,5.0,0.0,4.0,1.0,2.0,1,21007.0
2213.0,59.0,1,1.0,8.0,2,0,3.0,4.0,4,3.0,2,4.0,1.0,5.0,1.0,0.0,0,28726.0
4074.0,23.0,1,1.0,26.0,3,1,4.0,4.0,0,3.0,1,3.0,0.0,1.0,1.0,1.0,1,21001.0
363.0,33.0,1,3.0,11.0,3,0,2.0,3.0,0,3.0,2,2.0,1.0,2.0,1.0,0.0,1,17851.0
2515.0,30.0,1,1.0,9.0,2,1,4.0,4.0,0,4.0,0,2.0,0.0,4.0,0.0,1.0,1,21381.0
4292.0,35.0,0,3.0,26.0,3,1,4.0,2.0,1,3.0,3,2.0,1.0,1.0,0.0,1.0,2,23982.0
1250.0,29.0,0,1.0,6.0,2,1,3.0,1.0,1,3.0,3,1.0,1.0,3.0,0.0,1.0,2,21294.0
3602.0,38.0,1,1.0,26.0,2,1,3.0,4.0,1,3.0,1,5.0,0.0,1.0,0.0,1.0,2,24446.0
4749.0,36.0,1,2.0,15.0,1,1,4.0,4.0,0,3.0,3,3.0,0.0,5.0,0.0,2.0,1,23001.0
3859.0,34.0,0,1.0,7.0,3,1,3.0,5.0,0,3.0,1,3.0,0.0,3.0,0.0,1.0,1,20686.0
731.0,20.0,1,1.0,17.0,3,0,3.0,4.0,0,5.0,2,2.0,1.0,3.0,0.0,1.0,1,17600.0
3967.0,36.0,0,1.0,18.0,3,1,4.0,5.0,3,5.0,1,4.0,1.0,5.0,1.0,3.0,3,28562.0
679.0,31.0,0,3.0,26.0,3,0,2.0,3.0,1,3.0,0,2.0,0.0,2.0,1.0,0.0,2,21932.0
3204.0,54.0,0,3.0,9.0,3,0,3.0,5.0,3,4.0,0,4.0,0.0,2.0,0.0,2.0,3,26203.0
1453.0,36.0,1,3.0,17.0,3,0,3.0,4.0,1,3.0,1,5.0,0.0,1.0,1.0,1.0,2,21652.0
4526.0,29.0,1,3.0,9.0,3,0,3.0,4.0,1,4.0,1,3.0,1.0,3.0,1.0,2.0,2,23457.0
3984.0,60.0,0,3.0,7.0,2,0,3.0,5.0,1,3.0,3,2.0,0.0,5.0,1.0,1.0,2,24151.0
1816.0,41.0,1,1.0,12.0,3,1,3.0,4.0,1,4.0,2,7.0,1.0,3.0,1.0,2.0,2,21032.0
4494.0,36.0,1,3.0,15.0,2,0,4.0,4.0,0,3.0,1,3.0,0.0,3.0,1.0,3.0,1,21250.0
386.0,37.0,1,1.0,20.0,2,0,3.0,3.0,0,5.0,1,2.0,0.0,4.0,1.0,0.0,1,18034.0
3922.0,39.0,0,1.0,30.0,2,1,3.0,5.0,3,3.0,3,2.0,0.0,3.0,1.0,1.0,3,28204.0
836.0,29.0,1,3.0,29.0,2,0,2.0,4.0,3,5.0,0,2.0,0.0,3.0,0.0,0.0,3,22336.0
2996.0,57.0,1,1.0,16.0,3,1,3.0,4.0,4,3.0,0,2.0,0.0,4.0,0.0,1.0,0,29781.0
4652.0,40.0,1,1.0,7.0,2,0,4.0,5.0,4,3.0,1,3.0,0.0,3.0,1.0,1.0,0,31420.0
3113.0,40.0,1,1.0,13.0,3,1,4.0,4.0,0,5.0,0,2.0,1.0,2.0,1.0,2.0,1,21082.0
4036.0,57.0,1,1.0,21.0,2,0,4.0,4.0,0,4.0,1,2.0,1.0,5.0,1.0,1.0,1,23641.0
4236.0,33.0,1,1.0,9.0,3,0,4.0,2.0,1,3.0,3,2.0,0.0,3.0,0.0,1.0,2,23733.0
4417.0,35.0,1,1.0,7.0,2,1,3.0,4.0,0,3.0,1,3.0,0.0,3.0,1.0,2.0,1,21369.0
4434.0,49.0,1,3.0,9.0,3,1,3.0,2.0,1,4.0,1,5.0,0.0,3.0,0.0,2.0,2,26798.0
2642.0,39.0,1,1.0,9.0,2,1,3.0,4.0,1,3.0,0,2.0,0.0,2.0,0.0,2.0,2,25231.0
1814.0,35.0,1,1.0,11.0,1,1,3.0,3.0,3,4.0,3,1.0,0.0,3.0,1.0,1.0,3,23095.0
906.0,34.0,1,1.0,26.0,1,0,2.0,1.0,0,3.0,0,1.0,0.0,1.0,1.0,0.0,1,17585.0
702.0,30.0,1,3.0,14.0,2,1,3.0,3.0,3,3.0,1,6.0,0.0,3.0,1.0,0.0,3,22264.0
4012.0,59.0,1,3.0,17.0,3,1,3.0,4.0,4,3.0,2,2.0,0.0,3.0,0.0,2.0,0,32550.0
1813.0,29.0,1,3.0,16.0,3,0,2.0,4.0,1,4.0,1,2.0,1.0,5.0,1.0,0.0,2,23268.0
1131.0,34.0,0,1.0,16.0,1,1,3.0,4.0,1,3.0,1,2.0,0.0,4.0,1.0,1.0,2,20063.0
2800.0,43.0,1,1.0,9.0,2,1,4.0,5.0,1,3.0,3,5.0,0.0,2.0,0.0,2.0,2,25459.0
3030.0,25.0,0,1.0,16.0,2,1,3.0,5.0,0,4.0,1,3.0,0.0,5.0,1.0,1.0,1,21372.0
3473.0,41.0,0,1.0,16.0,2,1,3.0,4.0,1,3.0,1,5.0,0.0,3.0,1.0,1.0,2,22653.0
3419.0,56.0,1,3.0,20.0,3,1,3.0,2.0,4,3.0,2,8.0,1.0,3.0,1.0,2.0,0,32373.0
3000.0,54.0,1,1.0,13.0,2,1,3.0,4.0,1,3.0,2,4.0,0.0,5.0,1.0,1.0,2,21128.0
80.0,30.0,1,1.0,6.0,2,1,2.0,4.0,1,3.0,0,2.0,1.0,2.0,1.0,1.0,2,20126.0
677.0,49.0,1,1.0,14.0,2,0,2.0,3.0,3,4.0,0,5.0,0.0,4.0,0.0,0.0,3,22403.0
1682.0,27.0,0,3.0,26.0,2,0,2.0,3.0,1,3.0,3,2.0,0.0,1.0,1.0,1.0,2,24981.0
795.0,37.0,1,3.0,16.0,2,0,2.0,4.0,1,3.0,1,3.0,1.0,4.0,0.0,0.0,2,21694.0
4459.0,31.0,1,3.0,34.0,3,1,4.0,4.0,1,3.0,1,2.0,0.0,3.0,1.0,3.0,2,23982.0
2985.0,37.0,0,1.0,15.0,2,0,4.0,3.0,3,5.0,0,2.0,0.0,3.0,0.0,1.0,3,30391.0
2956.0,28.0,1,1.0,10.0,3,1,3.0,5.0,0,3.0,2,2.0,0.0,2.0,0.0,1.0,1,20723.0
4419.0,27.0,1,1.0,13.0,2,0,4.0,4.0,0,3.0,1,3.0,1.0,1.0,0.0,2.0,1,21337.0
166.0,41.0,1,1.0,20.0,2,1,2.0,3.0,0,3.0,1,5.0,0.0,4.0,1.0,1.0,1,17451.0
2709.0,30.0,1,3.0,9.0,3,1,4.0,5.0,1,4.0,0,4.0,0.0,4.0,0.0,2.0,2,25322.0
4053.0,31.0,1,2.0,16.0,2,1,3.0,4.0,1,3.0,1,2.0,1.0,3.0,1.0,2.0,2,25025.0
1907.0,30.0,1,3.0,13.0,3,1,2.0,3.0,0,4.0,2,1.0,0.0,1.0,0.0,0.0,1,17983.0
78.0,37.0,1,1.0,13.0,3,1,1.0,3.0,3,3.0,2,5.0,0.0,2.0,0.0,0.0,3,28664.0
2667.0,39.0,1,3.0,10.0,2,1,4.0,4.0,3,3.0,1,2.0,0.0,2.0,1.0,2.0,3,29287.0
3303.0,30.0,1,1.0,22.0,2,0,4.0,6.0,0,3.0,0,2.0,1.0,5.0,1.0,1.0,1,20846.0
3901.0,41.0,1,1.0,9.0,3,0,4.0,4.0,0,3.0,1,4.0,0.0,1.0,1.0,2.0,1,20679.0
3063.0,34.0,1,3.0,7.0,3,1,3.0,2.0,1,5.0,1,3.0,0.0,4.0,0.0,1.0,2,22715.0
1203.0,53.0,1,1.0,30.0,3,1,2.0,1.0,3,3.0,1,4.0,0.0,3.0,0.0,1.0,3,22005.0
1062.0,44.0,0,1.0,8.0,3,1,2.0,3.0,3,3.0,3,6.0,1.0,1.0,0.0,1.0,3,25209.0
1141.0,30.0,1,1.0,13.0,3,1,2.0,4.0,0,4.0,1,2.0,0.0,5.0,0.0,0.0,1,17141.0
115.0,37.0,1,3.0,9.0,2,1,2.0,3.0,3,3.0,3,3.0,0.0,3.0,0.0,0.0,3,22428.0
1231.0,46.0,1,1.0,19.0,2,1,2.0,3.0,1,4.0,2,7.0,0.0,4.0,1.0,0.0,2,20562.0
4365.0,43.0,1,1.0,31.0,3,1,3.0,4.0,3,5.0,1,3.0,1.0,1.0,1.0,1.0,3,26084.0
889.0,27.0,1,1.0,20.0,2,1,2.0,3.0,0,5.0,0,2.0,1.0,4.0,1.0,0.0,1,17235.0
902.0,27.0,1,1.0,10.0,2,1,3.0,3.0,0,3.0,1,2.0,0.0,4.0,1.0,1.0,1,17517.0
1534.0,36.0,1,1.0,14.0,1,0,2.0,3.0,3,3.0,1,2.0,0.0,4.0,1.0,0.0,3,25096.0
3233.0,45.0,1,2.0,7.0,3,1,4.0,5.0,3,5.0,0,2.0,0.0,4.0,1.0,1.0,3,29160.0
1192.0,49.0,1,1.0,22.0,3,0,3.0,3.0,0,5.0,1,5.0,1.0,1.0,1.0,1.0,1,17587.0
4225.0,46.0,0,1.0,14.0,2,1,4.0,4.0,3,5.0,1,3.0,0.0,1.0,1.0,1.0,3,23888.0
505.0,26.0,1,1.0,12.0,2,0,3.0,3.0,0,3.0,0,2.0,1.0,2.0,0.0,0.0,1,17659.0
2458.0,29.0,1,1.0,31.0,2,1,3.0,5.0,0,3.0,2,7.0,1.0,2.0,0.0,1.0,1,20706.0
2436.0,58.0,1,1.0,27.0,3,0,3.0,3.0,1,4.0,1,5.0,0.0,3.0,1.0,1.0,2,25008.0
3990.0,36.0,1,3.0,7.0,3,1,3.0,5.0,1,5.0,3,2.0,0.0,1.0,1.0,2.0,2,22990.0
2870.0,31.0,0,1.0,9.0,3,0,3.0,4.0,0,3.0,2,2.0,0.0,4.0,1.0,1.0,1,21242.0
557.0,35.0,0,1.0,8.0,2,0,3.0,3.0,1,5.0,1,3.0,0.0,4.0,0.0,0.0,2,20093.0
299.0,51.0,1,1.0,8.0,3,1,2.0,5.0,1,4.0,1,6.0,0.0,2.0,0.0,0.0,2,20482.0
720.0,30.0,1,1.0,28.0,2,0,2.0,3.0,0,3.0,0,5.0,1.0,2.0,0.0,1.0,1,17132.0
4790.0,21.0,1,3.0,28.0,3,1,3.0,2.0,0,3.0,3,3.0,0.0,3.0,1.0,2.0,1,21356.0
3067.0,31.0,0,1.0,12.0,2,1,4.0,5.0,0,3.0,1,2.0,0.0,5.0,0.0,1.0,1,22439.0
1014.0,31.0,1,1.0,14.0,2,0,3.0,3.0,4,4.0,2,4.0,0.0,1.0,1.0,0.0,0,31422.0
127.0,19.0,1,3.0,28.0,3,1,2.0,3.0,0,3.0,2,2.0,1.0,2.0,0.0,1.0,1,16675.0
1218.0,41.0,1,3.0,12.0,3,1,2.0,3.0,3,3.0,3,2.0,0.0,5.0,1.0,0.0,3,24241.0
2751.0,39.0,1,1.0,32.0,2,0,3.0,5.0,3,4.0,0,5.0,0.0,3.0,1.0,1.0,3,30739.0
1297.0,26.0,1,2.0,26.0,3,0,3.0,3.0,0,4.0,1,1.0,1.0,3.0,0.0,1.0,1,17148.0
4705.0,36.0,1,3.0,11.0,1,1,3.0,4.0,3,5.0,3,2.0,1.0,4.0,1.0,2.0,3,28260.0
1956.0,37.0,1,3.0,8.0,3,1,3.0,3.0,1,3.0,1,5.0,1.0,3.0,0.0,2.0,2,24602.0
2989.0,31.0,1,3.0,34.0,3,1,3.0,4.0,1,3.0,1,2.0,0.0,3.0,1.0,1.0,2,23982.0
1961.0,43.0,0,1.0,15.0,3,1,3.0,3.0,1,3.0,1,4.0,1.0,3.0,1.0,2.0,2,20679.0
3781.0,29.0,1,3.0,10.0,3,0,4.0,4.0,0,4.0,1,3.0,0.0,1.0,1.0,1.0,1,21534.0
1722.0,29.0,1,1.0,21.0,2,1,2.0,3.0,0,3.0,2,2.0,0.0,3.0,1.0,1.0,1,17340.0
859.0,29.0,1,1.0,21.0,2,0,3.0,5.0,0,3.0,0,1.0,1.0,5.0,1.0,0.0,1,17168.0
2033.0,25.0,1,3.0,32.0,3,0,2.0,3.0,1,3.0,2,2.0,0.0,4.0,0.0,0.0,2,21180.0
4407.0,45.0,1,2.0,7.0,2,0,3.0,5.0,1,3.0,3,6.0,0.0,5.0,1.0,2.0,2,24663.0
1394.0,32.0,1,1.0,11.0,2,1,2.0,4.0,1,3.0,3,1.0,0.0,1.0,0.0,1.0,2,24679.0
3556.0,39.0,1,1.0,9.0,3,1,3.0,4.0,1,4.0,1,6.0,0.0,4.0,0.0,1.0,2,23533.0
1463.0,31.0,0,1.0,11.0,3,1,3.0,3.0,1,5.0,3,1.0,0.0,1.0,0.0,2.0,2,24936.0
2775.0,28.0,0,3.0,7.0,3,1,4.0,4.0,1,4.0,0,2.0,1.0,2.0,0.0,3.0,2,25027.0
3835.0,39.0,1,3.0,7.0,2,1,3.0,5.0,0,5.0,3,6.0,0.0,3.0,0.0,2.0,1,21536.0
321.0,31.0,1,3.0,13.0,3,1,3.0,3.0,1,3.0,1,5.0,0.0,2.0,0.0,0.0,2,22547.0
804.0,48.0,0,1.0,6.0,3,1,2.0,1.0,4,3.0,2,3.0,0.0,2.0,0.0,0.0,0,31885.0
4086.0,37.0,0,1.0,10.0,3,1,2.0,4.0,0,4.0,2,6.0,0.0,4.0,1.0,1.0,1,20766.0
4770.0,21.0,1,1.0,6.0,2,1,3.0,5.0,0,3.0,3,3.0,0.0,3.0,0.0,1.0,1,21711.0
3245.0,51.0,0,3.0,7.0,2,1,3.0,4.0,1,3.0,3,5.0,1.0,2.0,0.0,1.0,2,23406.0
3806.0,46.0,0,1.0,7.0,3,1,3.0,4.0,1,3.0,3,6.0,0.0,1.0,1.0,2.0,2,24077.0
3205.0,37.0,1,1.0,22.0,2,1,3.0,4.0,1,3.0,1,2.0,0.0,4.0,0.0,1.0,2,23512.0
3503.0,36.0,1,3.0,14.0,2,1,4.0,4.0,0,3.0,0,3.0,0.0,3.0,1.0,1.0,1,21082.0
4654.0,36.0,1,1.0,17.0,2,1,3.0,4.0,0,3.0,1,3.0,0.0,5.0,0.0,1.0,1,22595.0
2012.0,38.0,1,1.0,6.0,2,0,2.0,3.0,3,3.0,3,5.0,1.0,1.0,0.0,1.0,3,22861.0
203.0,40.0,1,1.0,25.0,3,1,2.0,3.0,1,3.0,0,1.0,1.0,2.0,1.0,1.0,2,17741.0
1017.0,27.0,1,1.0,17.0,2,1,3.0,3.0,0,5.0,0,1.0,0.0,5.0,1.0,2.0,1,17099.0
997.0,27.0,1,1.0,23.0,2,0,2.0,3.0,0,3.0,2,2.0,1.0,5.0,1.0,0.0,1,17394.0
2063.0,36.0,1,1.0,6.0,2,0,2.0,3.0,1,4.0,1,1.0,0.0,5.0,1.0,1.0,2,20228.0
1390.0,28.0,1,1.0,23.0,1,1,2.0,4.0,0,3.0,1,6.0,0.0,3.0,0.0,1.0,1,17367.0
4823.0,20.0,1,3.0,12.0,2,1,4.0,4.0,3,4.0,3,2.0,1.0,4.0,1.0,1.0,3,21672.0
4829.0,22.0,0,3.0,25.0,3,0,4.0,4.0,1,3.0,1,2.0,1.0,5.0,0.0,2.0,2,21303.0
1658.0,34.0,0,1.0,8.0,2,1,2.0,4.0,1,3.0,1,2.0,0.0,4.0,0.0,1.0,2,24547.0
4675.0,37.0,1,1.0,22.0,2,1,3.0,4.0,1,3.0,1,2.0,0.0,4.0,0.0,2.0,2,23512.0
3596.0,22.0,1,1.0,12.0,3,1,4.0,4.0,0,3.0,3,3.0,0.0,1.0,1.0,2.0,1,21795.0
3146.0,31.0,1,3.0,15.0,2,1,4.0,4.0,3,3.0,1,7.0,0.0,3.0,1.0,1.0,3,25942.0
3476.0,40.0,0,1.0,9.0,2,0,3.0,5.0,0,5.0,3,4.0,1.0,3.0,0.0,1.0,1,22324.0
2960.0,24.0,1,1.0,11.0,3,1,3.0,3.0,0,5.0,0,4.0,0.0,4.0,0.0,2.0,1,21497.0
3822.0,43.0,1,3.0,19.0,3,1,4.0,4.0,1,3.0,1,5.0,1.0,1.0,0.0,1.0,2,23765.0
4118.0,39.0,1,1.0,36.0,3,1,4.0,4.0,1,5.0,1,2.0,1.0,3.0,1.0,3.0,2,25351.0
3354.0,24.0,1,1.0,7.0,2,1,3.0,4.0,0,3.0,0,3.0,0.0,4.0,0.0,2.0,1,19901.0
1035.0,31.0,1,2.0,14.0,3,0,3.0,1.0,0,4.0,2,1.0,0.0,1.0,0.0,2.0,1,17109.0
541.0,36.0,0,1.0,14.0,2,0,3.0,2.0,3,5.0,0,1.0,0.0,3.0,0.0,0.0,3,26713.0
2071.0,40.0,0,1.0,22.0,3,1,2.0,4.0,1,3.0,2,7.0,0.0,5.0,0.0,0.0,2,20094.0
2682.0,33.0,1,3.0,11.0,2,0,3.0,4.0,0,4.0,0,4.0,0.0,3.0,1.0,1.0,1,22609.0
1446.0,34.0,1,3.0,34.0,3,0,3.0,4.0,1,3.0,1,2.0,0.0,5.0,1.0,0.0,2,21712.0
2824.0,25.0,1,3.0,17.0,3,0,4.0,4.0,1,3.0,1,3.0,1.0,2.0,0.0,3.0,2,22938.0
1510.0,35.0,1,1.0,10.0,2,1,3.0,3.0,0,3.0,1,2.0,0.0,4.0,1.0,1.0,1,16951.0
4671.0,35.0,1,3.0,7.0,3,1,4.0,2.0,1,3.0,1,2.0,0.0,5.0,0.0,2.0,2,28403.0
4875.0,36.0,0,1.0,8.0,3,1,4.0,4.0,0,4.0,1,3.0,1.0,3.0,1.0,1.0,1,22927.0
4001.0,52.0,1,1.0,16.0,2,1,4.0,4.0,0,3.0,1,5.0,0.0,3.0,1.0,1.0,1,20753.0
3411.0,41.0,1,1.0,7.0,2,1,3.0,4.0,0,4.0,0,5.0,0.0,1.0,1.0,2.0,1,21065.0
4117.0,41.0,1,1.0,26.0,3,1,2.0,4.0,1,3.0,1,2.0,1.0,1.0,1.0,1.0,2,21419.0
681.0,38.0,1,1.0,6.0,1,0,3.0,3.0,3,5.0,0,2.0,0.0,4.0,1.0,2.0,3,28582.0
4167.0,43.0,1,1.0,24.0,2,0,3.0,2.0,1,5.0,3,5.0,1.0,1.0,1.0,2.0,2,25223.0
2193.0,46.0,1,1.0,13.0,3,1,3.0,3.0,3,3.0,1,7.0,0.0,1.0,1.0,1.0,3,25845.0
4752.0,43.0,0,3.0,19.0,2,1,3.0,4.0,4,5.0,2,2.0,1.0,5.0,1.0,2.0,0,32436.0
4886.0,19.0,1,3.0,16.0,3,1,3.0,4.0,0,3.0,2,3.0,0.0,5.0,0.0,2.0,1,20289.0
4453.0,51.0,1,3.0,15.0,3,1,3.0,4.0,0,4.0,1,2.0,0.0,1.0,0.0,2.0,1,22553.0
3322.0,43.0,0,2.0,9.0,3,1,4.0,2.0,1,5.0,0,2.0,0.0,2.0,0.0,3.0,2,24950.0
4182.0,46.0,1,1.0,27.0,3,1,4.0,4.0,4,3.0,1,2.0,1.0,3.0,1.0,2.0,0,32174.0
626.0,32.0,1,1.0,14.0,3,0,3.0,1.0,1,3.0,0,6.0,0.0,3.0,1.0,2.0,2,20175.0
544.0,47.0,0,3.0,9.0,3,0,2.0,3.0,4,3.0,1,1.0,1.0,5.0,1.0,1.0,0,28770.0
1456.0,35.0,0,1.0,24.0,2,1,3.0,3.0,1,3.0,1,2.0,1.0,3.0,1.0,0.0,2,20689.0
1171.0,40.0,1,1.0,13.0,2,1,3.0,3.0,0,5.0,2,4.0,1.0,3.0,0.0,1.0,1,17166.0
2579.0,37.0,1,1.0,13.0,3,1,3.0,4.0,1,4.0,1,8.0,0.0,4.0,1.0,2.0,2,23619.0
2464.0,25.0,0,1.0,18.0,2,0,4.0,3.0,1,3.0,1,2.0,0.0,3.0,1.0,3.0,2,22689.0
3008.0,46.0,1,3.0,9.0,1,1,3.0,6.0,1,3.0,3,2.0,0.0,5.0,0.0,1.0,2,25310.0
903.0,29.0,1,1.0,13.0,2,1,2.0,3.0,1,3.0,1,2.0,1.0,3.0,0.0,0.0,2,21623.0
2944.0,33.0,1,1.0,16.0,2,0,4.0,4.0,1,3.0,0,3.0,1.0,5.0,1.0,3.0,2,25000.0
4491.0,38.0,1,1.0,17.0,2,0,3.0,4.0,0,5.0,1,2.0,1.0,3.0,1.0,1.0,1,21460.0
3077.0,37.0,1,2.0,15.0,2,1,4.0,5.0,0,5.0,0,2.0,0.0,2.0,1.0,3.0,1,21020.0
2001.0,32.0,1,1.0,9.0,2,0,2.0,3.0,3,3.0,3,4.0,0.0,1.0,1.0,0.0,3,26159.0
3103.0,29.0,1,3.0,12.0,3,1,4.0,4.0,1,3.0,3,3.0,0.0,3.0,1.0,1.0,2,23586.0
2604.0,23.0,1,1.0,26.0,3,1,4.0,4.0,0,3.0,0,3.0,0.0,2.0,0.0,2.0,1,21001.0
641.0,32.0,0,3.0,11.0,2,1,2.0,3.0,1,4.0,0,2.0,0.0,3.0,1.0,1.0,2,21524.0
3645.0,24.0,1,1.0,15.0,3,1,4.0,5.0,0,3.0,3,3.0,1.0,4.0,1.0,3.0,1,22667.0
4581.0,42.0,1,1.0,9.0,2,0,3.0,6.0,0,3.0,1,6.0,1.0,3.0,0.0,2.0,1,21456.0
2750.0,33.0,1,3.0,14.0,2,1,4.0,5.0,1,3.0,0,3.0,0.0,3.0,1.0,3.0,2,24162.0
4834.0,35.0,0,3.0,8.0,2,0,3.0,6.0,0,3.0,3,3.0,0.0,3.0,0.0,2.0,1,23122.0
62.0,50.0,1,1.0,13.0,3,0,2.0,4.0,2,3.0,1,6.0,1.0,4.0,1.0,1.0,4,33740.0
3392.0,31.0,1,1.0,24.0,3,0,4.0,4.0,3,5.0,0,3.0,1.0,4.0,0.0,3.0,3,30594.0
3711.0,35.0,0,3.0,17.0,2,1,3.0,4.0,1,3.0,1,3.0,1.0,1.0,1.0,2.0,2,22679.0
3262.0,32.0,0,3.0,27.0,2,1,4.0,2.0,0,3.0,0,2.0,0.0,5.0,1.0,2.0,1,21469.0
4325.0,61.0,1,1.0,14.0,2,0,3.0,4.0,2,5.0,1,7.0,0.0,5.0,1.0,1.0,4,38244.0
4048.0,27.0,1,2.0,32.0,2,0,4.0,4.0,0,3.0,1,3.0,0.0,4.0,1.0,2.0,1,21620.0
1057.0,29.0,0,3.0,19.0,1,0,2.0,3.0,1,4.0,2,6.0,0.0,3.0,0.0,1.0,2,20765.0
1624.0,32.0,0,3.0,14.0,3,0,2.0,3.0,3,3.0,3,2.0,0.0,4.0,1.0,1.0,3,23998.0
1944.0,24.0,1,1.0,29.0,3,1,2.0,1.0,0,3.0,1,2.0,1.0,4.0,0.0,0.0,1,17725.0
3035.0,34.0,1,3.0,23.0,3,0,4.0,4.0,1,5.0,3,7.0,0.0,3.0,1.0,1.0,2,24002.0
656.0,32.0,1,1.0,31.0,2,1,2.0,3.0,0,3.0,2,2.0,1.0,5.0,1.0,0.0,1,17795.0
104.0,37.0,0,1.0,8.0,2,1,3.0,4.0,1,3.0,1,6.0,0.0,2.0,0.0,1.0,2,20163.0
4389.0,27.0,1,3.0,35.0,3,1,4.0,4.0,1,4.0,1,3.0,0.0,3.0,0.0,1.0,2,24950.0
3478.0,46.0,1,1.0,27.0,3,1,4.0,6.0,3,5.0,1,4.0,1.0,3.0,0.0,1.0,3,29529.0
3764.0,43.0,0,1.0,17.0,1,1,3.0,4.0,0,3.0,1,5.0,0.0,4.0,1.0,1.0,1,21614.0
4428.0,34.0,0,1.0,10.0,2,1,4.0,4.0,0,5.0,3,3.0,1.0,5.0,1.0,1.0,1,22026.0
3116.0,43.0,1,3.0,21.0,3,0,4.0,5.0,1,3.0,3,2.0,0.0,3.0,0.0,1.0,2,24922.0
187.0,55.0,1,1.0,20.0,3,1,3.0,2.0,2,4.0,2,1.0,0.0,2.0,0.0,2.0,4,33722.0
3491.0,34.0,0,3.0,14.0,3,1,3.0,4.0,1,5.0,0,2.0,0.0,3.0,0.0,1.0,2,23051.0
1648.0,46.0,1,3.0,6.0,3,0,3.0,3.0,3,5.0,1,2.0,0.0,1.0,1.0,2.0,3,25453.0
2512.0,36.0,0,1.0,7.0,3,1,4.0,4.0,0,5.0,0,6.0,0.0,2.0,0.0,2.0,1,20872.0
4631.0,28.0,1,1.0,23.0,1,0,3.0,4.0,0,4.0,1,2.0,0.0,1.0,1.0,1.0,1,21489.0
1443.0,42.0,1,1.0,8.0,2,1,2.0,3.0,2,3.0,1,6.0,0.0,3.0,1.0,1.0,4,33880.0
4220.0,33.0,1,3.0,14.0,2,1,4.0,5.0,1,3.0,1,3.0,0.0,3.0,1.0,1.0,2,24162.0
1161.0,38.0,1,1.0,8.0,3,0,2.0,4.0,3,3.0,1,4.0,1.0,5.0,1.0,1.0,3,22756.0
1077.0,29.0,1,1.0,6.0,1,1,3.0,4.0,0,5.0,2,7.0,0.0,3.0,0.0,2.0,1,17362.0
2934.0,39.0,1,1.0,7.0,2,0,3.0,4.0,0,5.0,3,5.0,0.0,2.0,1.0,2.0,1,21297.0
4253.0,28.0,1,3.0,15.0,3,0,3.0,4.0,1,4.0,1,3.0,0.0,1.0,0.0,2.0,2,24892.0
897.0,59.0,1,3.0,9.0,2,0,2.0,4.0,1,3.0,2,6.0,0.0,3.0,0.0,0.0,2,20171.0
3057.0,35.0,1,2.0,10.0,2,1,3.0,4.0,0,3.0,0,2.0,0.0,2.0,1.0,2.0,1,22415.0
2664.0,37.0,1,1.0,12.0,2,1,4.0,4.0,1,4.0,3,2.0,0.0,2.0,0.0,3.0,2,24592.0
2717.0,38.0,1,3.0,13.0,3,1,4.0,4.0,1,3.0,0,6.0,0.0,3.0,0.0,1.0,2,25180.0
2133.0,21.0,1,1.0,24.0,2,0,3.0,3.0,0,3.0,2,2.0,0.0,3.0,1.0,2.0,1,17693.0
2160.0,31.0,1,1.0,18.0,3,0,2.0,3.0,1,3.0,1,1.0,1.0,4.0,1.0,0.0,2,20855.0
1245.0,24.0,0,2.0,16.0,3,1,2.0,3.0,0,3.0,1,1.0,0.0,4.0,1.0,1.0,1,17145.0
3989.0,32.0,1,1.0,15.0,2,0,4.0,4.0,1,3.0,3,3.0,0.0,5.0,1.0,3.0,2,23102.0
296.0,18.0,1,1.0,9.0,2,1,2.0,3.0,0,3.0,2,2.0,0.0,4.0,0.0,0.0,1,16420.0
498.0,22.0,1,1.0,12.0,3,1,3.0,3.0,0,3.0,0,1.0,0.0,2.0,1.0,0.0,1,17773.0
3062.0,26.0,1,1.0,9.0,3,1,4.0,2.0,0,5.0,3,2.0,0.0,2.0,1.0,3.0,1,22102.0
3637.0,39.0,0,1.0,9.0,3,0,3.0,5.0,0,4.0,2,3.0,0.0,1.0,1.0,1.0,1,21118.0
2963.0,30.0,0,1.0,7.0,2,1,4.0,6.0,0,3.0,1,3.0,0.0,2.0,1.0,1.0,1,21398.0
4479.0,24.0,1,1.0,17.0,3,1,4.0,2.0,0,3.0,3,3.0,0.0,1.0,0.0,2.0,1,22183.0
4082.0,39.0,1,3.0,7.0,2,0,3.0,5.0,1,3.0,3,6.0,0.0,1.0,0.0,2.0,2,27364.0
4739.0,30.0,1,1.0,15.0,3,1,4.0,5.0,1,3.0,1,3.0,1.0,3.0,1.0,2.0,2,23734.0
2162.0,32.0,1,1.0,9.0,3,0,3.0,3.0,1,5.0,1,2.0,0.0,1.0,1.0,0.0,2,21725.0
2897.0,27.0,0,2.0,24.0,2,0,3.0,4.0,0,3.0,1,2.0,1.0,5.0,0.0,2.0,1,21419.0
4552.0,26.0,1,3.0,11.0,3,1,3.0,5.0,1,5.0,1,3.0,0.0,3.0,1.0,2.0,2,22934.0
2680.0,34.0,1,1.0,9.0,2,0,3.0,4.0,0,5.0,0,2.0,0.0,3.0,1.0,1.0,1,21385.0
111.0,34.0,0,1.0,13.0,2,1,3.0,5.0,1,3.0,2,2.0,1.0,5.0,1.0,1.0,2,21074.0
4120.0,23.0,1,1.0,12.0,2,1,3.0,2.0,0,4.0,1,3.0,1.0,4.0,1.0,1.0,1,21006.0
1578.0,25.0,1,1.0,13.0,3,1,3.0,4.0,0,3.0,1,2.0,0.0,1.0,0.0,2.0,1,17889.0
4706.0,34.0,0,1.0,36.0,3,0,3.0,5.0,1,3.0,3,3.0,0.0,5.0,1.0,1.0,2,23186.0
1646.0,33.0,1,1.0,8.0,2,1,2.0,3.0,0,3.0,2,1.0,0.0,3.0,1.0,0.0,1,17500.0
693.0,36.0,1,3.0,9.0,2,1,2.0,4.0,3,3.0,0,2.0,1.0,2.0,1.0,0.0,3,25325.0
4294.0,25.0,1,3.0,17.0,3,0,4.0,4.0,1,3.0,1,3.0,1.0,1.0,0.0,1.0,2,22938.0
2297.0,28.0,0,1.0,12.0,2,1,2.0,4.0,0,3.0,1,2.0,1.0,4.0,1.0,1.0,1,17703.0
2011.0,36.0,0,1.0,14.0,2,0,3.0,1.0,3,5.0,1,1.0,0.0,3.0,0.0,1.0,3,26713.0
1999.0,38.0,1,1.0,6.0,2,0,2.0,1.0,1,3.0,3,1.0,0.0,1.0,0.0,0.0,2,22625.0
826.0,38.0,1,2.0,6.0,2,1,2.0,1.0,0,3.0,0,2.0,0.0,4.0,1.0,0.0,1,17844.0
1976.0,37.0,1,1.0,9.0,2,1,2.0,3.0,3,3.0,1,2.0,0.0,1.0,1.0,0.0,3,24434.0
2400.0,51.0,1,3.0,30.0,3,0,2.0,4.0,1,4.0,2,1.0,1.0,5.0,1.0,1.0,2,17838.0
1674.0,38.0,1,1.0,35.0,3,1,3.0,3.0,1,5.0,1,1.0,1.0,3.0,1.0,2.0,2,21673.0
1532.0,50.0,1,1.0,13.0,3,0,2.0,4.0,2,3.0,1,6.0,1.0,4.0,1.0,1.0,4,33740.0
665.0,47.0,1,3.0,8.0,2,0,3.0,4.0,0,3.0,2,2.0,1.0,2.0,1.0,0.0,1,18294.0
2017.0,42.0,0,1.0,25.0,3,1,2.0,1.0,0,3.0,1,7.0,1.0,3.0,0.0,0.0,1,17759.0
1174.0,25.0,0,1.0,8.0,2,1,3.0,1.0,1,3.0,1,2.0,0.0,1.0,0.0,1.0,2,20206.0
905.0,29.0,1,1.0,6.0,2,0,2.0,4.0,4,3.0,1,4.0,0.0,2.0,0.0,1.0,0,31124.0
4745.0,32.0,0,1.0,22.0,3,1,4.0,4.0,0,3.0,1,3.0,0.0,4.0,1.0,1.0,1,21288.0
1353.0,34.0,0,1.0,22.0,1,1,2.0,5.0,0,5.0,1,2.0,1.0,3.0,1.0,0.0,1,17307.0
4172.0,52.0,1,1.0,7.0,2,1,4.0,4.0,0,3.0,1,3.0,0.0,4.0,1.0,1.0,1,21401.0
485.0,27.0,1,1.0,12.0,3,0,3.0,4.0,0,3.0,1,1.0,0.0,2.0,1.0,1.0,1,17187.0
360.0,57.0,1,1.0,6.0,3,1,2.0,3.0,1,3.0,0,3.0,0.0,3.0,1.0,1.0,2,21755.0
2403.0,28.0,1,1.0,7.0,1,1,3.0,4.0,0,5.0,2,7.0,0.0,3.0,1.0,1.0,1,17080.0
4319.0,26.0,1,1.0,10.0,3,1,4.0,4.0,0,5.0,1,7.0,0.0,5.0,1.0,2.0,1,22709.0
569.0,36.0,0,3.0,14.0,2,1,3.0,4.0,3,5.0,3,2.0,0.0,2.0,0.0,2.0,3,22587.0
3891.0,37.0,0,3.0,22.0,3,1,3.0,6.0,1,3.0,1,3.0,0.0,1.0,1.0,1.0,2,24084.0
2487.0,28.0,0,3.0,15.0,2,1,3.0,4.0,3,3.0,3,3.0,0.0,2.0,1.0,1.0,3,27404.0
2894.0,32.0,1,3.0,9.0,2,1,4.0,4.0,1,3.0,3,6.0,1.0,5.0,1.0,2.0,2,25260.0
3206.0,27.0,0,1.0,9.0,2,1,3.0,4.0,0,5.0,0,8.0,1.0,5.0,1.0,1.0,1,20720.0
341.0,38.0,1,1.0,21.0,2,1,3.0,4.0,3,3.0,1,1.0,1.0,5.0,1.0,1.0,3,26510.0
2879.0,34.0,1,1.0,22.0,3,1,3.0,4.0,3,3.0,0,2.0,1.0,5.0,0.0,1.0,3,32288.0
3788.0,38.0,1,1.0,14.0,3,1,4.0,4.0,1,5.0,1,7.0,1.0,3.0,0.0,1.0,2,22962.0
302.0,28.0,1,1.0,22.0,3,1,3.0,2.0,1,5.0,2,1.0,0.0,5.0,0.0,2.0,2,20661.0
4480.0,48.0,0,3.0,34.0,2,0,4.0,2.0,1,3.0,3,6.0,1.0,4.0,0.0,2.0,2,25075.0
3188.0,38.0,1,1.0,18.0,3,0,4.0,6.0,1,4.0,0,7.0,0.0,4.0,1.0,1.0,2,23455.0
3017.0,27.0,1,3.0,15.0,1,1,3.0,5.0,1,5.0,3,8.0,0.0,3.0,1.0,2.0,2,24004.0
3732.0,36.0,0,1.0,9.0,3,1,3.0,4.0,1,3.0,1,4.0,0.0,3.0,0.0,2.0,2,24440.0
4279.0,47.0,0,1.0,14.0,3,0,2.0,4.0,1,3.0,1,4.0,0.0,5.0,1.0,1.0,2,23936.0
3617.0,37.0,1,1.0,12.0,2,0,3.0,4.0,3,5.0,1,6.0,0.0,4.0,1.0,2.0,3,26686.0
3378.0,26.0,1,1.0,7.0,3,0,3.0,4.0,0,4.0,2,3.0,0.0,3.0,1.0,1.0,1,20774.0
266.0,31.0,1,1.0,29.0,3,1,3.0,4.0,1,3.0,0,1.0,0.0,3.0,1.0,1.0,2,20582.0
1579.0,22.0,1,1.0,21.0,3,0,2.0,3.0,0,3.0,2,2.0,0.0,1.0,1.0,1.0,1,17871.0
4649.0,49.0,1,1.0,13.0,2,1,4.0,5.0,1,3.0,3,4.0,0.0,1.0,0.0,3.0,2,22918.0
1302.0,35.0,1,1.0,29.0,3,1,3.0,5.0,0,3.0,1,1.0,0.0,1.0,1.0,0.0,1,17705.0
1196.0,41.0,1,3.0,29.0,2,1,3.0,3.0,3,3.0,3,4.0,1.0,3.0,0.0,2.0,3,22082.0
2437.0,40.0,1,2.0,24.0,2,1,2.0,1.0,0,5.0,1,1.0,0.0,1.0,1.0,1.0,1,17387.0
2440.0,27.0,0,1.0,30.0,2,1,3.0,4.0,0,3.0,2,2.0,1.0,3.0,1.0,1.0,1,17534.0
3736.0,40.0,0,3.0,27.0,2,1,3.0,4.0,1,3.0,1,4.0,0.0,3.0,1.0,1.0,2,22805.0
3401.0,41.0,0,1.0,23.0,2,1,4.0,4.0,0,3.0,1,2.0,0.0,3.0,1.0,3.0,1,22222.0
15.0,29.0,1,1.0,27.0,2,0,2.0,2.0,3,5.0,1,2.0,0.0,5.0,1.0,1.0,3,24980.0
139.0,30.0,1,2.0,15.0,2,1,2.0,3.0,1,3.0,0,1.0,1.0,3.0,1.0,1.0,2,21347.0
2457.0,35.0,1,1.0,26.0,3,1,4.0,4.0,0,3.0,1,2.0,0.0,3.0,0.0,3.0,1,21339.0
988.0,41.0,0,1.0,28.0,2,0,3.0,3.0,1,3.0,1,4.0,1.0,5.0,0.0,0.0,2,20467.0
4420.0,38.0,1,1.0,10.0,2,1,3.0,4.0,3,3.0,1,3.0,0.0,1.0,1.0,1.0,3,28112.0
2901.0,19.0,0,3.0,12.0,3,1,4.0,4.0,0,4.0,2,3.0,1.0,4.0,1.0,3.0,1,20556.0
474.0,24.0,1,1.0,29.0,3,1,2.0,2.0,0,3.0,0,2.0,1.0,4.0,0.0,1.0,1,17725.0
3588.0,32.0,0,3.0,9.0,2,1,3.0,4.0,1,5.0,3,2.0,0.0,1.0,0.0,1.0,2,24010.0
118.0,36.0,1,1.0,9.0,2,0,2.0,3.0,0,3.0,1,6.0,0.0,2.0,1.0,0.0,1,17835.0
4337.0,31.0,0,3.0,29.0,2,0,4.0,4.0,3,5.0,1,2.0,0.0,1.0,1.0,2.0,3,27090.0
1298.0,46.0,1,1.0,27.0,3,0,3.0,3.0,1,4.0,1,5.0,0.0,3.0,1.0,2.0,2,23926.0
2791.0,48.0,0,3.0,11.0,3,1,3.0,4.0,1,3.0,3,5.0,0.0,4.0,0.0,2.0,2,21654.0
2398.0,44.0,0,3.0,7.0,1,1,3.0,3.0,0,3.0,1,4.0,0.0,3.0,1.0,1.0,1,22978.0
709.0,31.0,0,1.0,15.0,3,1,2.0,4.0,0,5.0,2,1.0,1.0,3.0,1.0,0.0,1,17321.0
4397.0,36.0,1,1.0,32.0,2,1,3.0,5.0,1,3.0,3,6.0,0.0,1.0,1.0,1.0,2,22359.0
500.0,32.0,1,1.0,15.0,2,0,3.0,3.0,1,3.0,0,2.0,1.0,5.0,1.0,2.0,2,21322.0
4232.0,28.0,1,1.0,12.0,2,0,3.0,4.0,0,4.0,2,3.0,1.0,3.0,0.0,2.0,1,21156.0
1909.0,31.0,0,1.0,26.0,2,1,3.0,3.0,3,3.0,1,4.0,0.0,3.0,1.0,0.0,3,24824.0
566.0,47.0,0,3.0,33.0,2,0,3.0,1.0,1,3.0,3,5.0,1.0,4.0,1.0,2.0,2,21397.0
1511.0,27.0,1,1.0,8.0,2,0,2.0,3.0,0,5.0,1,2.0,0.0,3.0,1.0,1.0,1,17341.0
1340.0,36.0,1,3.0,16.0,1,0,3.0,4.0,1,3.0,1,2.0,1.0,1.0,1.0,2.0,2,20673.0
1806.0,29.0,1,1.0,14.0,2,1,3.0,5.0,0,5.0,1,2.0,1.0,3.0,0.0,1.0,1,17119.0
1313.0,29.0,1,2.0,19.0,2,1,2.0,4.0,0,5.0,1,5.0,1.0,5.0,1.0,1.0,1,17335.0
3751.0,29.0,1,1.0,7.0,3,0,4.0,4.0,0,5.0,1,3.0,0.0,1.0,1.0,1.0,1,22269.0
1543.0,32.0,1,1.0,6.0,2,1,3.0,3.0,1,4.0,1,2.0,0.0,3.0,1.0,0.0,2,21220.0
4072.0,41.0,1,3.0,11.0,3,1,4.0,5.0,3,3.0,1,2.0,0.0,1.0,1.0,2.0,3,29533.0
2708.0,29.0,1,1.0,9.0,2,1,4.0,4.0,0,3.0,3,4.0,0.0,4.0,1.0,2.0,1,22163.0
1870.0,39.0,0,1.0,6.0,2,1,2.0,3.0,2,3.0,1,2.0,1.0,3.0,0.0,0.0,4,34197.0
98.0,58.0,1,3.0,16.0,3,1,2.0,3.0,4,3.0,2,1.0,0.0,3.0,1.0,1.0,0,28872.0
3043.0,37.0,1,2.0,20.0,2,1,3.0,4.0,0,4.0,0,6.0,0.0,3.0,1.0,1.0,1,20821.0
1427.0,40.0,1,1.0,6.0,2,1,2.0,3.0,0,3.0,1,1.0,0.0,1.0,0.0,0.0,1,17406.0
2566.0,57.0,1,1.0,21.0,2,0,4.0,4.0,0,4.0,0,2.0,1.0,5.0,1.0,2.0,1,23641.0
3130.0,42.0,1,1.0,13.0,3,1,3.0,4.0,0,5.0,3,4.0,1.0,4.0,1.0,1.0,1,23399.0
887.0,42.0,0,1.0,32.0,3,0,2.0,3.0,3,5.0,0,4.0,1.0,3.0,0.0,1.0,3,28191.0
2961.0,26.0,1,3.0,15.0,2,1,3.0,3.0,1,4.0,0,2.0,0.0,4.0,0.0,1.0,2,23529.0
1941.0,38.0,1,1.0,16.0,3,0,3.0,3.0,1,3.0,1,4.0,0.0,3.0,0.0,1.0,2,24824.0
4093.0,39.0,1,1.0,16.0,2,0,4.0,4.0,0,3.0,2,3.0,0.0,1.0,1.0,3.0,1,20966.0
260.0,32.0,0,1.0,13.0,2,1,3.0,2.0,0,4.0,0,2.0,0.0,2.0,0.0,1.0,1,17794.0
3271.0,29.0,0,1.0,13.0,2,1,3.0,5.0,0,3.0,1,3.0,1.0,4.0,1.0,1.0,1,21381.0
1386.0,26.0,1,1.0,6.0,3,1,3.0,3.0,0,5.0,2,1.0,0.0,5.0,1.0,2.0,1,17867.0
3623.0,35.0,1,1.0,10.0,2,0,4.0,4.0,1,4.0,1,3.0,0.0,5.0,1.0,3.0,2,24111.0
916.0,46.0,1,3.0,10.0,3,0,2.0,4.0,2,4.0,0,3.0,0.0,5.0,1.0,0.0,4,33789.0
4237.0,29.0,1,1.0,9.0,3,1,3.0,6.0,0,3.0,1,7.0,1.0,3.0,1.0,2.0,1,22142.0
1719.0,45.0,0,1.0,13.0,2,1,3.0,1.0,1,3.0,1,5.0,0.0,1.0,1.0,0.0,2,21434.0
489.0,43.0,1,1.0,12.0,2,1,2.0,4.0,4,3.0,1,5.0,1.0,3.0,1.0,0.0,0,31627.0
3910.0,40.0,1,1.0,13.0,3,1,3.0,5.0,3,5.0,1,6.0,0.0,4.0,1.0,1.0,3,28669.0
3694.0,30.0,0,1.0,7.0,2,1,4.0,2.0,1,3.0,3,2.0,1.0,3.0,0.0,2.0,2,24972.0
2157.0,36.0,1,1.0,8.0,3,1,3.0,3.0,0,3.0,2,5.0,0.0,5.0,1.0,1.0,1,17519.0
1081.0,35.0,1,1.0,22.0,2,0,3.0,4.0,3,4.0,3,2.0,0.0,1.0,1.0,2.0,3,23606.0
4303.0,38.0,1,1.0,17.0,2,1,3.0,4.0,1,4.0,3,4.0,1.0,5.0,0.0,2.0,2,22875.0
2244.0,55.0,0,1.0,8.0,3,1,2.0,4.0,4,5.0,2,1.0,0.0,3.0,1.0,1.0,0,31756.0
1144.0,31.0,0,3.0,8.0,2,1,2.0,3.0,1,5.0,2,1.0,0.0,1.0,0.0,0.0,2,20332.0
533.0,40.0,0,3.0,11.0,2,1,2.0,4.0,3,5.0,0,6.0,1.0,5.0,0.0,1.0,3,25475.0
4308.0,32.0,1,1.0,14.0,3,0,3.0,4.0,1,5.0,1,3.0,0.0,1.0,1.0,1.0,2,22984.0
3109.0,48.0,1,3.0,9.0,2,0,4.0,5.0,0,3.0,3,3.0,1.0,2.0,1.0,1.0,1,21972.0
146.0,30.0,1,1.0,8.0,3,1,2.0,4.0,0,3.0,2,1.0,0.0,4.0,0.0,0.0,1,17720.0
1436.0,21.0,1,3.0,11.0,3,1,2.0,3.0,0,5.0,2,2.0,1.0,1.0,1.0,0.0,1,17380.0
635.0,35.0,1,1.0,15.0,2,0,3.0,4.0,3,3.0,0,2.0,1.0,4.0,1.0,1.0,3,25685.0
1583.0,24.0,1,1.0,24.0,2,1,2.0,3.0,0,3.0,1,1.0,0.0,4.0,0.0,0.0,1,17774.0
2911.0,38.0,0,3.0,16.0,3,1,4.0,4.0,3,4.0,1,3.0,0.0,2.0,1.0,1.0,3,27512.0
4388.0,25.0,1,1.0,30.0,3,1,3.0,2.0,0,3.0,1,3.0,1.0,4.0,0.0,1.0,1,21403.0
4717.0,35.0,0,1.0,10.0,2,1,3.0,5.0,0,3.0,1,5.0,0.0,1.0,0.0,1.0,1,21657.0
3597.0,19.0,0,3.0,10.0,3,0,4.0,4.0,0,3.0,2,3.0,1.0,5.0,0.0,2.0,1,20247.0
1533.0,59.0,1,3.0,31.0,2,0,4.0,3.0,3,5.0,3,1.0,0.0,3.0,1.0,1.0,3,22637.0
4729.0,22.0,1,1.0,7.0,1,0,4.0,5.0,0,4.0,2,3.0,1.0,5.0,1.0,2.0,1,20748.0
74.0,36.0,1,1.0,12.0,2,0,2.0,2.0,1,3.0,0,4.0,0.0,2.0,0.0,0.0,2,18038.0
4556.0,39.0,1,3.0,16.0,3,1,4.0,5.0,0,4.0,1,2.0,0.0,4.0,0.0,3.0,1,21577.0
1068.0,28.0,0,1.0,8.0,3,1,2.0,4.0,0,5.0,2,1.0,0.0,4.0,0.0,0.0,1,17561.0
1506.0,50.0,1,3.0,9.0,3,1,2.0,4.0,0,3.0,1,2.0,1.0,4.0,1.0,1.0,1,17683.0
3816.0,40.0,1,1.0,16.0,3,1,3.0,4.0,1,5.0,1,3.0,0.0,4.0,1.0,1.0,2,23829.0
3152.0,37.0,0,3.0,15.0,1,1,3.0,4.0,1,3.0,1,6.0,0.0,3.0,1.0,1.0,2,23757.0
1571.0,32.0,1,1.0,6.0,2,1,3.0,3.0,0,5.0,2,2.0,0.0,1.0,0.0,1.0,1,17956.0
4205.0,37.0,1,1.0,10.0,1,1,2.0,4.0,1,4.0,3,6.0,0.0,1.0,1.0,1.0,2,23163.0
3994.0,31.0,1,1.0,7.0,2,1,3.0,5.0,1,3.0,1,3.0,1.0,1.0,1.0,2.0,2,23804.0
163.0,57.0,1,1.0,30.0,2,1,2.0,2.0,3,3.0,1,4.0,1.0,4.0,1.0,1.0,3,24439.0
3071.0,53.0,0,1.0,32.0,3,0,3.0,5.0,4,3.0,0,5.0,0.0,5.0,0.0,2.0,0,32504.0
3312.0,29.0,1,1.0,26.0,3,1,4.0,5.0,0,5.0,0,3.0,0.0,3.0,1.0,3.0,1,21874.0
4400.0,38.0,1,3.0,9.0,3,1,4.0,4.0,1,3.0,1,6.0,1.0,3.0,0.0,3.0,2,28280.0
2875.0,55.0,1,1.0,15.0,2,0,3.0,4.0,1,3.0,3,2.0,0.0,2.0,1.0,1.0,2,22458.0
2220.0,44.0,1,3.0,34.0,3,0,2.0,1.0,4,3.0,1,4.0,1.0,1.0,1.0,0.0,0,28320.0
2486.0,27.0,1,1.0,32.0,2,1,3.0,6.0,0,3.0,2,3.0,0.0,2.0,1.0,2.0,1,20971.0
3259.0,22.0,1,1.0,7.0,1,0,4.0,5.0,0,4.0,2,3.0,1.0,5.0,0.0,3.0,1,20748.0
4039.0,27.0,1,1.0,13.0,2,0,3.0,5.0,0,4.0,1,3.0,0.0,3.0,1.0,2.0,1,21046.0
4468.0,28.0,1,1.0,14.0,3,0,3.0,5.0,1,5.0,3,2.0,0.0,3.0,1.0,1.0,2,25489.0
1934.0,37.0,1,1.0,6.0,1,0,2.0,3.0,3,3.0,3,5.0,0.0,5.0,1.0,0.0,3,22491.0
2224.0,33.0,0,3.0,14.0,2,0,2.0,4.0,0,3.0,2,1.0,0.0,1.0,0.0,1.0,1,17342.0
108.0,25.0,1,1.0,13.0,3,1,3.0,4.0,0,3.0,0,2.0,0.0,2.0,1.0,2.0,1,17889.0
210.0,32.0,1,3.0,10.0,3,1,2.0,5.0,3,3.0,0,2.0,0.0,2.0,1.0,1.0,3,25400.0
3560.0,56.0,1,3.0,33.0,3,1,3.0,5.0,2,3.0,1,3.0,0.0,3.0,1.0,2.0,4,38264.0
4756.0,29.0,1,1.0,19.0,2,0,4.0,4.0,0,3.0,1,3.0,1.0,4.0,1.0,2.0,1,21193.0
70.0,59.0,0,3.0,6.0,2,0,2.0,4.0,1,3.0,2,1.0,0.0,5.0,1.0,1.0,2,20473.0
382.0,26.0,0,1.0,9.0,1,1,3.0,3.0,0,5.0,2,1.0,0.0,3.0,0.0,2.0,1,18102.0
4190.0,36.0,1,1.0,29.0,2,0,4.0,2.0,3,4.0,1,2.0,0.0,5.0,1.0,3.0,3,30674.0
83.0,38.0,0,1.0,12.0,3,0,3.0,5.0,1,3.0,1,1.0,1.0,2.0,0.0,2.0,2,20329.0
502.0,53.0,1,3.0,6.0,3,0,2.0,3.0,1,5.0,3,1.0,0.0,2.0,1.0,1.0,2,23381.0
3246.0,34.0,0,3.0,14.0,2,0,2.0,4.0,1,4.0,0,2.0,0.0,4.0,1.0,1.0,2,22980.0
1696.0,37.0,0,3.0,10.0,3,1,2.0,3.0,0,3.0,1,5.0,0.0,4.0,1.0,0.0,1,17793.0
562.0,33.0,1,1.0,6.0,2,1,3.0,3.0,0,3.0,2,2.0,1.0,3.0,1.0,0.0,1,17686.0
2310.0,35.0,1,1.0,6.0,3,1,2.0,4.0,0,3.0,1,7.0,0.0,1.0,1.0,1.0,1,17258.0
1096.0,40.0,1,2.0,12.0,3,1,2.0,3.0,4,3.0,2,2.0,1.0,3.0,1.0,1.0,0,31437.0
808.0,29.0,1,1.0,34.0,2,0,3.0,3.0,0,3.0,1,5.0,0.0,5.0,0.0,1.0,1,17514.0
3841.0,55.0,1,1.0,16.0,2,0,4.0,4.0,1,3.0,1,5.0,0.0,5.0,0.0,2.0,2,21575.0
1695.0,59.0,1,1.0,9.0,2,1,3.0,4.0,0,3.0,1,4.0,0.0,3.0,0.0,0.0,1,17177.0
556.0,53.0,1,1.0,12.0,2,1,2.0,3.0,1,3.0,2,3.0,0.0,5.0,1.0,0.0,2,17450.0
3263.0,29.0,1,1.0,9.0,2,1,4.0,5.0,0,4.0,0,2.0,0.0,2.0,0.0,3.0,1,21879.0
1681.0,30.0,0,1.0,6.0,2,1,2.0,4.0,3,3.0,3,2.0,0.0,5.0,1.0,1.0,3,23474.0
1948.0,25.0,1,3.0,19.0,3,1,2.0,3.0,0,3.0,1,2.0,0.0,3.0,1.0,1.0,1,17096.0
4295.0,31.0,1,3.0,9.0,1,1,4.0,4.0,0,4.0,1,3.0,0.0,3.0,1.0,1.0,1,21154.0
131.0,50.0,0,3.0,18.0,3,0,3.0,3.0,3,3.0,3,5.0,0.0,5.0,0.0,0.0,3,24208.0
410.0,30.0,1,1.0,8.0,2,0,2.0,5.0,1,3.0,2,3.0,0.0,2.0,0.0,1.0,2,21091.0
1501.0,44.0,1,1.0,16.0,2,1,2.0,3.0,1,3.0,1,3.0,1.0,3.0,0.0,1.0,2,21465.0
506.0,37.0,1,1.0,9.0,2,1,2.0,3.0,3,3.0,0,2.0,0.0,2.0,1.0,0.0,3,24434.0
1314.0,45.0,0,3.0,8.0,2,0,3.0,3.0,1,3.0,1,5.0,0.0,1.0,1.0,2.0,2,20154.0
3054.0,28.0,1,1.0,12.0,1,1,3.0,5.0,3,3.0,1,3.0,1.0,3.0,0.0,1.0,3,31486.0
3802.0,32.0,1,3.0,17.0,3,0,3.0,4.0,1,3.0,1,4.0,1.0,1.0,0.0,1.0,2,25261.0
3991.0,46.0,1,1.0,13.0,2,1,3.0,4.0,3,5.0,1,6.0,1.0,3.0,1.0,2.0,3,31923.0
734.0,22.0,1,1.0,14.0,2,1,3.0,5.0,0,5.0,0,2.0,0.0,2.0,1.0,0.0,1,17451.0
1072.0,29.0,0,1.0,8.0,2,0,3.0,3.0,0,4.0,0,1.0,0.0,5.0,0.0,2.0,1,18180.0
4174.0,33.0,0,1.0,14.0,2,1,4.0,2.0,0,4.0,1,3.0,0.0,1.0,0.0,2.0,1,21472.0
596.0,35.0,1,1.0,6.0,2,0,2.0,1.0,0,3.0,2,4.0,0.0,3.0,0.0,0.0,1,17506.0
4562.0,38.0,0,3.0,28.0,3,0,3.0,4.0,0,3.0,1,7.0,0.0,1.0,1.0,1.0,1,21651.0
3374.0,52.0,0,1.0,13.0,3,0,3.0,5.0,0,3.0,3,2.0,0.0,5.0,1.0,2.0,1,21516.0
3934.0,25.0,0,1.0,18.0,2,0,4.0,2.0,1,3.0,1,2.0,0.0,5.0,0.0,2.0,2,22689.0
3042.0,29.0,1,1.0,9.0,3,1,3.0,4.0,0,3.0,3,8.0,0.0,3.0,0.0,1.0,1,23060.0
3068.0,54.0,1,3.0,14.0,3,0,4.0,5.0,3,3.0,0,2.0,1.0,2.0,0.0,1.0,3,29612.0
4016.0,21.0,0,1.0,13.0,2,0,4.0,5.0,0,3.0,3,3.0,1.0,1.0,0.0,1.0,1,21604.0
499.0,33.0,1,3.0,14.0,3,1,2.0,3.0,1,3.0,1,1.0,0.0,2.0,1.0,1.0,2,22104.0
1822.0,48.0,1,3.0,35.0,3,0,3.0,3.0,3,3.0,1,4.0,0.0,4.0,0.0,1.0,3,27504.0
1439.0,36.0,1,3.0,9.0,3,0,3.0,4.0,3,3.0,1,1.0,0.0,3.0,1.0,0.0,3,22644.0
2480.0,51.0,1,3.0,10.0,3,1,3.0,5.0,0,3.0,0,3.0,1.0,4.0,0.0,1.0,1,21361.0
1503.0,39.0,1,3.0,11.0,1,1,2.0,3.0,1,3.0,1,4.0,0.0,1.0,0.0,0.0,2,17086.0
233.0,50.0,1,3.0,6.0,3,0,3.0,3.0,2,3.0,1,4.0,0.0,2.0,1.0,1.0,4,34517.0
2537.0,47.0,0,1.0,7.0,3,1,3.0,5.0,3,5.0,0,4.0,1.0,2.0,1.0,2.0,3,29351.0
4815.0,49.0,0,3.0,31.0,2,1,4.0,6.0,0,3.0,2,3.0,1.0,1.0,1.0,3.0,1,21237.0
4878.0,35.0,1,1.0,17.0,3,1,3.0,4.0,1,5.0,3,3.0,0.0,4.0,0.0,1.0,2,24803.0
18.0,53.0,1,3.0,8.0,2,0,3.0,4.0,4,3.0,0,3.0,0.0,3.0,1.0,0.0,0,30427.0
3022.0,39.0,0,1.0,9.0,2,0,4.0,2.0,1,5.0,3,8.0,1.0,2.0,1.0,3.0,2,24658.0
4346.0,35.0,1,1.0,9.0,2,1,4.0,5.0,0,3.0,1,5.0,0.0,5.0,1.0,3.0,1,21446.0
1422.0,35.0,1,1.0,17.0,3,1,2.0,3.0,0,3.0,1,1.0,1.0,5.0,0.0,0.0,1,17660.0
4422.0,36.0,1,1.0,13.0,2,1,3.0,6.0,1,3.0,3,3.0,0.0,5.0,0.0,2.0,2,25324.0
178.0,46.0,1,3.0,6.0,3,0,3.0,3.0,3,5.0,1,2.0,0.0,2.0,1.0,1.0,3,25453.0
2228.0,59.0,1,3.0,6.0,1,1,3.0,3.0,3,3.0,1,4.0,1.0,1.0,1.0,0.0,3,26904.0
3662.0,42.0,1,3.0,13.0,3,1,3.0,4.0,3,3.0,3,3.0,0.0,5.0,1.0,1.0,3,27919.0
4695.0,27.0,1,1.0,7.0,3,1,3.0,5.0,0,5.0,1,3.0,0.0,3.0,1.0,2.0,1,22633.0
3096.0,38.0,0,3.0,26.0,3,1,3.0,4.0,3,4.0,3,3.0,1.0,5.0,0.0,1.0,3,26320.0
2366.0,31.0,1,1.0,30.0,3,0,3.0,4.0,1,5.0,3,2.0,0.0,5.0,1.0,0.0,2,21812.0
2710.0,32.0,1,1.0,30.0,3,1,4.0,5.0,1,3.0,0,2.0,0.0,3.0,1.0,2.0,2,24260.0
2599.0,30.0,0,1.0,7.0,1,1,3.0,4.0,1,3.0,0,3.0,0.0,3.0,0.0,2.0,2,22997.0
3024.0,36.0,1,3.0,15.0,2,0,4.0,4.0,0,3.0,0,3.0,0.0,3.0,0.0,1.0,1,21250.0
3137.0,37.0,1,3.0,10.0,2,1,3.0,5.0,3,3.0,0,3.0,1.0,2.0,1.0,1.0,3,29003.0
919.0,59.0,1,1.0,24.0,3,1,3.0,3.0,3,3.0,3,7.0,0.0,3.0,1.0,1.0,3,25512.0
4735.0,50.0,1,3.0,15.0,1,1,3.0,5.0,4,4.0,1,8.0,0.0,4.0,1.0,2.0,0,31798.0
2684.0,40.0,1,1.0,7.0,3,0,4.0,4.0,0,3.0,1,2.0,0.0,3.0,0.0,2.0,1,20910.0
479.0,24.0,0,1.0,13.0,2,0,2.0,3.0,0,3.0,0,2.0,1.0,4.0,0.0,0.0,1,17886.0
2367.0,59.0,1,3.0,9.0,2,0,2.0,4.0,1,3.0,2,6.0,0.0,3.0,0.0,0.0,2,20171.0
4362.0,41.0,1,1.0,13.0,2,0,4.0,4.0,4,3.0,2,2.0,0.0,5.0,1.0,1.0,0,31915.0
4568.0,40.0,1,2.0,9.0,2,0,3.0,5.0,1,3.0,1,2.0,0.0,3.0,1.0,1.0,2,23882.0
1374.0,58.0,1,3.0,27.0,2,0,3.0,3.0,4,3.0,1,5.0,1.0,5.0,1.0,0.0,0,32875.0
1792.0,32.0,1,1.0,8.0,3,0,3.0,1.0,1,3.0,2,1.0,0.0,3.0,0.0,0.0,2,20055.0
721.0,50.0,1,1.0,30.0,2,1,3.0,3.0,4,3.0,0,4.0,1.0,4.0,0.0,0.0,0,28973.0
45.0,41.0,1,1.0,18.0,1,0,2.0,3.0,2,3.0,0,2.0,0.0,4.0,1.0,0.0,4,34545.0
1504.0,24.0,1,1.0,6.0,3,1,3.0,3.0,0,3.0,1,3.0,1.0,3.0,0.0,2.0,1,17293.0
1769.0,51.0,1,1.0,8.0,3,1,2.0,5.0,1,4.0,1,6.0,0.0,1.0,0.0,1.0,2,20482.0
107.0,25.0,1,3.0,11.0,3,1,2.0,4.0,1,3.0,2,2.0,1.0,3.0,1.0,0.0,2,20744.0
125.0,26.0,1,1.0,12.0,2,0,2.0,4.0,0,4.0,0,2.0,0.0,3.0,1.0,0.0,1,17368.0
4580.0,23.0,1,1.0,10.0,2,0,3.0,4.0,1,3.0,1,2.0,1.0,5.0,1.0,2.0,2,22849.0
3310.0,41.0,0,3.0,9.0,3,1,4.0,4.0,1,4.0,0,7.0,0.0,4.0,1.0,3.0,2,23005.0
1381.0,28.0,0,1.0,22.0,3,1,2.0,3.0,0,3.0,2,2.0,0.0,3.0,0.0,0.0,1,17144.0
2227.0,34.0,1,3.0,6.0,3,1,3.0,1.0,1,3.0,1,1.0,0.0,5.0,0.0,1.0,2,24725.0
3181.0,42.0,1,1.0,14.0,3,0,3.0,4.0,1,3.0,3,8.0,0.0,3.0,1.0,1.0,2,23681.0
3730.0,41.0,1,1.0,9.0,2,0,3.0,4.0,0,5.0,1,6.0,0.0,4.0,1.0,2.0,1,22055.0
4533.0,34.0,1,3.0,7.0,3,1,3.0,2.0,1,5.0,1,3.0,0.0,4.0,0.0,2.0,2,22715.0
1986.0,23.0,1,1.0,10.0,3,1,2.0,1.0,0,5.0,1,3.0,0.0,4.0,0.0,1.0,1,17819.0
168.0,38.0,1,3.0,6.0,2,0,2.0,4.0,1,3.0,3,5.0,0.0,2.0,1.0,1.0,2,23686.0
3523.0,40.0,1,1.0,13.0,2,0,3.0,4.0,3,4.0,3,6.0,0.0,3.0,0.0,2.0,3,27054.0
3997.0,39.0,0,1.0,13.0,3,0,4.0,6.0,1,3.0,1,2.0,1.0,1.0,0.0,3.0,2,24007.0
1294.0,41.0,1,1.0,11.0,2,1,2.0,1.0,1,4.0,3,4.0,0.0,5.0,1.0,0.0,2,21870.0
24.0,34.0,1,1.0,12.0,3,1,2.0,3.0,0,5.0,2,3.0,0.0,2.0,1.0,1.0,1,17960.0
742.0,50.0,1,1.0,15.0,2,1,3.0,3.0,0,3.0,0,5.0,0.0,5.0,1.0,0.0,1,17380.0
1536.0,36.0,0,1.0,17.0,2,1,3.0,4.0,1,4.0,3,2.0,0.0,4.0,1.0,1.0,2,21499.0
2542.0,59.0,1,3.0,17.0,3,1,3.0,4.0,4,3.0,2,2.0,0.0,3.0,1.0,2.0,0,32550.0
4786.0,34.0,0,3.0,32.0,3,0,3.0,4.0,1,3.0,1,3.0,0.0,3.0,0.0,2.0,2,23217.0
607.0,49.0,1,3.0,17.0,3,0,2.0,3.0,3,3.0,0,2.0,0.0,4.0,0.0,1.0,3,22654.0
2811.0,51.0,1,1.0,17.0,1,1,4.0,5.0,3,3.0,2,8.0,0.0,5.0,0.0,3.0,3,29174.0
2661.0,30.0,1,1.0,7.0,1,1,3.0,4.0,0,3.0,2,2.0,0.0,2.0,0.0,1.0,1,20736.0
3234.0,34.0,1,1.0,12.0,2,1,3.0,5.0,3,3.0,1,6.0,0.0,3.0,0.0,1.0,3,25797.0
4672.0,60.0,1,3.0,7.0,1,1,4.0,4.0,3,3.0,1,5.0,1.0,1.0,1.0,1.0,3,30582.0
3294.0,33.0,0,3.0,9.0,2,0,4.0,4.0,0,5.0,1,3.0,0.0,3.0,0.0,2.0,1,21505.0
3603.0,40.0,0,1.0,11.0,3,0,3.0,4.0,1,3.0,3,2.0,0.0,3.0,1.0,1.0,2,23720.0
362.0,21.0,0,3.0,15.0,3,1,2.0,3.0,0,3.0,2,2.0,0.0,4.0,0.0,0.0,1,17610.0
4333.0,31.0,0,1.0,10.0,2,1,3.0,4.0,0,3.0,1,6.0,0.0,3.0,1.0,1.0,1,20775.0
3142.0,36.0,1,3.0,25.0,3,0,3.0,4.0,1,3.0,0,3.0,0.0,4.0,1.0,1.0,2,23279.0
2803.0,37.0,0,3.0,10.0,3,1,3.0,5.0,3,3.0,0,6.0,0.0,2.0,0.0,2.0,3,28377.0
858.0,53.0,1,1.0,13.0,3,0,2.0,3.0,2,3.0,1,4.0,0.0,2.0,1.0,0.0,4,33606.0
4340.0,31.0,0,1.0,9.0,3,0,3.0,4.0,0,3.0,2,2.0,0.0,4.0,1.0,1.0,1,21242.0
2576.0,32.0,1,3.0,27.0,2,0,4.0,6.0,1,3.0,0,5.0,1.0,3.0,1.0,1.0,2,23237.0
1246.0,30.0,0,2.0,14.0,2,0,3.0,4.0,0,3.0,1,7.0,0.0,5.0,1.0,2.0,1,17180.0
3363.0,60.0,1,1.0,25.0,3,1,4.0,4.0,3,3.0,2,8.0,0.0,3.0,1.0,2.0,3,29190.0
1090.0,29.0,1,1.0,14.0,2,0,2.0,5.0,1,5.0,1,4.0,0.0,1.0,0.0,0.0,2,24715.0
4711.0,27.0,1,1.0,28.0,3,1,3.0,4.0,0,3.0,1,3.0,0.0,5.0,1.0,1.0,1,21055.0
3293.0,44.0,1,3.0,16.0,3,0,3.0,6.0,1,3.0,3,2.0,0.0,2.0,1.0,2.0,2,24024.0
2270.0,28.0,0,1.0,6.0,3,1,2.0,4.0,0,4.0,1,2.0,0.0,4.0,1.0,0.0,1,17596.0
4084.0,28.0,1,1.0,24.0,1,1,3.0,4.0,0,4.0,1,2.0,1.0,4.0,0.0,1.0,1,21736.0
2837.0,35.0,0,3.0,11.0,3,0,4.0,4.0,1,3.0,0,2.0,0.0,2.0,1.0,1.0,2,25216.0
2505.0,39.0,0,1.0,36.0,2,0,3.0,4.0,1,3.0,2,3.0,0.0,3.0,1.0,1.0,2,21084.0
2134.0,36.0,1,1.0,20.0,2,1,3.0,3.0,1,3.0,1,1.0,1.0,5.0,1.0,0.0,2,21586.0
1252.0,34.0,1,1.0,8.0,3,1,3.0,1.0,0,3.0,1,1.0,1.0,1.0,0.0,1.0,1,17932.0
4623.0,32.0,0,1.0,16.0,3,1,3.0,5.0,0,5.0,2,2.0,1.0,3.0,0.0,2.0,1,20999.0
1664.0,45.0,0,1.0,8.0,3,1,3.0,4.0,4,3.0,1,1.0,0.0,4.0,1.0,2.0,0,31792.0
1687.0,29.0,1,1.0,6.0,1,1,2.0,3.0,0,3.0,2,1.0,0.0,1.0,0.0,0.0,1,17058.0
1636.0,41.0,1,1.0,20.0,2,1,2.0,3.0,0,3.0,1,5.0,0.0,4.0,1.0,1.0,1,17451.0
4504.0,34.0,1,1.0,14.0,3,1,3.0,4.0,3,3.0,1,2.0,0.0,4.0,1.0,1.0,3,30369.0
1507.0,35.0,1,3.0,8.0,3,0,3.0,3.0,0,3.0,1,2.0,0.0,1.0,1.0,2.0,1,17014.0
1424.0,35.0,1,1.0,15.0,3,1,2.0,3.0,1,3.0,2,2.0,0.0,4.0,0.0,1.0,2,20098.0
4792.0,43.0,0,2.0,9.0,3,1,4.0,2.0,1,5.0,1,2.0,0.0,1.0,1.0,2.0,2,24950.0
4437.0,51.0,1,1.0,35.0,3,1,4.0,2.0,0,3.0,1,3.0,1.0,1.0,0.0,2.0,1,21899.0
1322.0,46.0,1,1.0,8.0,2,1,2.0,3.0,3,3.0,1,4.0,0.0,1.0,1.0,1.0,3,23578.0
2489.0,42.0,1,1.0,19.0,1,0,3.0,4.0,2,3.0,0,3.0,0.0,4.0,1.0,1.0,4,38223.0
466.0,41.0,1,3.0,8.0,2,0,3.0,3.0,4,5.0,0,1.0,0.0,5.0,1.0,1.0,0,31595.0
2094.0,53.0,1,3.0,13.0,3,0,3.0,4.0,3,3.0,1,1.0,1.0,1.0,0.0,1.0,3,25934.0
1024.0,47.0,1,1.0,8.0,3,0,2.0,3.0,4,3.0,0,4.0,0.0,5.0,1.0,0.0,0,32169.0
90.0,40.0,0,1.0,6.0,2,1,3.0,4.0,4,4.0,0,2.0,0.0,2.0,1.0,2.0,0,28503.0
372.0,35.0,1,1.0,15.0,2,1,3.0,4.0,1,4.0,3,1.0,0.0,2.0,1.0,2.0,2,21540.0
1799.0,47.0,1,1.0,11.0,2,1,2.0,3.0,2,3.0,1,5.0,0.0,1.0,1.0,0.0,4,33300.0
1675.0,29.0,1,3.0,33.0,3,0,2.0,3.0,3,3.0,1,2.0,0.0,3.0,0.0,0.0,3,22639.0
789.0,44.0,1,2.0,6.0,3,1,3.0,4.0,3,5.0,0,1.0,0.0,4.0,1.0,0.0,3,25482.0
3797.0,35.0,0,1.0,23.0,1,1,3.0,6.0,0,5.0,1,3.0,1.0,3.0,1.0,1.0,1,20985.0
3196.0,37.0,1,1.0,23.0,2,0,3.0,2.0,0,5.0,3,3.0,0.0,2.0,1.0,1.0,1,21421.0
3324.0,33.0,0,1.0,20.0,2,0,4.0,5.0,0,4.0,0,3.0,0.0,5.0,0.0,1.0,1,21421.0
1936.0,41.0,1,3.0,8.0,2,0,3.0,3.0,4,5.0,1,1.0,0.0,5.0,1.0,2.0,0,31595.0
1765.0,42.0,0,3.0,32.0,3,0,3.0,3.0,4,4.0,1,6.0,0.0,3.0,1.0,1.0,0,28525.0
3226.0,31.0,1,1.0,27.0,2,1,3.0,4.0,1,5.0,0,2.0,0.0,4.0,1.0,1.0,2,28635.0
4399.0,28.0,1,1.0,13.0,3,0,4.0,5.0,0,3.0,1,2.0,0.0,1.0,0.0,2.0,1,20865.0
1617.0,41.0,0,1.0,16.0,2,1,3.0,4.0,4,5.0,1,5.0,0.0,1.0,1.0,0.0,0,32181.0
3296.0,30.0,1,1.0,13.0,3,0,3.0,4.0,0,3.0,0,3.0,0.0,3.0,0.0,1.0,1,21809.0
1342.0,34.0,1,3.0,10.0,2,1,3.0,3.0,3,3.0,1,3.0,1.0,4.0,0.0,2.0,3,24713.0
2015.0,30.0,1,3.0,33.0,3,1,3.0,3.0,1,3.0,1,1.0,0.0,3.0,1.0,2.0,2,20304.0
4136.0,38.0,0,1.0,18.0,2,1,3.0,4.0,3,3.0,1,3.0,1.0,3.0,1.0,2.0,3,30863.0
4789.0,45.0,1,1.0,36.0,2,1,3.0,4.0,1,3.0,3,3.0,0.0,5.0,1.0,2.0,2,23219.0
2906.0,35.0,1,3.0,28.0,2,1,4.0,3.0,1,3.0,3,3.0,0.0,3.0,1.0,1.0,2,24015.0
3785.0,32.0,1,1.0,27.0,2,1,3.0,4.0,1,3.0,1,3.0,0.0,5.0,0.0,1.0,2,22875.0
3868.0,36.0,1,1.0,16.0,3,1,3.0,4.0,1,3.0,3,3.0,0.0,4.0,0.0,2.0,2,23776.0
578.0,38.0,0,1.0,8.0,2,0,3.0,1.0,1,5.0,2,7.0,1.0,2.0,1.0,2.0,2,20980.0
3236.0,34.0,0,1.0,36.0,3,0,3.0,5.0,1,3.0,3,3.0,0.0,5.0,1.0,1.0,2,23186.0
4386.0,38.0,1,1.0,7.0,2,0,4.0,4.0,1,4.0,1,8.0,0.0,1.0,1.0,3.0,2,25125.0
1663.0,43.0,0,1.0,13.0,3,1,2.0,1.0,0,3.0,1,5.0,0.0,4.0,1.0,0.0,1,17089.0
4290.0,52.0,1,3.0,21.0,2,0,3.0,4.0,1,3.0,1,6.0,0.0,3.0,1.0,1.0,2,23614.0
3110.0,23.0,1,1.0,10.0,2,0,3.0,4.0,1,3.0,0,2.0,1.0,5.0,1.0,2.0,2,22849.0
435.0,33.0,1,1.0,21.0,3,1,2.0,3.0,3,3.0,0,1.0,1.0,5.0,0.0,0.0,3,28610.0
352.0,48.0,1,3.0,35.0,3,0,3.0,3.0,3,3.0,0,4.0,0.0,4.0,0.0,0.0,3,27504.0
100.0,37.0,1,2.0,12.0,2,1,3.0,3.0,0,5.0,1,5.0,1.0,2.0,1.0,0.0,1,17073.0
2386.0,46.0,1,1.0,28.0,3,1,3.0,3.0,1,3.0,1,2.0,1.0,5.0,1.0,2.0,2,33789.0
2158.0,19.0,1,3.0,27.0,2,1,2.0,4.0,0,4.0,2,2.0,1.0,1.0,1.0,1.0,1,17121.0
3531.0,35.0,1,3.0,14.0,1,1,3.0,4.0,0,3.0,1,2.0,1.0,1.0,0.0,2.0,1,20986.0
4540.0,33.0,1,1.0,15.0,3,0,4.0,2.0,1,3.0,1,7.0,0.0,3.0,1.0,3.0,2,23853.0
63.0,59.0,1,3.0,31.0,2,0,2.0,3.0,3,5.0,3,1.0,0.0,3.0,1.0,0.0,3,22637.0
4068.0,33.0,0,3.0,15.0,3,0,3.0,4.0,3,3.0,3,3.0,0.0,4.0,1.0,2.0,3,27676.0
1206.0,26.0,0,1.0,13.0,3,1,3.0,3.0,0,3.0,2,2.0,0.0,4.0,1.0,2.0,1,17570.0
230.0,52.0,1,1.0,8.0,2,0,2.0,4.0,0,3.0,2,1.0,0.0,3.0,0.0,0.0,1,18212.0
4374.0,27.0,1,3.0,36.0,3,1,3.0,4.0,1,3.0,1,7.0,0.0,5.0,0.0,1.0,2,22984.0
2716.0,29.0,1,1.0,16.0,3,1,4.0,4.0,0,3.0,0,3.0,0.0,2.0,1.0,2.0,1,20748.0
4263.0,30.0,0,3.0,9.0,2,1,4.0,4.0,1,3.0,1,3.0,0.0,1.0,1.0,2.0,2,23327.0
2518.0,37.0,1,1.0,13.0,2,0,3.0,3.0,1,3.0,0,5.0,0.0,2.0,0.0,1.0,2,21716.0
10.0,35.0,1,1.0,22.0,3,1,2.0,2.0,0,4.0,0,1.0,0.0,3.0,1.0,1.0,1,17426.0
2691.0,35.0,1,1.0,9.0,2,1,3.0,5.0,1,5.0,0,8.0,0.0,4.0,0.0,2.0,2,24635.0
2490.0,35.0,0,3.0,30.0,3,1,4.0,4.0,1,3.0,3,2.0,0.0,5.0,1.0,2.0,2,23246.0
779.0,51.0,1,1.0,10.0,2,1,2.0,3.0,0,3.0,0,1.0,1.0,2.0,1.0,1.0,1,17461.0
2864.0,30.0,1,1.0,10.0,3,1,4.0,5.0,3,3.0,0,3.0,0.0,2.0,1.0,3.0,3,30613.0
159.0,34.0,0,3.0,8.0,3,0,3.0,3.0,0,3.0,0,7.0,0.0,5.0,1.0,2.0,1,17231.0
4670.0,33.0,0,1.0,36.0,3,0,4.0,4.0,0,3.0,3,2.0,0.0,3.0,1.0,3.0,1,22703.0
338.0,30.0,1,3.0,11.0,3,0,1.0,4.0,1,3.0,1,2.0,0.0,2.0,0.0,0.0,2,21118.0
2460.0,33.0,1,1.0,12.0,2,1,4.0,3.0,0,4.0,1,2.0,1.0,2.0,1.0,1.0,1,21976.0
3033.0,30.0,1,1.0,7.0,2,0,3.0,5.0,0,5.0,0,3.0,1.0,2.0,0.0,1.0,1,20997.0
2570.0,59.0,1,1.0,30.0,3,0,4.0,4.0,3,3.0,0,3.0,0.0,3.0,1.0,1.0,3,28990.0
280.0,53.0,1,1.0,9.0,3,1,2.0,3.0,4,3.0,0,4.0,1.0,5.0,0.0,0.0,0,32584.0
3242.0,34.0,1,1.0,32.0,3,1,3.0,5.0,0,4.0,2,6.0,1.0,4.0,0.0,1.0,1,20991.0
2246.0,20.0,0,3.0,15.0,3,0,2.0,3.0,0,3.0,2,2.0,1.0,4.0,1.0,0.0,1,17323.0
799.0,42.0,1,1.0,8.0,3,1,2.0,3.0,4,5.0,0,1.0,0.0,3.0,1.0,1.0,0,32665.0
3805.0,27.0,0,1.0,13.0,2,1,4.0,2.0,0,3.0,1,2.0,0.0,4.0,1.0,2.0,1,21222.0
4805.0,45.0,1,1.0,9.0,2,0,4.0,2.0,0,3.0,1,3.0,0.0,4.0,1.0,3.0,1,20689.0
4239.0,32.0,0,1.0,14.0,2,0,3.0,5.0,3,3.0,1,3.0,0.0,1.0,1.0,1.0,3,27621.0
4845.0,31.0,0,1.0,16.0,3,1,3.0,4.0,0,5.0,3,4.0,1.0,3.0,0.0,2.0,1,23373.0
3945.0,45.0,1,1.0,17.0,2,1,3.0,4.0,1,3.0,1,4.0,1.0,3.0,0.0,2.0,2,25143.0
2423.0,44.0,1,3.0,7.0,2,1,2.0,5.0,1,4.0,2,7.0,0.0,3.0,0.0,1.0,2,17362.0
256.0,42.0,1,1.0,8.0,3,0,2.0,4.0,0,5.0,1,1.0,1.0,4.0,1.0,0.0,1,17593.0
3255.0,39.0,1,3.0,9.0,3,1,3.0,4.0,3,4.0,3,2.0,0.0,4.0,1.0,1.0,3,26029.0
157.0,58.0,1,1.0,15.0,3,0,3.0,4.0,0,4.0,0,5.0,1.0,2.0,1.0,0.0,1,18346.0
2024.0,27.0,1,1.0,13.0,3,0,2.0,4.0,1,5.0,3,1.0,0.0,3.0,1.0,0.0,2,21811.0
1451.0,38.0,1,3.0,16.0,2,0,3.0,3.0,1,3.0,1,2.0,0.0,4.0,0.0,2.0,2,20343.0
1911.0,42.0,0,1.0,11.0,2,1,3.0,3.0,0,3.0,1,5.0,0.0,3.0,0.0,1.0,1,17093.0
4855.0,31.0,0,3.0,10.0,3,0,4.0,4.0,0,3.0,3,3.0,1.0,5.0,1.0,2.0,1,23305.0
1998.0,50.0,0,3.0,14.0,1,1,2.0,3.0,1,3.0,1,4.0,1.0,5.0,0.0,0.0,2,21796.0
2895.0,43.0,1,1.0,31.0,3,1,3.0,4.0,3,5.0,0,3.0,1.0,2.0,1.0,2.0,3,26084.0
610.0,27.0,1,1.0,11.0,1,1,2.0,4.0,3,3.0,1,2.0,1.0,3.0,0.0,0.0,3,27808.0
2738.0,38.0,0,1.0,16.0,3,1,3.0,4.0,0,3.0,0,3.0,1.0,2.0,0.0,1.0,1,21004.0
151.0,35.0,1,3.0,6.0,3,1,3.0,3.0,3,4.0,0,2.0,0.0,4.0,1.0,2.0,3,22295.0
2655.0,31.0,0,1.0,7.0,2,1,3.0,5.0,3,3.0,3,3.0,0.0,5.0,1.0,2.0,3,27152.0
4778.0,42.0,0,1.0,12.0,2,1,4.0,5.0,0,5.0,1,8.0,0.0,3.0,0.0,2.0,1,20785.0
3626.0,37.0,0,1.0,7.0,3,0,3.0,5.0,1,3.0,1,2.0,0.0,5.0,1.0,2.0,2,23052.0
2086.0,51.0,1,3.0,32.0,3,0,3.0,3.0,4,3.0,1,3.0,0.0,3.0,1.0,1.0,0,31307.0
4759.0,41.0,0,1.0,33.0,3,0,4.0,5.0,1,3.0,1,5.0,1.0,1.0,0.0,2.0,2,23100.0
1826.0,42.0,1,1.0,8.0,2,1,3.0,4.0,1,3.0,3,4.0,0.0,1.0,1.0,0.0,2,21781.0
2974.0,28.0,1,1.0,7.0,2,0,4.0,4.0,3,5.0,0,3.0,0.0,4.0,1.0,3.0,3,26090.0
3539.0,34.0,1,1.0,35.0,2,1,4.0,4.0,1,3.0,1,3.0,1.0,1.0,1.0,1.0,2,23885.0
2827.0,23.0,1,1.0,18.0,3,0,3.0,4.0,0,4.0,0,3.0,0.0,2.0,1.0,1.0,1,20922.0
825.0,29.0,1,1.0,14.0,3,1,3.0,4.0,1,3.0,0,2.0,1.0,3.0,0.0,0.0,2,20056.0
3345.0,49.0,1,1.0,9.0,1,1,4.0,2.0,0,4.0,2,7.0,0.0,2.0,0.0,3.0,1,21237.0
4034.0,31.0,0,1.0,30.0,2,1,4.0,6.0,0,3.0,1,3.0,0.0,3.0,0.0,1.0,1,21291.0
2116.0,53.0,1,3.0,14.0,3,1,3.0,3.0,4,3.0,1,6.0,0.0,3.0,1.0,0.0,0,26836.0
3787.0,30.0,1,1.0,14.0,2,1,3.0,4.0,0,5.0,2,5.0,0.0,4.0,0.0,1.0,1,20740.0
1402.0,31.0,1,1.0,8.0,3,0,2.0,5.0,0,3.0,1,2.0,1.0,5.0,1.0,0.0,1,16129.0
1078.0,44.0,1,1.0,34.0,2,1,2.0,3.0,4,5.0,0,4.0,0.0,1.0,1.0,0.0,0,31328.0
244.0,45.0,1,1.0,6.0,2,1,3.0,2.0,2,3.0,0,1.0,0.0,4.0,1.0,2.0,4,34202.0
3510.0,34.0,1,1.0,11.0,3,0,3.0,5.0,0,4.0,0,2.0,0.0,1.0,0.0,1.0,1,22516.0
2648.0,39.0,1,1.0,36.0,3,1,4.0,4.0,1,5.0,0,2.0,1.0,3.0,0.0,2.0,2,25351.0
3288.0,31.0,1,3.0,17.0,3,1,4.0,5.0,1,3.0,0,3.0,0.0,2.0,1.0,1.0,2,25256.0
494.0,34.0,1,3.0,20.0,1,0,2.0,3.0,0,3.0,1,2.0,1.0,5.0,1.0,1.0,1,17579.0
3878.0,53.0,0,3.0,127.0,2,1,3.0,4.0,0,3.0,1,4.0,0.0,1.0,1.0,2.0,1,22160.0
807.0,38.0,1,3.0,16.0,3,1,3.0,4.0,3,3.0,1,1.0,1.0,3.0,1.0,0.0,3,23740.0
95.0,54.0,1,1.0,8.0,1,0,2.0,3.0,3,3.0,0,1.0,0.0,4.0,1.0,0.0,3,28549.0
442.0,36.0,0,3.0,16.0,3,1,2.0,3.0,3,3.0,3,2.0,0.0,2.0,1.0,1.0,3,24980.0
928.0,44.0,1,1.0,21.0,3,0,3.0,3.0,3,3.0,0,2.0,0.0,3.0,0.0,1.0,3,22978.0
1447.0,36.0,0,3.0,21.0,3,1,2.0,5.0,1,3.0,1,2.0,0.0,1.0,1.0,0.0,2,20406.0
4121.0,37.0,0,1.0,25.0,3,0,4.0,4.0,0,3.0,2,3.0,0.0,3.0,0.0,2.0,1,20831.0
4124.0,33.0,1,3.0,11.0,3,1,3.0,6.0,3,3.0,1,3.0,0.0,1.0,1.0,1.0,3,29078.0
2692.0,38.0,1,1.0,7.0,3,0,3.0,5.0,0,5.0,0,4.0,0.0,4.0,1.0,2.0,1,22598.0
2330.0,22.0,0,1.0,9.0,2,1,2.0,4.0,0,3.0,1,1.0,1.0,3.0,0.0,1.0,1,17853.0
2715.0,48.0,0,1.0,36.0,2,1,3.0,4.0,3,4.0,0,3.0,1.0,3.0,1.0,1.0,3,30527.0
4229.0,44.0,0,1.0,17.0,2,0,3.0,4.0,0,3.0,2,2.0,0.0,5.0,0.0,1.0,1,21133.0
3331.0,43.0,0,1.0,33.0,3,0,3.0,4.0,3,5.0,0,5.0,1.0,3.0,0.0,2.0,3,31869.0
2882.0,36.0,1,1.0,23.0,2,1,4.0,4.0,3,3.0,0,6.0,1.0,2.0,0.0,2.0,3,26310.0
418.0,26.0,1,1.0,29.0,2,0,2.0,3.0,0,3.0,1,2.0,0.0,3.0,1.0,1.0,1,17886.0
3696.0,35.0,1,1.0,9.0,3,1,4.0,2.0,0,3.0,1,2.0,1.0,1.0,0.0,2.0,1,21610.0
1977.0,29.0,1,3.0,9.0,3,0,3.0,3.0,1,3.0,1,2.0,0.0,1.0,0.0,0.0,2,20561.0
1548.0,37.0,1,1.0,13.0,3,1,1.0,3.0,3,3.0,2,5.0,0.0,1.0,0.0,0.0,3,28664.0
3304.0,23.0,0,1.0,10.0,2,1,3.0,5.0,0,3.0,0,2.0,1.0,3.0,0.0,1.0,1,21531.0
3059.0,28.0,0,1.0,10.0,3,1,3.0,4.0,0,3.0,0,3.0,0.0,2.0,1.0,1.0,1,20384.0
4102.0,35.0,0,1.0,9.0,2,1,3.0,5.0,1,3.0,1,3.0,0.0,4.0,0.0,2.0,2,28225.0
4703.0,45.0,1,2.0,7.0,3,1,4.0,5.0,3,5.0,1,2.0,0.0,4.0,1.0,1.0,3,29160.0
1087.0,34.0,1,3.0,13.0,1,1,2.0,3.0,0,3.0,1,1.0,1.0,1.0,0.0,1.0,1,17308.0
4741.0,29.0,0,1.0,13.0,2,1,3.0,5.0,0,3.0,1,3.0,1.0,4.0,1.0,2.0,1,21381.0
942.0,36.0,1,1.0,16.0,1,0,3.0,3.0,3,3.0,0,4.0,0.0,3.0,0.0,2.0,3,22094.0
958.0,34.0,1,1.0,15.0,2,1,2.0,3.0,3,3.0,1,1.0,0.0,5.0,1.0,1.0,3,23500.0
3006.0,34.0,1,1.0,7.0,2,1,4.0,4.0,0,3.0,3,3.0,1.0,3.0,1.0,1.0,1,21364.0
2395.0,42.0,0,1.0,7.0,2,0,3.0,1.0,3,4.0,2,2.0,0.0,3.0,1.0,0.0,3,17372.0
1697.0,29.0,0,3.0,6.0,3,0,2.0,3.0,3,3.0,1,2.0,0.0,3.0,1.0,1.0,3,22918.0
3731.0,43.0,1,1.0,20.0,3,1,4.0,2.0,1,5.0,1,7.0,0.0,4.0,1.0,1.0,2,24216.0
1921.0,42.0,1,1.0,30.0,3,1,2.0,3.0,3,5.0,1,2.0,1.0,1.0,1.0,0.0,3,22406.0
246.0,33.0,1,1.0,11.0,2,0,3.0,4.0,0,3.0,0,2.0,0.0,2.0,0.0,2.0,1,17911.0
894.0,54.0,1,1.0,9.0,2,1,2.0,3.0,4,3.0,0,4.0,0.0,5.0,1.0,1.0,0,32779.0
2303.0,27.0,1,1.0,12.0,2,1,2.0,4.0,0,3.0,1,2.0,0.0,1.0,1.0,1.0,1,17539.0
4201.0,39.0,1,1.0,30.0,2,1,3.0,4.0,1,3.0,1,2.0,0.0,3.0,0.0,2.0,2,24423.0
3655.0,38.0,0,3.0,7.0,3,1,3.0,6.0,1,3.0,1,3.0,0.0,1.0,0.0,2.0,2,28203.0
4271.0,22.0,0,3.0,7.0,1,0,4.0,5.0,0,4.0,2,3.0,1.0,5.0,1.0,3.0,1,20852.0
4635.0,51.0,1,1.0,31.0,2,1,4.0,4.0,4,3.0,1,5.0,1.0,4.0,1.0,3.0,0,32651.0
2077.0,49.0,1,3.0,17.0,3,0,2.0,3.0,3,3.0,1,2.0,0.0,4.0,0.0,0.0,3,22654.0
2726.0,30.0,0,3.0,9.0,2,1,3.0,4.0,1,3.0,3,3.0,0.0,2.0,0.0,1.0,2,23232.0
4123.0,47.0,1,1.0,7.0,3,1,4.0,4.0,3,5.0,1,2.0,0.0,1.0,0.0,3.0,3,28074.0
336.0,29.0,1,1.0,14.0,2,1,3.0,5.0,0,5.0,0,2.0,1.0,3.0,1.0,1.0,1,17119.0
2316.0,35.0,1,1.0,8.0,2,1,2.0,4.0,3,4.0,1,3.0,0.0,4.0,1.0,0.0,3,25274.0
2091.0,36.0,1,3.0,6.0,2,1,2.0,3.0,1,3.0,1,2.0,1.0,3.0,1.0,1.0,2,21201.0
3298.0,46.0,1,1.0,14.0,3,0,3.0,4.0,0,3.0,0,6.0,1.0,3.0,1.0,1.0,1,23155.0
1884.0,24.0,1,3.0,6.0,1,0,3.0,3.0,0,4.0,2,2.0,1.0,4.0,0.0,0.0,1,18202.0
3758.0,46.0,0,3.0,9.0,2,0,4.0,4.0,1,3.0,1,6.0,0.0,1.0,1.0,3.0,2,23832.0
2478.0,25.0,1,1.0,7.0,3,1,4.0,4.0,0,3.0,0,4.0,1.0,3.0,1.0,3.0,1,20971.0
1185.0,43.0,1,1.0,21.0,2,1,3.0,4.0,4,3.0,1,2.0,0.0,3.0,1.0,1.0,0,32603.0
1735.0,29.0,1,3.0,8.0,3,1,3.0,4.0,1,4.0,1,3.0,0.0,4.0,1.0,0.0,2,21644.0
4188.0,22.0,1,1.0,10.0,3,1,4.0,5.0,0,3.0,3,3.0,0.0,5.0,1.0,3.0,1,21908.0
1862.0,54.0,1,1.0,11.0,3,1,2.0,3.0,2,5.0,1,5.0,0.0,4.0,1.0,0.0,4,34406.0
2022.0,56.0,1,1.0,15.0,3,1,2.0,3.0,4,3.0,1,1.0,0.0,4.0,0.0,0.0,0,26103.0
3975.0,39.0,0,1.0,36.0,2,0,3.0,4.0,1,3.0,2,3.0,0.0,3.0,1.0,1.0,2,21084.0
4142.0,36.0,0,3.0,7.0,3,0,4.0,4.0,3,3.0,3,3.0,0.0,5.0,1.0,1.0,3,27467.0
2659.0,42.0,1,3.0,13.0,2,0,4.0,4.0,3,3.0,2,5.0,1.0,2.0,0.0,2.0,3,32269.0
1608.0,25.0,1,3.0,34.0,2,1,2.0,4.0,1,3.0,1,3.0,0.0,4.0,1.0,1.0,2,23639.0
2265.0,37.0,1,3.0,16.0,2,0,2.0,4.0,1,3.0,1,3.0,1.0,4.0,1.0,1.0,2,21694.0
597.0,42.0,1,1.0,6.0,2,0,2.0,4.0,1,3.0,0,1.0,1.0,3.0,0.0,1.0,2,21062.0
2309.0,42.0,1,3.0,10.0,3,1,2.0,3.0,1,5.0,2,1.0,0.0,5.0,1.0,0.0,2,20155.0
1637.0,30.0,1,3.0,11.0,2,0,2.0,3.0,3,3.0,1,3.0,0.0,4.0,1.0,1.0,3,24419.0
3133.0,21.0,1,1.0,11.0,1,1,3.0,4.0,0,5.0,3,3.0,0.0,3.0,1.0,2.0,1,21651.0
459.0,41.0,0,1.0,8.0,2,0,3.0,4.0,1,3.0,3,3.0,1.0,2.0,0.0,0.0,2,21811.0
4371.0,19.0,0,3.0,12.0,3,1,4.0,4.0,0,4.0,2,3.0,1.0,4.0,1.0,1.0,1,20556.0
1820.0,42.0,1,2.0,8.0,1,1,2.0,3.0,0,3.0,1,1.0,1.0,4.0,1.0,1.0,1,17696.0
3849.0,32.0,0,1.0,17.0,3,0,3.0,4.0,3,3.0,1,6.0,0.0,1.0,1.0,2.0,3,29709.0
829.0,33.0,1,3.0,15.0,3,0,3.0,3.0,1,5.0,3,1.0,1.0,3.0,0.0,1.0,2,23224.0
601.0,40.0,0,1.0,22.0,3,1,2.0,4.0,1,3.0,2,7.0,0.0,5.0,1.0,1.0,2,20094.0
2060.0,33.0,1,1.0,13.0,3,1,2.0,3.0,3,3.0,1,1.0,0.0,4.0,1.0,0.0,3,26691.0
1925.0,33.0,1,1.0,6.0,3,0,3.0,1.0,4,3.0,1,5.0,0.0,1.0,1.0,0.0,0,31184.0
4342.0,48.0,1,1.0,9.0,3,0,4.0,4.0,1,3.0,1,7.0,0.0,1.0,0.0,1.0,2,23748.0
2392.0,44.0,1,3.0,15.0,2,1,3.0,4.0,0,5.0,1,4.0,0.0,1.0,1.0,2.0,1,34190.0
1110.0,35.0,1,1.0,8.0,2,0,3.0,3.0,0,5.0,1,2.0,1.0,1.0,1.0,1.0,1,17074.0
81.0,35.0,1,1.0,6.0,3,1,1.0,4.0,0,3.0,2,2.0,0.0,4.0,1.0,0.0,1,17859.0
1290.0,34.0,0,1.0,15.0,2,1,3.0,3.0,1,5.0,1,5.0,0.0,3.0,0.0,1.0,2,20346.0
3980.0,37.0,0,1.0,18.0,2,1,4.0,5.0,1,4.0,3,3.0,0.0,4.0,1.0,2.0,2,25177.0
2784.0,38.0,1,1.0,12.0,3,1,4.0,4.0,1,3.0,1,2.0,0.0,3.0,0.0,1.0,2,25025.0
2509.0,56.0,1,1.0,15.0,3,0,3.0,4.0,4,3.0,1,4.0,1.0,3.0,0.0,2.0,0,33434.0
2380.0,23.0,0,3.0,7.0,2,0,2.0,3.0,0,4.0,2,2.0,1.0,5.0,1.0,1.0,1,16223.0
4458.0,48.0,0,3.0,10.0,3,0,3.0,4.0,4,3.0,1,2.0,1.0,5.0,1.0,1.0,0,32448.0
2371.0,48.0,0,3.0,30.0,2,1,3.0,5.0,0,3.0,2,2.0,1.0,1.0,1.0,2.0,1,17559.0
2483.0,34.0,0,3.0,7.0,2,0,3.0,3.0,1,5.0,0,4.0,0.0,3.0,1.0,1.0,2,24054.0
1458.0,35.0,1,1.0,6.0,2,0,3.0,5.0,0,3.0,1,2.0,0.0,3.0,0.0,1.0,1,17977.0
3959.0,42.0,1,1.0,19.0,1,0,3.0,4.0,2,3.0,1,3.0,0.0,4.0,1.0,2.0,4,38223.0
3582.0,51.0,0,1.0,27.0,3,1,3.0,4.0,4,3.0,1,4.0,1.0,4.0,1.0,2.0,0,29923.0
2525.0,36.0,1,1.0,7.0,3,1,2.0,5.0,0,3.0,3,3.0,0.0,4.0,1.0,1.0,1,21537.0
862.0,44.0,0,1.0,23.0,2,1,3.0,5.0,0,3.0,2,3.0,0.0,4.0,1.0,0.0,1,17290.0
2019.0,34.0,1,1.0,14.0,3,0,3.0,3.0,1,3.0,2,4.0,0.0,4.0,0.0,1.0,2,21142.0
1428.0,32.0,1,3.0,6.0,3,1,3.0,4.0,0,4.0,1,1.0,0.0,1.0,0.0,2.0,1,17269.0
408.0,52.0,1,1.0,10.0,2,0,1.0,3.0,4,3.0,0,3.0,0.0,5.0,1.0,0.0,0,31555.0
4627.0,46.0,1,1.0,7.0,3,0,4.0,4.0,0,3.0,1,5.0,0.0,5.0,1.0,1.0,1,20948.0
766.0,50.0,1,1.0,8.0,3,1,3.0,3.0,2,3.0,0,3.0,1.0,2.0,1.0,1.0,4,34237.0
3198.0,34.0,0,3.0,15.0,2,0,3.0,5.0,0,3.0,2,2.0,0.0,2.0,1.0,2.0,1,21020.0
4213.0,52.0,1,1.0,9.0,3,1,3.0,6.0,1,4.0,1,7.0,0.0,1.0,0.0,2.0,2,24160.0
1034.0,45.0,1,1.0,26.0,3,1,3.0,5.0,3,5.0,1,3.0,1.0,3.0,0.0,0.0,3,25851.0
429.0,46.0,1,1.0,8.0,2,1,2.0,3.0,4,3.0,0,7.0,0.0,5.0,0.0,0.0,0,32861.0
1372.0,39.0,1,1.0,15.0,3,1,2.0,3.0,1,5.0,1,2.0,0.0,4.0,1.0,0.0,2,20151.0
1373.0,38.0,0,1.0,14.0,3,0,2.0,4.0,1,4.0,1,2.0,1.0,1.0,1.0,0.0,2,17133.0
3027.0,35.0,1,3.0,15.0,2,0,4.0,4.0,1,5.0,0,7.0,0.0,2.0,1.0,1.0,2,25178.0
2676.0,60.0,1,2.0,13.0,3,1,3.0,4.0,0,3.0,0,2.0,0.0,4.0,1.0,1.0,1,20945.0
1542.0,31.0,1,1.0,6.0,3,1,2.0,3.0,0,4.0,2,2.0,0.0,3.0,1.0,0.0,1,17501.0
4443.0,39.0,1,1.0,7.0,2,0,3.0,2.0,1,3.0,3,2.0,0.0,1.0,0.0,1.0,2,26303.0
1435.0,44.0,1,1.0,6.0,3,1,2.0,3.0,0,3.0,2,7.0,1.0,4.0,0.0,1.0,1,17436.0
4004.0,41.0,0,1.0,7.0,2,1,4.0,5.0,4,4.0,1,3.0,0.0,1.0,1.0,2.0,0,32181.0
2293.0,29.0,0,1.0,16.0,2,0,3.0,3.0,0,4.0,1,1.0,0.0,5.0,0.0,0.0,1,18291.0
2605.0,28.0,0,1.0,16.0,3,1,3.0,4.0,0,4.0,1,8.0,0.0,3.0,0.0,1.0,1,20702.0
1069.0,28.0,1,1.0,6.0,2,1,3.0,4.0,0,3.0,1,2.0,0.0,4.0,0.0,1.0,1,16563.0
3076.0,43.0,0,1.0,9.0,3,1,3.0,4.0,0,3.0,2,7.0,1.0,2.0,0.0,2.0,1,21193.0
1818.0,42.0,1,1.0,29.0,2,0,2.0,3.0,4,3.0,2,3.0,0.0,3.0,0.0,0.0,0,30992.0
4592.0,49.0,1,1.0,27.0,3,1,3.0,4.0,0,3.0,1,6.0,0.0,1.0,1.0,1.0,1,20937.0
2452.0,39.0,0,1.0,30.0,2,1,3.0,5.0,3,3.0,3,2.0,0.0,3.0,0.0,1.0,3,28204.0
464.0,37.0,1,1.0,6.0,1,0,2.0,3.0,3,3.0,3,5.0,0.0,5.0,1.0,1.0,3,22491.0
2167.0,29.0,0,3.0,26.0,1,0,2.0,3.0,0,3.0,1,2.0,0.0,3.0,0.0,1.0,1,17157.0
3481.0,46.0,1,1.0,36.0,1,1,3.0,4.0,3,3.0,0,6.0,1.0,5.0,1.0,1.0,3,28058.0
3282.0,43.0,0,3.0,19.0,2,1,3.0,4.0,4,5.0,2,2.0,1.0,5.0,1.0,2.0,0,32436.0
1103.0,48.0,1,3.0,22.0,2,0,3.0,3.0,1,3.0,1,1.0,0.0,4.0,1.0,0.0,2,21439.0
4456.0,39.0,1,1.0,7.0,2,0,3.0,4.0,3,3.0,3,6.0,1.0,1.0,0.0,2.0,3,26539.0
717.0,27.0,1,1.0,22.0,1,0,2.0,3.0,0,4.0,0,1.0,0.0,2.0,1.0,0.0,1,17811.0
3590.0,35.0,0,1.0,17.0,2,1,3.0,2.0,1,3.0,1,3.0,0.0,4.0,1.0,1.0,2,23402.0
819.0,28.0,1,1.0,8.0,2,1,3.0,4.0,0,4.0,0,1.0,0.0,2.0,0.0,2.0,1,18201.0
3754.0,59.0,0,1.0,22.0,2,1,3.0,4.0,4,3.0,1,4.0,1.0,1.0,1.0,1.0,0,34465.0
1894.0,57.0,1,3.0,35.0,3,1,2.0,4.0,4,3.0,1,4.0,0.0,3.0,1.0,0.0,0,29118.0
784.0,38.0,1,1.0,23.0,2,0,3.0,4.0,3,3.0,0,1.0,0.0,2.0,0.0,2.0,3,23823.0
1147.0,49.0,1,1.0,31.0,2,0,2.0,3.0,0,5.0,1,2.0,0.0,3.0,0.0,0.0,1,18211.0
1688.0,45.0,0,3.0,12.0,3,0,2.0,4.0,3,3.0,3,7.0,0.0,4.0,1.0,0.0,3,23865.0
1405.0,31.0,0,1.0,16.0,3,0,2.0,3.0,3,3.0,1,5.0,0.0,1.0,1.0,1.0,3,26031.0
2412.0,36.0,1,3.0,16.0,3,1,2.0,4.0,3,5.0,1,1.0,0.0,5.0,0.0,0.0,3,22094.0
1840.0,21.0,1,3.0,18.0,2,0,2.0,1.0,0,4.0,2,2.0,0.0,5.0,0.0,1.0,1,17716.0
2719.0,38.0,0,1.0,7.0,3,0,2.0,4.0,3,3.0,1,4.0,1.0,3.0,0.0,1.0,3,32281.0
3616.0,30.0,1,3.0,17.0,3,1,3.0,5.0,1,3.0,3,2.0,0.0,4.0,1.0,1.0,2,24547.0
4794.0,33.0,0,1.0,20.0,2,0,4.0,5.0,0,4.0,1,3.0,0.0,5.0,1.0,1.0,1,21421.0
589.0,29.0,1,1.0,6.0,2,0,2.0,4.0,0,5.0,0,2.0,1.0,2.0,0.0,0.0,1,17319.0
3983.0,37.0,1,1.0,16.0,3,1,4.0,5.0,0,3.0,1,2.0,1.0,1.0,1.0,3.0,1,22066.0
4080.0,42.0,1,1.0,21.0,2,1,3.0,4.0,0,3.0,1,6.0,0.0,4.0,1.0,2.0,1,21129.0
1716.0,33.0,1,1.0,11.0,2,0,3.0,4.0,0,3.0,1,2.0,0.0,1.0,0.0,0.0,1,17911.0
3527.0,41.0,1,1.0,16.0,2,1,3.0,4.0,0,5.0,2,5.0,0.0,1.0,1.0,2.0,1,20696.0
1800.0,43.0,0,1.0,16.0,2,0,2.0,4.0,1,3.0,1,2.0,0.0,3.0,1.0,0.0,2,20257.0
2396.0,43.0,0,1.0,8.0,2,1,3.0,3.0,0,3.0,1,7.0,1.0,3.0,0.0,0.0,1,25231.0
2020.0,23.0,1,1.0,15.0,3,1,2.0,3.0,0,5.0,1,2.0,0.0,3.0,1.0,0.0,1,17500.0
654.0,39.0,1,2.0,8.0,2,0,2.0,4.0,1,3.0,0,1.0,0.0,3.0,0.0,0.0,2,20204.0
149.0,19.0,1,1.0,9.0,3,0,3.0,3.0,0,4.0,2,2.0,0.0,3.0,1.0,2.0,1,16483.0
2946.0,54.0,1,3.0,7.0,3,0,3.0,4.0,1,5.0,3,2.0,0.0,2.0,1.0,2.0,2,27059.0
1946.0,24.0,1,1.0,23.0,2,1,3.0,4.0,0,4.0,1,2.0,0.0,3.0,1.0,1.0,1,17127.0
3687.0,46.0,1,2.0,11.0,2,0,3.0,6.0,3,3.0,1,6.0,0.0,1.0,1.0,2.0,3,28434.0
3753.0,27.0,1,3.0,17.0,3,1,3.0,4.0,1,3.0,3,3.0,0.0,1.0,0.0,1.0,2,23362.0
3870.0,33.0,1,1.0,36.0,2,0,3.0,5.0,0,4.0,3,3.0,0.0,3.0,1.0,1.0,1,21515.0
870.0,35.0,1,3.0,23.0,2,1,3.0,3.0,1,5.0,0,4.0,1.0,3.0,1.0,1.0,2,23966.0
2516.0,32.0,1,1.0,7.0,3,1,3.0,4.0,0,4.0,2,3.0,0.0,3.0,0.0,1.0,1,21179.0
1616.0,30.0,1,1.0,8.0,3,1,2.0,4.0,0,3.0,2,1.0,0.0,4.0,0.0,0.0,1,17720.0
3291.0,35.0,0,1.0,7.0,3,1,4.0,5.0,1,5.0,3,2.0,0.0,2.0,1.0,3.0,2,24021.0
2023.0,40.0,1,1.0,8.0,3,0,2.0,4.0,0,3.0,2,1.0,1.0,3.0,0.0,0.0,1,17342.0
2778.0,46.0,1,1.0,15.0,2,1,4.0,4.0,1,3.0,0,2.0,0.0,3.0,1.0,1.0,2,22375.0
4305.0,41.0,1,1.0,9.0,3,0,4.0,5.0,1,3.0,1,8.0,0.0,5.0,1.0,2.0,2,22126.0
972.0,18.0,0,1.0,6.0,2,0,3.0,3.0,0,3.0,2,2.0,0.0,5.0,1.0,1.0,1,16611.0
3894.0,36.0,1,2.0,33.0,2,0,3.0,4.0,3,3.0,3,3.0,1.0,1.0,1.0,1.0,3,27515.0
2124.0,39.0,1,2.0,8.0,2,0,2.0,4.0,1,3.0,1,1.0,0.0,3.0,1.0,0.0,2,20204.0
950.0,31.0,0,3.0,8.0,2,0,2.0,3.0,3,3.0,1,2.0,1.0,1.0,1.0,0.0,3,24852.0
406.0,52.0,1,1.0,9.0,3,1,2.0,4.0,3,3.0,0,3.0,1.0,2.0,0.0,0.0,3,22969.0
4328.0,25.0,1,3.0,7.0,1,0,4.0,4.0,0,4.0,3,3.0,1.0,4.0,0.0,1.0,1,21880.0
4793.0,61.0,1,3.0,14.0,3,1,3.0,2.0,1,3.0,1,2.0,1.0,5.0,0.0,1.0,2,23898.0
4032.0,37.0,1,1.0,10.0,2,0,3.0,4.0,0,3.0,1,7.0,0.0,1.0,0.0,2.0,1,21513.0
745.0,55.0,0,1.0,24.0,3,1,3.0,3.0,1,4.0,0,4.0,1.0,5.0,1.0,2.0,2,21385.0
4208.0,38.0,0,1.0,16.0,3,1,3.0,4.0,0,3.0,1,3.0,1.0,1.0,0.0,2.0,1,21004.0
39.0,33.0,0,3.0,6.0,2,0,2.0,2.0,1,5.0,0,3.0,0.0,3.0,1.0,0.0,2,20376.0
2466.0,35.0,1,1.0,14.0,2,0,3.0,4.0,3,4.0,2,2.0,0.0,3.0,1.0,1.0,3,30672.0
1849.0,55.0,1,1.0,8.0,2,0,3.0,3.0,4,3.0,2,3.0,1.0,5.0,0.0,0.0,0,31659.0
4508.0,30.0,1,1.0,30.0,2,1,3.0,2.0,0,3.0,1,3.0,0.0,1.0,1.0,2.0,1,21378.0
1656.0,40.0,1,1.0,10.0,3,0,2.0,3.0,2,3.0,1,2.0,0.0,5.0,1.0,1.0,4,34033.0
2538.0,33.0,1,3.0,13.0,3,1,3.0,4.0,1,3.0,3,3.0,0.0,5.0,1.0,1.0,2,23688.0
1392.0,35.0,1,3.0,13.0,2,0,2.0,3.0,1,3.0,1,2.0,1.0,4.0,1.0,1.0,2,20204.0
3435.0,33.0,1,3.0,9.0,3,1,3.0,4.0,1,4.0,0,2.0,1.0,1.0,0.0,2.0,2,22756.0
4461.0,43.0,0,1.0,26.0,3,1,3.0,2.0,0,3.0,1,8.0,1.0,3.0,0.0,1.0,1,21437.0
2581.0,40.0,1,3.0,11.0,2,0,3.0,5.0,1,3.0,0,6.0,0.0,5.0,1.0,1.0,2,24580.0
486.0,37.0,1,3.0,8.0,3,1,3.0,3.0,1,3.0,0,5.0,1.0,3.0,0.0,1.0,2,24602.0
3440.0,28.0,1,3.0,17.0,3,0,4.0,5.0,1,3.0,0,3.0,1.0,3.0,1.0,3.0,2,24447.0
3329.0,26.0,1,3.0,17.0,2,1,3.0,4.0,1,3.0,3,2.0,0.0,2.0,0.0,2.0,2,23628.0
297.0,35.0,1,3.0,22.0,3,1,3.0,3.0,3,4.0,0,1.0,0.0,2.0,1.0,2.0,3,23020.0
1301.0,58.0,0,3.0,8.0,3,1,2.0,3.0,4,4.0,1,5.0,0.0,4.0,1.0,0.0,0,17705.0
2299.0,33.0,1,3.0,15.0,3,0,3.0,3.0,1,5.0,3,1.0,1.0,3.0,0.0,0.0,2,23224.0
1164.0,40.0,1,1.0,22.0,2,0,2.0,3.0,3,3.0,3,7.0,1.0,4.0,1.0,0.0,3,22945.0
545.0,30.0,1,3.0,33.0,3,1,2.0,3.0,1,3.0,1,1.0,0.0,3.0,1.0,0.0,2,20304.0
1101.0,32.0,1,1.0,11.0,2,0,3.0,4.0,1,4.0,1,4.0,0.0,3.0,1.0,0.0,2,20878.0
2848.0,29.0,1,1.0,24.0,3,1,4.0,4.0,1,5.0,1,3.0,0.0,2.0,0.0,1.0,2,23236.0
3923.0,37.0,1,1.0,34.0,3,1,4.0,4.0,1,3.0,1,8.0,0.0,3.0,0.0,1.0,2,23915.0
4269.0,27.0,1,3.0,7.0,2,1,3.0,4.0,1,3.0,1,3.0,0.0,5.0,0.0,2.0,2,23974.0
3987.0,33.0,1,1.0,7.0,2,1,4.0,4.0,1,4.0,1,3.0,0.0,3.0,1.0,1.0,2,24898.0
1274.0,31.0,1,3.0,35.0,3,0,3.0,4.0,1,3.0,1,2.0,0.0,3.0,1.0,0.0,2,20468.0
2767.0,29.0,1,1.0,9.0,3,1,3.0,6.0,0,3.0,0,7.0,1.0,3.0,1.0,1.0,1,22142.0
3951.0,36.0,1,3.0,9.0,3,0,4.0,4.0,0,3.0,1,3.0,0.0,1.0,1.0,3.0,1,20692.0
1634.0,27.0,0,1.0,9.0,3,1,3.0,4.0,0,3.0,1,2.0,1.0,1.0,0.0,2.0,1,17566.0
531.0,32.0,1,1.0,9.0,2,0,2.0,3.0,3,3.0,3,4.0,0.0,2.0,1.0,1.0,3,26159.0
3778.0,28.0,0,1.0,22.0,2,0,4.0,5.0,0,5.0,1,2.0,0.0,4.0,1.0,1.0,1,23452.0
2953.0,34.0,0,1.0,13.0,2,1,2.0,4.0,1,3.0,1,5.0,0.0,5.0,1.0,1.0,2,26403.0
329.0,47.0,1,1.0,11.0,2,1,2.0,3.0,2,3.0,0,5.0,0.0,2.0,0.0,1.0,4,33300.0
3526.0,24.0,1,1.0,27.0,2,1,4.0,4.0,1,3.0,2,2.0,0.0,4.0,1.0,3.0,2,20950.0
3279.0,36.0,1,2.0,15.0,1,1,4.0,4.0,0,3.0,3,3.0,0.0,5.0,0.0,2.0,1,23001.0
4872.0,35.0,0,1.0,24.0,1,1,3.0,5.0,0,3.0,1,2.0,1.0,5.0,1.0,2.0,1,27178.0
3086.0,39.0,1,3.0,16.0,3,1,4.0,5.0,0,4.0,0,2.0,0.0,4.0,0.0,1.0,1,21577.0
550.0,23.0,1,1.0,15.0,3,1,2.0,3.0,0,5.0,0,2.0,0.0,3.0,0.0,1.0,1,17500.0
3973.0,38.0,1,1.0,7.0,2,1,3.0,5.0,1,3.0,1,3.0,0.0,5.0,0.0,1.0,2,24671.0
1433.0,25.0,1,3.0,14.0,2,0,2.0,3.0,1,3.0,1,1.0,1.0,1.0,1.0,1.0,2,19907.0
490.0,38.0,1,1.0,6.0,2,0,2.0,3.0,0,5.0,2,4.0,0.0,2.0,1.0,1.0,1,17619.0
4826.0,27.0,1,1.0,14.0,3,0,3.0,5.0,3,5.0,1,2.0,1.0,4.0,1.0,2.0,3,21553.0
1810.0,37.0,1,1.0,11.0,3,1,3.0,3.0,1,3.0,1,1.0,0.0,3.0,1.0,2.0,2,21347.0
1263.0,42.0,1,1.0,18.0,3,1,2.0,3.0,0,4.0,1,1.0,0.0,1.0,1.0,1.0,1,17766.0
668.0,28.0,1,1.0,15.0,3,0,3.0,3.0,0,3.0,1,6.0,0.0,3.0,1.0,1.0,1,17377.0
3009.0,24.0,1,1.0,17.0,3,1,4.0,3.0,0,3.0,3,3.0,0.0,2.0,1.0,2.0,1,22183.0
314.0,39.0,1,1.0,16.0,3,1,2.0,3.0,4,5.0,0,2.0,1.0,3.0,1.0,1.0,0,32068.0
4125.0,31.0,0,1.0,7.0,2,1,3.0,5.0,3,3.0,3,3.0,0.0,5.0,1.0,2.0,3,27152.0
3883.0,37.0,1,3.0,10.0,3,0,4.0,5.0,3,3.0,1,2.0,0.0,3.0,1.0,1.0,3,26322.0
420.0,29.0,1,1.0,9.0,3,1,3.0,4.0,3,3.0,0,2.0,0.0,2.0,1.0,2.0,3,26935.0
3079.0,36.0,1,1.0,16.0,2,0,4.0,5.0,3,3.0,0,3.0,1.0,4.0,1.0,2.0,3,29363.0
759.0,45.0,1,2.0,30.0,3,1,2.0,3.0,0,4.0,2,2.0,0.0,4.0,0.0,0.0,1,17177.0
4139.0,60.0,1,1.0,10.0,2,1,4.0,5.0,0,3.0,1,5.0,0.0,3.0,0.0,1.0,1,20855.0
4629.0,34.0,0,1.0,7.0,2,0,3.0,2.0,1,4.0,1,3.0,1.0,3.0,1.0,1.0,2,24166.0
4286.0,36.0,1,1.0,16.0,2,1,4.0,5.0,1,4.0,3,2.0,0.0,1.0,0.0,2.0,2,25218.0
1379.0,27.0,0,2.0,28.0,2,0,2.0,4.0,0,4.0,1,2.0,0.0,1.0,1.0,0.0,1,17863.0
2815.0,30.0,1,1.0,30.0,2,1,3.0,4.0,0,3.0,2,2.0,0.0,3.0,1.0,1.0,1,20879.0
3034.0,34.0,1,1.0,14.0,3,1,3.0,4.0,3,3.0,0,2.0,0.0,4.0,0.0,1.0,3,30369.0
2526.0,56.0,1,3.0,7.0,2,1,4.0,4.0,3,3.0,0,5.0,0.0,2.0,0.0,2.0,3,28917.0
4593.0,32.0,0,3.0,27.0,3,0,3.0,4.0,1,3.0,1,3.0,0.0,1.0,1.0,2.0,2,25610.0
4575.0,44.0,1,1.0,15.0,2,0,3.0,4.0,1,4.0,1,6.0,0.0,3.0,1.0,1.0,2,23443.0
1877.0,45.0,1,1.0,16.0,2,1,3.0,3.0,0,3.0,1,4.0,0.0,5.0,0.0,2.0,1,17654.0
3429.0,32.0,1,1.0,29.0,3,1,4.0,4.0,1,3.0,0,3.0,1.0,5.0,1.0,1.0,2,24857.0
4049.0,37.0,1,1.0,13.0,3,1,3.0,4.0,1,4.0,1,8.0,0.0,4.0,0.0,2.0,2,23619.0
1523.0,35.0,0,1.0,17.0,3,1,3.0,4.0,3,5.0,1,3.0,1.0,5.0,1.0,2.0,3,24884.0
1166.0,48.0,0,1.0,10.0,3,1,2.0,4.0,4,3.0,1,3.0,0.0,5.0,1.0,1.0,0,30202.0
2958.0,34.0,0,1.0,10.0,2,1,4.0,4.0,0,5.0,3,3.0,1.0,5.0,1.0,3.0,1,22026.0
1570.0,37.0,1,2.0,12.0,2,1,3.0,3.0,0,5.0,1,5.0,1.0,1.0,0.0,2.0,1,17073.0
415.0,34.0,0,3.0,12.0,3,0,2.0,5.0,0,3.0,1,1.0,0.0,4.0,1.0,1.0,1,17351.0
3538.0,41.0,1,3.0,16.0,3,1,3.0,4.0,1,5.0,1,2.0,0.0,3.0,1.0,2.0,2,24151.0
513.0,20.0,1,1.0,16.0,3,1,2.0,3.0,0,3.0,2,2.0,1.0,5.0,0.0,0.0,1,16009.0
1994.0,34.0,1,1.0,15.0,3,0,2.0,4.0,3,4.0,3,2.0,0.0,1.0,1.0,0.0,3,23621.0
1685.0,41.0,1,3.0,12.0,2,0,3.0,3.0,3,3.0,2,4.0,1.0,1.0,0.0,0.0,3,28591.0
1604.0,26.0,1,2.0,31.0,2,0,3.0,3.0,0,3.0,1,2.0,0.0,4.0,1.0,1.0,1,17942.0
1495.0,53.0,1,1.0,11.0,2,0,2.0,3.0,2,3.0,1,5.0,0.0,4.0,1.0,0.0,4,34094.0
2319.0,43.0,1,3.0,15.0,3,0,2.0,5.0,1,3.0,2,1.0,0.0,1.0,0.0,0.0,2,20346.0
1773.0,31.0,1,3.0,13.0,1,1,3.0,1.0,1,3.0,1,5.0,0.0,1.0,1.0,1.0,2,21929.0
1848.0,34.0,0,3.0,25.0,3,1,3.0,1.0,1,3.0,2,1.0,1.0,1.0,0.0,0.0,2,20304.0
2746.0,29.0,1,1.0,23.0,3,1,4.0,3.0,1,5.0,3,2.0,0.0,5.0,0.0,3.0,2,24339.0
2603.0,35.0,0,3.0,9.0,3,0,4.0,4.0,0,3.0,0,8.0,0.0,5.0,1.0,3.0,1,20909.0
1552.0,55.0,1,3.0,6.0,2,1,3.0,3.0,3,3.0,1,4.0,0.0,1.0,0.0,2.0,3,25239.0
1912.0,36.0,0,3.0,16.0,3,1,2.0,3.0,3,3.0,3,2.0,0.0,1.0,1.0,1.0,3,24980.0
2929.0,28.0,1,1.0,13.0,3,0,4.0,5.0,0,3.0,1,2.0,0.0,2.0,1.0,2.0,1,20865.0
3445.0,38.0,1,1.0,18.0,3,0,4.0,4.0,0,3.0,3,6.0,0.0,3.0,0.0,2.0,1,22307.0
3640.0,42.0,1,3.0,30.0,2,1,4.0,4.0,3,3.0,3,5.0,1.0,3.0,0.0,3.0,3,25760.0
1887.0,40.0,1,3.0,8.0,2,0,3.0,3.0,2,3.0,1,1.0,0.0,3.0,1.0,0.0,4,33041.0
4646.0,31.0,0,1.0,12.0,3,0,3.0,4.0,0,4.0,2,2.0,0.0,3.0,0.0,1.0,1,21100.0
4835.0,29.0,1,1.0,15.0,2,0,3.0,5.0,0,4.0,2,3.0,0.0,4.0,0.0,2.0,1,20832.0
2857.0,43.0,0,1.0,35.0,1,0,3.0,5.0,1,3.0,0,2.0,0.0,3.0,0.0,1.0,2,23201.0
4098.0,54.0,1,1.0,20.0,3,0,3.0,2.0,1,5.0,1,3.0,0.0,1.0,1.0,1.0,2,23128.0
4267.0,38.0,1,1.0,13.0,3,1,3.0,2.0,1,5.0,1,6.0,1.0,3.0,1.0,2.0,2,24652.0
2644.0,28.0,0,1.0,7.0,1,1,3.0,5.0,1,5.0,0,7.0,0.0,3.0,0.0,2.0,2,22976.0
3877.0,26.0,1,3.0,15.0,2,0,3.0,4.0,1,3.0,1,2.0,1.0,1.0,1.0,2.0,2,23585.0
3515.0,50.0,1,1.0,10.0,3,0,3.0,5.0,1,5.0,0,6.0,0.0,3.0,1.0,2.0,2,23467.0
437.0,30.0,1,3.0,13.0,3,1,2.0,3.0,0,4.0,2,1.0,0.0,2.0,1.0,0.0,1,17983.0
4522.0,56.0,1,3.0,9.0,3,1,3.0,4.0,1,3.0,3,6.0,0.0,1.0,1.0,1.0,2,23838.0
2539.0,55.0,1,1.0,9.0,1,0,3.0,4.0,3,3.0,0,2.0,0.0,4.0,1.0,1.0,3,32227.0
3106.0,21.0,1,3.0,9.0,3,0,3.0,5.0,0,3.0,2,3.0,0.0,4.0,0.0,2.0,1,20722.0
3275.0,32.0,0,1.0,22.0,3,1,4.0,4.0,0,3.0,0,3.0,0.0,4.0,1.0,3.0,1,21288.0
2113.0,42.0,1,1.0,9.0,2,0,3.0,1.0,1,3.0,1,3.0,1.0,5.0,1.0,0.0,2,20231.0
3843.0,44.0,1,1.0,18.0,2,1,2.0,4.0,3,3.0,1,3.0,0.0,1.0,1.0,1.0,3,26188.0
2592.0,42.0,1,1.0,16.0,2,1,4.0,4.0,0,5.0,0,4.0,0.0,2.0,0.0,3.0,1,20916.0
585.0,23.0,1,1.0,12.0,2,1,3.0,1.0,0,5.0,0,2.0,1.0,3.0,1.0,2.0,1,16601.0
1136.0,28.0,1,1.0,30.0,3,1,2.0,3.0,0,4.0,1,2.0,1.0,1.0,0.0,0.0,1,17408.0
3498.0,50.0,1,1.0,14.0,2,1,3.0,4.0,3,4.0,1,5.0,0.0,4.0,0.0,2.0,3,29144.0
1833.0,33.0,1,3.0,11.0,3,0,2.0,3.0,0,3.0,2,2.0,1.0,1.0,0.0,1.0,1,17851.0
1336.0,55.0,1,1.0,8.0,1,1,3.0,4.0,0,3.0,1,1.0,0.0,5.0,0.0,0.0,1,17662.0
1107.0,38.0,0,2.0,16.0,2,1,3.0,3.0,1,3.0,1,4.0,0.0,3.0,0.0,2.0,2,21077.0
2954.0,55.0,1,2.0,26.0,3,1,3.0,4.0,3,4.0,0,4.0,0.0,3.0,1.0,1.0,3,29403.0
2930.0,38.0,1,3.0,9.0,3,1,4.0,4.0,1,3.0,0,6.0,1.0,3.0,0.0,2.0,2,28280.0
1803.0,43.0,1,1.0,13.0,2,0,2.0,3.0,3,5.0,1,1.0,0.0,5.0,1.0,0.0,3,24985.0
954.0,42.0,0,1.0,8.0,2,1,2.0,3.0,4,3.0,0,1.0,1.0,4.0,0.0,1.0,0,32861.0
1541.0,29.0,1,1.0,8.0,2,1,3.0,3.0,0,4.0,1,1.0,0.0,4.0,1.0,0.0,1,17703.0
2865.0,30.0,1,1.0,32.0,1,0,4.0,5.0,0,4.0,0,7.0,0.0,3.0,0.0,3.0,1,21224.0
3047.0,46.0,1,1.0,9.0,2,0,4.0,5.0,0,3.0,2,3.0,0.0,3.0,1.0,2.0,1,20952.0
1125.0,29.0,0,1.0,8.0,2,1,2.0,3.0,1,3.0,1,2.0,0.0,3.0,0.0,0.0,2,23853.0
643.0,42.0,1,1.0,9.0,2,0,3.0,1.0,1,3.0,0,3.0,1.0,5.0,0.0,0.0,2,20231.0
3231.0,56.0,0,1.0,9.0,2,1,4.0,4.0,3,4.0,0,5.0,0.0,2.0,1.0,2.0,3,29654.0
2898.0,30.0,1,1.0,26.0,1,1,3.0,4.0,1,3.0,1,6.0,0.0,5.0,0.0,1.0,2,22940.0
4799.0,26.0,1,3.0,17.0,2,1,3.0,4.0,1,3.0,3,2.0,0.0,1.0,1.0,1.0,2,23628.0
2711.0,26.0,0,1.0,12.0,2,1,3.0,3.0,1,5.0,1,3.0,0.0,5.0,1.0,2.0,2,22678.0
30.0,33.0,1,1.0,8.0,3,1,3.0,3.0,0,3.0,2,5.0,0.0,3.0,1.0,2.0,1,17496.0
782.0,30.0,1,1.0,26.0,2,1,2.0,3.0,1,5.0,0,1.0,0.0,4.0,1.0,0.0,2,24957.0
475.0,26.0,1,3.0,34.0,3,1,3.0,3.0,1,4.0,0,2.0,0.0,3.0,1.0,0.0,2,21272.0
4334.0,30.0,1,1.0,10.0,3,1,4.0,5.0,3,3.0,1,3.0,0.0,1.0,0.0,3.0,3,30613.0
4755.0,25.0,1,1.0,31.0,3,1,3.0,4.0,0,4.0,3,2.0,0.0,5.0,0.0,2.0,1,22275.0
161.0,27.0,0,1.0,15.0,3,1,2.0,3.0,0,4.0,1,7.0,0.0,3.0,0.0,0.0,1,17024.0
1225.0,45.0,1,1.0,34.0,1,0,2.0,4.0,4,4.0,2,2.0,0.0,3.0,1.0,0.0,0,31704.0
3121.0,50.0,1,1.0,15.0,2,0,3.0,4.0,3,4.0,0,6.0,0.0,4.0,0.0,1.0,3,26081.0
507.0,29.0,1,3.0,9.0,3,0,3.0,3.0,1,3.0,0,2.0,0.0,2.0,0.0,0.0,2,20561.0
4614.0,59.0,1,1.0,9.0,1,1,3.0,4.0,0,3.0,2,6.0,0.0,1.0,0.0,1.0,1,21157.0
852.0,29.0,1,1.0,12.0,3,0,2.0,3.0,0,3.0,0,2.0,0.0,3.0,0.0,0.0,1,18131.0
2813.0,32.0,1,1.0,16.0,2,1,3.0,5.0,0,4.0,3,2.0,1.0,3.0,1.0,1.0,1,21335.0
13.0,34.0,1,1.0,25.0,3,1,3.0,3.0,0,3.0,1,1.0,0.0,3.0,0.0,2.0,1,17661.0
3912.0,50.0,0,3.0,9.0,3,1,4.0,5.0,1,4.0,1,4.0,0.0,3.0,1.0,3.0,2,24068.0
1540.0,59.0,0,3.0,6.0,2,0,2.0,4.0,1,3.0,2,1.0,0.0,5.0,1.0,0.0,2,20473.0
331.0,27.0,0,3.0,6.0,3,1,3.0,3.0,1,4.0,0,1.0,1.0,2.0,0.0,2.0,2,21349.0
3115.0,35.0,1,1.0,17.0,2,1,3.0,4.0,0,4.0,1,3.0,0.0,2.0,1.0,1.0,1,20686.0
2583.0,31.0,1,2.0,16.0,2,1,3.0,4.0,1,3.0,0,2.0,1.0,3.0,1.0,2.0,2,25025.0
1975.0,26.0,1,1.0,12.0,2,0,3.0,3.0,0,3.0,1,2.0,1.0,1.0,0.0,1.0,1,17659.0
3873.0,40.0,1,1.0,31.0,2,1,3.0,4.0,1,3.0,3,2.0,0.0,4.0,1.0,1.0,2,22786.0
2095.0,45.0,1,3.0,15.0,3,1,3.0,3.0,3,5.0,1,5.0,1.0,1.0,0.0,0.0,3,25761.0
3706.0,44.0,0,1.0,24.0,1,1,3.0,5.0,0,3.0,1,2.0,1.0,5.0,1.0,2.0,1,21115.0
1749.0,50.0,1,1.0,10.0,2,1,3.0,3.0,2,4.0,1,4.0,0.0,5.0,0.0,1.0,4,34144.0
2704.0,33.0,0,1.0,14.0,2,1,4.0,3.0,0,4.0,0,3.0,0.0,2.0,0.0,2.0,1,21472.0
2096.0,32.0,1,1.0,14.0,3,0,3.0,1.0,1,3.0,1,6.0,0.0,3.0,1.0,2.0,2,20175.0
3041.0,43.0,1,1.0,7.0,2,0,3.0,5.0,1,3.0,0,2.0,1.0,3.0,0.0,2.0,2,24740.0
3070.0,33.0,1,1.0,15.0,3,0,4.0,2.0,1,3.0,0,7.0,0.0,3.0,1.0,3.0,2,23853.0
2842.0,38.0,0,1.0,32.0,3,0,4.0,4.0,1,3.0,0,5.0,1.0,3.0,1.0,2.0,2,23127.0
1955.0,27.0,1,1.0,12.0,3,0,3.0,4.0,0,3.0,1,1.0,0.0,1.0,0.0,1.0,1,17187.0
3417.0,36.0,1,1.0,7.0,3,0,3.0,5.0,1,3.0,0,2.0,0.0,1.0,1.0,2.0,2,24041.0
1741.0,47.0,0,1.0,35.0,2,1,2.0,3.0,3,4.0,1,2.0,1.0,3.0,1.0,0.0,3,26849.0
2139.0,39.0,1,1.0,12.0,3,1,3.0,3.0,0,5.0,1,1.0,1.0,1.0,1.0,1.0,1,17404.0
2348.0,42.0,0,2.0,8.0,3,1,3.0,1.0,1,5.0,1,1.0,0.0,1.0,1.0,1.0,2,21272.0
3789.0,36.0,1,1.0,23.0,2,0,3.0,5.0,1,4.0,1,2.0,1.0,1.0,1.0,2.0,2,23466.0
4687.0,37.0,1,1.0,19.0,3,0,3.0,5.0,3,3.0,3,2.0,0.0,1.0,1.0,1.0,3,27536.0
3555.0,54.0,1,1.0,9.0,1,0,4.0,5.0,3,3.0,1,2.0,0.0,5.0,1.0,3.0,3,28847.0
1522.0,44.0,1,3.0,6.0,3,0,3.0,3.0,1,5.0,1,6.0,1.0,1.0,1.0,1.0,2,20454.0
4585.0,35.0,1,1.0,17.0,2,1,3.0,4.0,0,4.0,1,3.0,0.0,1.0,1.0,2.0,1,20686.0
3649.0,33.0,1,1.0,9.0,2,1,4.0,4.0,0,4.0,2,3.0,0.0,3.0,1.0,2.0,1,20071.0
2574.0,44.0,0,1.0,35.0,3,0,4.0,3.0,0,3.0,3,6.0,0.0,3.0,0.0,3.0,1,23417.0
3050.0,35.0,0,1.0,23.0,2,0,4.0,5.0,0,3.0,2,3.0,0.0,5.0,1.0,2.0,1,21231.0
3557.0,33.0,0,1.0,7.0,1,1,4.0,4.0,1,5.0,1,6.0,0.0,4.0,1.0,3.0,2,22765.0
1479.0,36.0,1,1.0,33.0,3,1,3.0,3.0,1,3.0,1,7.0,0.0,3.0,0.0,0.0,2,20237.0
225.0,59.0,1,1.0,9.0,2,1,3.0,4.0,0,3.0,0,4.0,0.0,3.0,0.0,1.0,1,17177.0
1371.0,56.0,1,3.0,17.0,3,0,2.0,4.0,1,5.0,1,5.0,0.0,5.0,0.0,1.0,2,20380.0
4833.0,60.0,0,1.0,21.0,2,0,3.0,4.0,3,3.0,2,2.0,1.0,5.0,1.0,1.0,3,29190.0
4162.0,38.0,1,1.0,7.0,3,0,3.0,5.0,0,5.0,1,4.0,0.0,4.0,0.0,2.0,1,22598.0
1285.0,46.0,0,3.0,32.0,2,1,3.0,4.0,1,4.0,3,1.0,0.0,4.0,1.0,2.0,2,22991.0
4085.0,20.0,0,3.0,7.0,1,0,4.0,6.0,0,5.0,2,2.0,0.0,3.0,1.0,1.0,1,21003.0
938.0,58.0,1,1.0,29.0,2,1,2.0,3.0,0,3.0,1,2.0,0.0,3.0,1.0,1.0,1,17372.0
222.0,37.0,0,1.0,17.0,2,1,2.0,3.0,3,3.0,1,2.0,1.0,3.0,0.0,1.0,3,27185.0
34.0,24.0,1,1.0,6.0,3,1,3.0,3.0,0,3.0,0,3.0,1.0,3.0,1.0,2.0,1,17293.0
2801.0,22.0,0,3.0,7.0,1,0,3.0,5.0,0,4.0,2,3.0,1.0,5.0,1.0,2.0,1,20852.0
2513.0,37.0,1,1.0,16.0,3,1,4.0,5.0,0,3.0,0,2.0,1.0,2.0,0.0,2.0,1,22066.0
2764.0,28.0,1,3.0,9.0,2,1,4.0,4.0,1,3.0,3,3.0,1.0,4.0,1.0,3.0,2,23156.0
3038.0,30.0,1,1.0,30.0,2,1,3.0,2.0,0,3.0,0,3.0,0.0,2.0,1.0,2.0,1,21378.0
4179.0,30.0,1,3.0,9.0,3,1,4.0,5.0,1,4.0,1,4.0,0.0,4.0,1.0,1.0,2,25322.0
564.0,45.0,1,3.0,8.0,1,1,2.0,5.0,1,3.0,3,1.0,0.0,5.0,0.0,0.0,2,21632.0
1619.0,19.0,1,1.0,9.0,3,0,3.0,3.0,0,4.0,2,2.0,0.0,3.0,1.0,0.0,1,16483.0
3084.0,25.0,0,1.0,11.0,2,1,3.0,5.0,0,3.0,0,2.0,0.0,3.0,0.0,1.0,1,21840.0
2994.0,24.0,1,1.0,16.0,3,1,3.0,4.0,0,5.0,0,3.0,0.0,3.0,0.0,2.0,1,21178.0
687.0,36.0,1,1.0,8.0,3,1,3.0,3.0,0,3.0,2,5.0,0.0,5.0,1.0,0.0,1,17519.0
4619.0,40.0,1,3.0,9.0,2,1,3.0,2.0,3,3.0,3,2.0,0.0,1.0,0.0,1.0,3,26558.0
2432.0,51.0,1,3.0,33.0,2,1,2.0,3.0,1,3.0,2,2.0,1.0,5.0,1.0,1.0,2,29026.0
1457.0,40.0,1,1.0,8.0,3,0,3.0,3.0,0,3.0,1,3.0,0.0,1.0,1.0,1.0,1,17001.0
293.0,26.0,1,3.0,10.0,3,1,2.0,4.0,1,3.0,2,2.0,1.0,2.0,1.0,1.0,2,20828.0
1343.0,29.0,1,1.0,13.0,2,1,2.0,3.0,0,5.0,2,4.0,0.0,4.0,0.0,0.0,1,17062.0
3269.0,30.0,1,1.0,15.0,3,1,4.0,5.0,1,3.0,0,3.0,1.0,3.0,0.0,1.0,2,23734.0
4700.0,28.0,0,1.0,15.0,2,1,3.0,6.0,0,3.0,1,3.0,0.0,1.0,1.0,2.0,1,23299.0
647.0,35.0,1,1.0,31.0,1,1,3.0,4.0,3,4.0,0,4.0,0.0,3.0,1.0,1.0,3,25903.0
434.0,31.0,1,1.0,15.0,2,1,2.0,3.0,3,4.0,1,2.0,0.0,3.0,1.0,1.0,3,25648.0
4607.0,37.0,1,3.0,10.0,2,1,3.0,5.0,3,3.0,1,3.0,1.0,1.0,1.0,1.0,3,29003.0
3565.0,37.0,1,3.0,7.0,2,0,4.0,4.0,1,3.0,3,8.0,0.0,1.0,1.0,2.0,2,25493.0
1362.0,45.0,0,1.0,6.0,3,1,2.0,3.0,1,3.0,2,5.0,0.0,1.0,1.0,1.0,2,20399.0
3869.0,34.0,1,1.0,22.0,3,0,4.0,4.0,1,3.0,1,2.0,1.0,1.0,1.0,2.0,2,23556.0
798.0,33.0,1,1.0,31.0,3,1,2.0,4.0,0,4.0,2,5.0,1.0,4.0,0.0,0.0,1,17313.0
2268.0,33.0,1,1.0,31.0,3,1,2.0,4.0,0,4.0,2,5.0,1.0,4.0,1.0,0.0,1,17313.0
3470.0,33.0,1,3.0,14.0,3,1,4.0,4.0,1,3.0,0,6.0,0.0,5.0,1.0,2.0,2,27882.0
4470.0,54.0,1,1.0,13.0,2,1,3.0,4.0,1,3.0,2,4.0,0.0,5.0,1.0,2.0,2,21128.0
4450.0,61.0,1,3.0,23.0,3,1,3.0,4.0,1,5.0,3,2.0,0.0,4.0,1.0,2.0,2,24083.0
219.0,54.0,1,3.0,9.0,3,0,2.0,3.0,1,5.0,0,3.0,0.0,4.0,1.0,1.0,2,20940.0
3379.0,33.0,1,3.0,15.0,3,1,3.0,2.0,1,3.0,0,3.0,0.0,5.0,0.0,1.0,2,24887.0
2884.0,35.0,0,2.0,30.0,2,0,3.0,4.0,3,5.0,1,2.0,1.0,3.0,1.0,1.0,3,28628.0
3614.0,28.0,0,1.0,9.0,3,1,3.0,4.0,0,3.0,2,4.0,0.0,3.0,0.0,2.0,1,21258.0
2090.0,35.0,1,1.0,33.0,3,0,2.0,4.0,0,5.0,2,2.0,0.0,4.0,0.0,1.0,1,17559.0
1852.0,26.0,0,1.0,9.0,1,1,3.0,3.0,0,5.0,2,1.0,0.0,3.0,0.0,1.0,1,18102.0
908.0,33.0,1,3.0,16.0,3,1,2.0,1.0,3,3.0,1,1.0,1.0,4.0,1.0,1.0,3,23380.0
2455.0,30.0,1,1.0,22.0,2,0,3.0,5.0,1,3.0,3,2.0,1.0,3.0,0.0,1.0,2,22871.0
2936.0,49.0,1,1.0,7.0,2,0,3.0,5.0,4,5.0,0,2.0,0.0,4.0,0.0,2.0,0,34080.0
1445.0,41.0,1,1.0,34.0,2,0,2.0,4.0,4,4.0,1,1.0,0.0,5.0,1.0,1.0,0,28570.0
1572.0,20.0,0,1.0,12.0,2,0,3.0,4.0,0,3.0,2,2.0,1.0,1.0,0.0,0.0,1,17926.0
2607.0,58.0,1,1.0,31.0,2,1,3.0,3.0,3,3.0,1,5.0,1.0,4.0,1.0,2.0,3,28117.0
1772.0,28.0,1,1.0,22.0,3,1,3.0,1.0,1,5.0,2,1.0,0.0,5.0,0.0,1.0,2,20661.0
1569.0,44.0,0,1.0,29.0,3,1,3.0,3.0,1,4.0,1,5.0,0.0,3.0,0.0,1.0,2,17042.0
1135.0,46.0,1,3.0,6.0,2,1,2.0,1.0,4,5.0,2,2.0,0.0,4.0,1.0,1.0,0,32567.0
2976.0,48.0,1,3.0,21.0,3,1,3.0,4.0,1,5.0,3,4.0,0.0,2.0,0.0,2.0,2,23638.0
3203.0,46.0,1,2.0,31.0,3,1,3.0,4.0,0,4.0,2,3.0,0.0,4.0,0.0,1.0,1,20855.0
3173.0,36.0,1,1.0,32.0,3,0,3.0,4.0,3,3.0,1,3.0,1.0,3.0,1.0,2.0,3,29066.0
197.0,42.0,0,1.0,27.0,3,0,2.0,3.0,1,3.0,1,3.0,0.0,2.0,0.0,0.0,2,20265.0
3670.0,33.0,0,1.0,17.0,2,1,3.0,4.0,0,3.0,1,8.0,0.0,1.0,0.0,1.0,1,22111.0
4780.0,41.0,0,3.0,9.0,3,1,4.0,4.0,1,4.0,1,7.0,0.0,4.0,1.0,2.0,2,23005.0
1661.0,27.0,1,1.0,15.0,3,0,4.0,3.0,0,4.0,2,2.0,0.0,3.0,0.0,1.0,1,17279.0
1156.0,40.0,1,1.0,21.0,2,0,3.0,4.0,3,3.0,1,2.0,0.0,1.0,1.0,1.0,3,25435.0
708.0,36.0,0,3.0,14.0,1,1,2.0,3.0,1,3.0,1,5.0,0.0,3.0,1.0,0.0,2,20079.0
2624.0,32.0,1,1.0,19.0,3,0,4.0,4.0,0,3.0,0,2.0,1.0,4.0,1.0,3.0,1,22607.0
515.0,35.0,0,1.0,9.0,2,1,2.0,4.0,0,3.0,0,2.0,0.0,2.0,1.0,1.0,1,16281.0
4601.0,37.0,1,1.0,9.0,3,1,4.0,4.0,0,3.0,2,6.0,0.0,5.0,1.0,2.0,1,21197.0
2057.0,52.0,1,1.0,17.0,2,0,2.0,3.0,1,3.0,1,1.0,0.0,1.0,1.0,0.0,2,18149.0
4495.0,31.0,1,1.0,7.0,2,1,3.0,6.0,0,3.0,1,5.0,0.0,4.0,1.0,1.0,1,22511.0
3970.0,36.0,0,3.0,6.0,2,1,4.0,4.0,3,5.0,1,3.0,0.0,4.0,0.0,1.0,3,27747.0
137.0,39.0,1,3.0,10.0,2,0,2.0,4.0,1,3.0,0,5.0,0.0,5.0,1.0,0.0,2,20902.0
1679.0,46.0,1,1.0,6.0,3,1,3.0,3.0,3,5.0,1,1.0,0.0,1.0,0.0,2.0,3,24396.0
2747.0,32.0,1,3.0,14.0,1,1,4.0,3.0,1,3.0,0,6.0,0.0,2.0,1.0,1.0,2,25607.0
1588.0,36.0,1,1.0,9.0,2,0,2.0,3.0,0,3.0,1,6.0,0.0,1.0,0.0,1.0,1,17835.0
4261.0,48.0,0,3.0,11.0,3,1,4.0,4.0,1,3.0,3,5.0,0.0,4.0,0.0,3.0,2,21654.0
1890.0,29.0,1,1.0,9.0,3,1,3.0,4.0,3,3.0,1,2.0,0.0,1.0,0.0,2.0,3,26935.0
1857.0,40.0,1,3.0,8.0,3,0,2.0,3.0,1,4.0,1,1.0,0.0,1.0,0.0,0.0,2,20715.0
22.0,34.0,1,1.0,13.0,2,0,2.0,3.0,3,4.0,3,1.0,0.0,3.0,1.0,0.0,3,26994.0
4754.0,36.0,1,1.0,7.0,3,1,3.0,5.0,0,3.0,1,8.0,0.0,1.0,1.0,2.0,1,20936.0
3085.0,33.0,0,3.0,12.0,2,1,3.0,4.0,1,4.0,0,3.0,0.0,3.0,1.0,2.0,2,25202.0
787.0,55.0,0,1.0,8.0,2,1,3.0,3.0,3,4.0,0,4.0,0.0,2.0,1.0,1.0,3,25976.0
2328.0,53.0,1,1.0,13.0,3,0,2.0,3.0,2,3.0,1,4.0,0.0,1.0,1.0,1.0,4,33606.0
234.0,33.0,1,1.0,20.0,3,1,2.0,3.0,0,3.0,0,6.0,1.0,2.0,0.0,1.0,1,17436.0
3442.0,27.0,1,1.0,9.0,3,1,3.0,5.0,0,3.0,3,2.0,0.0,3.0,0.0,1.0,1,22582.0
4197.0,56.0,1,1.0,27.0,1,1,3.0,4.0,1,3.0,1,5.0,1.0,1.0,0.0,1.0,2,24093.0
4258.0,36.0,1,1.0,12.0,1,1,4.0,4.0,3,4.0,3,2.0,0.0,3.0,1.0,2.0,3,26773.0
2186.0,41.0,0,1.0,15.0,3,1,3.0,3.0,2,3.0,1,3.0,0.0,4.0,0.0,2.0,4,34419.0
2384.0,55.0,0,3.0,8.0,2,0,2.0,4.0,0,3.0,2,1.0,0.0,5.0,0.0,0.0,1,28577.0
1441.0,56.0,0,1.0,6.0,2,1,2.0,3.0,1,3.0,1,2.0,0.0,3.0,0.0,0.0,2,21306.0
1238.0,23.0,1,1.0,10.0,3,0,2.0,3.0,0,4.0,2,2.0,0.0,3.0,1.0,1.0,1,18295.0
3102.0,45.0,1,1.0,16.0,2,1,4.0,4.0,0,5.0,0,3.0,1.0,3.0,1.0,1.0,1,21237.0
2528.0,35.0,1,1.0,7.0,3,1,4.0,4.0,1,4.0,0,3.0,0.0,5.0,0.0,1.0,2,23003.0
2312.0,28.0,1,1.0,18.0,2,0,3.0,3.0,0,3.0,1,2.0,1.0,4.0,1.0,1.0,1,17515.0
4018.0,38.0,0,1.0,9.0,2,1,4.0,5.0,1,3.0,1,7.0,0.0,1.0,1.0,3.0,2,23841.0
4489.0,55.0,1,1.0,26.0,3,0,4.0,4.0,1,5.0,1,2.0,1.0,3.0,0.0,3.0,2,24163.0
3431.0,52.0,0,3.0,9.0,3,1,3.0,4.0,3,4.0,0,4.0,0.0,4.0,0.0,1.0,3,29274.0
2705.0,39.0,0,3.0,9.0,2,1,3.0,5.0,1,3.0,0,5.0,0.0,5.0,1.0,2.0,2,23927.0
810.0,46.0,1,3.0,9.0,3,1,2.0,3.0,4,3.0,0,4.0,0.0,2.0,1.0,0.0,0,32465.0
2561.0,37.0,0,3.0,18.0,1,0,4.0,4.0,3,3.0,0,2.0,0.0,5.0,0.0,1.0,3,28416.0
2783.0,28.0,1,3.0,15.0,3,0,3.0,4.0,1,4.0,0,3.0,0.0,2.0,0.0,1.0,2,24892.0
1123.0,35.0,1,1.0,16.0,3,0,2.0,3.0,1,3.0,2,4.0,1.0,1.0,1.0,0.0,2,21142.0
1421.0,47.0,0,1.0,6.0,3,0,3.0,3.0,3,4.0,1,1.0,0.0,5.0,0.0,0.0,3,26957.0
1797.0,39.0,1,3.0,9.0,3,0,2.0,3.0,1,3.0,1,5.0,1.0,4.0,1.0,1.0,2,20238.0
4802.0,36.0,0,3.0,15.0,3,0,4.0,5.0,3,3.0,1,6.0,1.0,5.0,1.0,3.0,3,29055.0
4499.0,24.0,1,1.0,13.0,2,1,4.0,2.0,0,5.0,1,3.0,1.0,3.0,0.0,1.0,1,20279.0
2203.0,26.0,1,1.0,8.0,3,1,2.0,1.0,1,3.0,1,2.0,0.0,3.0,1.0,1.0,2,20472.0
4390.0,25.0,1,1.0,24.0,2,1,4.0,5.0,0,4.0,1,3.0,0.0,3.0,1.0,2.0,1,20805.0
1871.0,56.0,0,3.0,12.0,2,0,2.0,1.0,4,5.0,1,1.0,0.0,3.0,1.0,0.0,0,28212.0
2174.0,35.0,1,3.0,9.0,2,1,3.0,3.0,3,3.0,1,7.0,0.0,5.0,0.0,2.0,3,22823.0
4408.0,35.0,1,3.0,21.0,1,0,3.0,4.0,0,3.0,1,3.0,1.0,5.0,1.0,1.0,1,21257.0
1116.0,55.0,1,3.0,32.0,3,1,2.0,4.0,2,3.0,1,2.0,0.0,3.0,1.0,1.0,4,34586.0
1093.0,42.0,0,1.0,8.0,2,1,2.0,3.0,3,3.0,1,3.0,1.0,3.0,1.0,0.0,3,25124.0
3179.0,49.0,1,1.0,13.0,2,1,4.0,5.0,1,3.0,3,4.0,0.0,2.0,0.0,1.0,2,22918.0
217.0,29.0,1,1.0,6.0,1,1,2.0,3.0,0,3.0,2,1.0,0.0,2.0,0.0,0.0,1,17058.0
3300.0,21.0,1,1.0,10.0,2,1,3.0,5.0,0,3.0,3,3.0,0.0,3.0,0.0,2.0,1,21711.0
3618.0,26.0,0,1.0,9.0,2,1,4.0,2.0,1,3.0,1,3.0,0.0,1.0,0.0,2.0,2,23884.0
3931.0,23.0,0,1.0,23.0,3,1,4.0,2.0,0,3.0,1,3.0,1.0,3.0,0.0,3.0,1,21613.0
4196.0,30.0,0,3.0,9.0,2,1,3.0,4.0,1,3.0,3,3.0,0.0,1.0,0.0,2.0,2,23232.0
974.0,27.0,0,3.0,8.0,2,1,2.0,5.0,1,3.0,2,4.0,0.0,4.0,1.0,1.0,2,20071.0
2713.0,37.0,1,1.0,13.0,2,1,3.0,4.0,0,3.0,0,2.0,0.0,5.0,1.0,2.0,1,21888.0
4063.0,20.0,1,1.0,10.0,3,0,4.0,4.0,0,4.0,2,3.0,0.0,3.0,1.0,1.0,1,20161.0
1387.0,29.0,1,1.0,6.0,2,1,2.0,3.0,1,5.0,1,1.0,0.0,3.0,1.0,0.0,2,20373.0
1247.0,31.0,1,3.0,11.0,1,1,2.0,3.0,1,3.0,1,2.0,0.0,5.0,0.0,1.0,2,23346.0
2242.0,56.0,0,1.0,15.0,3,0,3.0,3.0,0,3.0,1,3.0,0.0,1.0,1.0,0.0,1,17942.0
586.0,24.0,0,1.0,15.0,2,1,2.0,4.0,0,4.0,1,2.0,0.0,5.0,1.0,0.0,1,17694.0
934.0,25.0,1,1.0,6.0,3,0,2.0,3.0,0,4.0,2,2.0,0.0,3.0,1.0,0.0,1,17096.0
4474.0,35.0,1,1.0,15.0,2,0,3.0,4.0,1,5.0,1,5.0,0.0,5.0,1.0,2.0,2,23799.0
3803.0,35.0,1,3.0,10.0,3,0,4.0,5.0,1,3.0,1,5.0,1.0,3.0,0.0,1.0,2,26781.0
3831.0,30.0,1,1.0,7.0,2,1,3.0,4.0,1,5.0,1,2.0,0.0,3.0,1.0,1.0,2,24051.0
3408.0,35.0,1,3.0,22.0,3,0,4.0,4.0,1,5.0,3,3.0,0.0,1.0,1.0,3.0,2,24803.0
1659.0,51.0,1,1.0,9.0,3,0,3.0,3.0,4,4.0,2,4.0,0.0,5.0,1.0,1.0,0,28734.0
1351.0,48.0,0,1.0,28.0,3,0,2.0,3.0,4,3.0,1,4.0,0.0,5.0,0.0,0.0,0,32174.0
3981.0,46.0,1,1.0,14.0,2,1,3.0,4.0,3,5.0,1,4.0,0.0,3.0,0.0,1.0,3,28402.0
3225.0,27.0,1,1.0,7.0,3,1,3.0,5.0,0,5.0,0,3.0,0.0,3.0,0.0,2.0,1,22633.0
535.0,41.0,1,2.0,16.0,2,1,3.0,4.0,2,3.0,1,4.0,0.0,2.0,1.0,0.0,4,34141.0
261.0,38.0,0,3.0,8.0,2,1,2.0,4.0,1,3.0,0,4.0,0.0,5.0,1.0,1.0,2,20249.0
2660.0,31.0,0,3.0,33.0,3,0,3.0,5.0,1,5.0,3,7.0,0.0,2.0,0.0,2.0,2,25374.0
1865.0,43.0,0,1.0,27.0,3,1,3.0,3.0,0,3.0,1,1.0,0.0,4.0,1.0,2.0,1,17258.0
3553.0,31.0,1,3.0,36.0,1,1,3.0,4.0,3,4.0,1,5.0,0.0,4.0,0.0,2.0,3,27928.0
3215.0,55.0,1,3.0,9.0,2,0,3.0,5.0,3,3.0,0,8.0,0.0,5.0,1.0,1.0,3,29364.0
3094.0,44.0,0,1.0,7.0,2,0,3.0,4.0,1,3.0,0,6.0,0.0,2.0,1.0,2.0,2,24240.0
2282.0,43.0,0,1.0,33.0,2,0,2.0,3.0,3,5.0,1,1.0,0.0,4.0,1.0,0.0,3,25820.0
4372.0,41.0,0,3.0,35.0,2,1,3.0,6.0,3,5.0,1,5.0,0.0,5.0,0.0,2.0,3,29610.0
2085.0,27.0,0,1.0,9.0,3,1,2.0,3.0,0,3.0,1,2.0,0.0,1.0,0.0,0.0,1,16706.0
3014.0,53.0,0,1.0,26.0,3,1,3.0,4.0,0,3.0,0,2.0,0.0,3.0,1.0,1.0,1,22936.0
1943.0,49.0,1,1.0,24.0,2,1,2.0,4.0,2,3.0,1,2.0,1.0,3.0,1.0,0.0,4,34502.0
899.0,49.0,1,1.0,10.0,3,1,2.0,4.0,2,3.0,0,3.0,0.0,3.0,0.0,0.0,4,33711.0
689.0,20.0,1,1.0,10.0,1,1,2.0,3.0,0,5.0,2,2.0,0.0,3.0,1.0,1.0,1,17973.0
770.0,46.0,1,1.0,6.0,3,1,2.0,3.0,2,3.0,1,1.0,0.0,5.0,1.0,1.0,4,34627.0
3693.0,30.0,1,3.0,16.0,3,0,3.0,6.0,0,4.0,3,3.0,0.0,1.0,1.0,2.0,1,21438.0
3940.0,33.0,0,1.0,23.0,2,0,4.0,6.0,0,5.0,3,3.0,1.0,4.0,0.0,1.0,1,22597.0
1299.0,40.0,1,1.0,6.0,2,0,2.0,3.0,1,3.0,1,5.0,0.0,3.0,0.0,1.0,2,21513.0
4060.0,31.0,1,1.0,9.0,3,1,3.0,5.0,0,3.0,3,2.0,0.0,4.0,0.0,1.0,1,21398.0
3434.0,34.0,0,3.0,12.0,2,1,4.0,4.0,1,3.0,0,8.0,0.0,1.0,1.0,3.0,2,28676.0
2831.0,41.0,1,3.0,9.0,3,0,3.0,4.0,1,4.0,1,2.0,0.0,2.0,0.0,2.0,2,24393.0
433.0,46.0,1,3.0,16.0,3,0,3.0,4.0,3,3.0,0,3.0,1.0,2.0,1.0,1.0,3,24071.0
4130.0,31.0,0,3.0,33.0,3,0,3.0,5.0,1,5.0,3,7.0,0.0,1.0,1.0,2.0,2,25374.0
871.0,24.0,1,1.0,23.0,2,0,3.0,3.0,0,4.0,0,2.0,0.0,2.0,0.0,1.0,1,17210.0
4006.0,31.0,1,3.0,11.0,3,0,4.0,5.0,1,4.0,1,3.0,1.0,3.0,1.0,1.0,2,23887.0
3559.0,35.0,1,1.0,14.0,3,1,3.0,4.0,0,3.0,3,3.0,0.0,1.0,0.0,2.0,1,21650.0
4728.0,41.0,1,1.0,21.0,3,1,3.0,5.0,2,3.0,2,3.0,0.0,3.0,1.0,2.0,4,38304.0
3238.0,35.0,0,1.0,10.0,2,1,3.0,4.0,1,3.0,3,2.0,0.0,2.0,1.0,1.0,2,26434.0
3561.0,35.0,1,1.0,7.0,2,1,3.0,4.0,1,3.0,1,2.0,0.0,4.0,1.0,1.0,2,24162.0
2826.0,27.0,0,1.0,10.0,1,1,4.0,4.0,0,5.0,3,2.0,0.0,3.0,0.0,3.0,1,21780.0
3092.0,38.0,0,3.0,28.0,3,0,3.0,4.0,0,3.0,0,7.0,0.0,2.0,1.0,2.0,1,21651.0
1853.0,22.0,1,1.0,17.0,3,0,2.0,3.0,0,4.0,1,2.0,0.0,1.0,1.0,1.0,1,17244.0
2377.0,44.0,1,1.0,29.0,3,1,3.0,3.0,0,5.0,2,1.0,0.0,3.0,0.0,2.0,1,33213.0
3777.0,47.0,1,3.0,17.0,2,0,4.0,4.0,3,4.0,1,7.0,0.0,1.0,0.0,3.0,3,25992.0
2867.0,31.0,0,3.0,29.0,2,0,4.0,4.0,3,5.0,0,2.0,0.0,2.0,1.0,1.0,3,27090.0
1745.0,37.0,0,1.0,6.0,3,0,3.0,3.0,3,3.0,1,3.0,1.0,3.0,0.0,0.0,3,28603.0
3447.0,26.0,1,1.0,7.0,1,1,3.0,4.0,0,3.0,0,6.0,0.0,5.0,1.0,2.0,1,21907.0
1594.0,31.0,1,3.0,12.0,2,1,3.0,5.0,1,3.0,1,5.0,1.0,3.0,0.0,2.0,2,21172.0
4383.0,33.0,0,3.0,18.0,2,1,3.0,2.0,1,3.0,1,2.0,0.0,3.0,1.0,1.0,2,23385.0
1677.0,36.0,0,1.0,24.0,3,0,3.0,3.0,0,3.0,2,2.0,0.0,3.0,0.0,1.0,1,17153.0
1415.0,33.0,0,1.0,6.0,3,1,2.0,4.0,0,3.0,1,2.0,0.0,3.0,0.0,0.0,1,17008.0
3439.0,44.0,1,1.0,13.0,3,0,4.0,5.0,1,3.0,3,3.0,1.0,4.0,1.0,2.0,2,22759.0
403.0,41.0,1,3.0,6.0,3,1,2.0,2.0,3,5.0,0,2.0,0.0,3.0,1.0,1.0,3,23392.0
2665.0,34.0,1,1.0,11.0,3,0,3.0,5.0,0,4.0,0,8.0,0.0,4.0,0.0,1.0,1,21300.0
4040.0,59.0,1,1.0,30.0,3,0,4.0,4.0,3,3.0,1,3.0,0.0,3.0,1.0,1.0,3,28990.0
3309.0,31.0,1,3.0,36.0,2,1,4.0,4.0,1,5.0,1,2.0,0.0,2.0,1.0,2.0,2,22793.0
4008.0,33.0,1,3.0,13.0,3,1,3.0,4.0,1,3.0,3,3.0,0.0,5.0,1.0,2.0,2,23688.0
2245.0,43.0,1,3.0,31.0,3,1,3.0,4.0,3,3.0,1,6.0,0.0,4.0,1.0,1.0,3,25798.0
1007.0,29.0,0,1.0,20.0,2,0,2.0,3.0,3,3.0,3,1.0,1.0,5.0,1.0,0.0,3,22553.0
1388.0,32.0,0,1.0,21.0,3,0,2.0,3.0,1,3.0,1,6.0,0.0,3.0,0.0,1.0,2,21667.0
1717.0,34.0,1,1.0,8.0,2,1,2.0,4.0,1,5.0,1,7.0,0.0,4.0,0.0,1.0,2,20957.0
2798.0,31.0,0,3.0,32.0,1,0,3.0,4.0,1,3.0,0,2.0,1.0,3.0,1.0,1.0,2,23414.0
3957.0,28.0,0,3.0,15.0,2,1,3.0,4.0,3,3.0,3,3.0,0.0,1.0,1.0,1.0,3,27404.0
2252.0,30.0,1,1.0,26.0,2,1,2.0,3.0,1,5.0,1,1.0,0.0,4.0,0.0,1.0,2,24957.0
1842.0,35.0,1,1.0,15.0,2,1,3.0,4.0,1,4.0,3,1.0,0.0,1.0,0.0,1.0,2,21540.0
2699.0,26.0,1,1.0,7.0,2,0,4.0,4.0,1,3.0,0,2.0,0.0,3.0,1.0,2.0,2,23576.0
2981.0,28.0,0,1.0,17.0,2,1,3.0,4.0,3,5.0,1,3.0,0.0,3.0,1.0,1.0,3,27471.0
2004.0,53.0,1,1.0,13.0,2,1,2.0,1.0,4,3.0,1,4.0,0.0,1.0,0.0,1.0,0,29814.0
116.0,34.0,1,1.0,11.0,3,0,2.0,4.0,3,5.0,3,3.0,0.0,2.0,0.0,0.0,3,26631.0
3099.0,34.0,1,2.0,10.0,2,1,3.0,4.0,0,4.0,1,5.0,1.0,5.0,0.0,2.0,1,20955.0
4648.0,23.0,1,1.0,15.0,2,1,4.0,6.0,0,5.0,1,3.0,0.0,1.0,0.0,2.0,1,21129.0
2229.0,45.0,1,2.0,30.0,3,1,2.0,3.0,0,4.0,2,2.0,0.0,4.0,0.0,1.0,1,17177.0
3915.0,50.0,0,1.0,15.0,2,1,4.0,5.0,1,4.0,1,3.0,0.0,1.0,0.0,1.0,2,23808.0
3562.0,27.0,1,1.0,10.0,2,0,3.0,4.0,0,3.0,1,3.0,0.0,3.0,1.0,2.0,1,20739.0
631.0,44.0,1,1.0,14.0,2,1,3.0,1.0,0,3.0,0,3.0,1.0,3.0,1.0,2.0,1,17818.0
3941.0,43.0,1,3.0,15.0,3,1,3.0,4.0,1,4.0,1,2.0,0.0,3.0,1.0,1.0,2,25503.0
4553.0,50.0,1,1.0,7.0,1,0,3.0,4.0,0,5.0,1,4.0,0.0,4.0,0.0,1.0,1,22258.0
1408.0,23.0,1,1.0,18.0,2,1,3.0,3.0,0,3.0,2,2.0,0.0,5.0,1.0,0.0,1,17647.0
2000.0,27.0,1,1.0,6.0,2,0,3.0,3.0,3,5.0,1,2.0,0.0,4.0,0.0,2.0,3,22412.0
3124.0,37.0,1,1.0,14.0,2,1,4.0,4.0,0,3.0,3,4.0,0.0,3.0,0.0,3.0,1,23356.0
1632.0,28.0,1,1.0,27.0,3,1,2.0,3.0,0,3.0,1,2.0,0.0,1.0,0.0,0.0,1,17713.0
2449.0,33.0,0,1.0,9.0,2,1,4.0,4.0,0,3.0,3,2.0,0.0,5.0,1.0,2.0,1,21746.0
1598.0,22.0,1,1.0,8.0,1,1,3.0,3.0,0,3.0,1,1.0,0.0,5.0,1.0,0.0,1,17523.0
281.0,42.0,1,3.0,6.0,2,1,2.0,3.0,1,3.0,0,2.0,0.0,3.0,1.0,0.0,2,19907.0
4702.0,29.0,1,1.0,17.0,2,0,3.0,4.0,1,3.0,3,5.0,0.0,4.0,0.0,2.0,2,22338.0
4246.0,55.0,0,1.0,27.0,2,0,3.0,4.0,1,3.0,3,5.0,0.0,4.0,0.0,2.0,2,23547.0
3128.0,41.0,1,3.0,17.0,3,1,4.0,5.0,3,4.0,1,4.0,0.0,4.0,1.0,2.0,3,28383.0
3932.0,54.0,1,3.0,9.0,2,0,4.0,5.0,4,3.0,1,4.0,0.0,3.0,0.0,1.0,0,34105.0
4809.0,32.0,1,1.0,18.0,3,1,4.0,4.0,1,5.0,1,3.0,1.0,1.0,1.0,2.0,2,25511.0
2334.0,41.0,0,1.0,11.0,2,1,3.0,4.0,0,5.0,1,7.0,0.0,3.0,0.0,1.0,1,17107.0
4882.0,37.0,1,2.0,20.0,2,1,3.0,5.0,0,5.0,1,6.0,1.0,5.0,1.0,2.0,1,23317.0
4696.0,31.0,1,1.0,27.0,2,1,3.0,4.0,1,5.0,1,2.0,0.0,4.0,0.0,2.0,2,28635.0
3857.0,26.0,1,1.0,9.0,2,1,3.0,4.0,0,3.0,1,8.0,1.0,5.0,0.0,1.0,1,22655.0
1776.0,32.0,1,3.0,13.0,2,1,3.0,4.0,1,3.0,1,2.0,0.0,3.0,1.0,0.0,2,20484.0
4642.0,55.0,1,1.0,24.0,1,0,3.0,4.0,3,3.0,1,2.0,0.0,5.0,0.0,1.0,3,29417.0
2250.0,28.0,0,1.0,30.0,1,1,3.0,4.0,3,5.0,3,2.0,0.0,1.0,1.0,1.0,3,23722.0
633.0,36.0,1,2.0,14.0,2,1,3.0,4.0,0,5.0,0,1.0,0.0,2.0,1.0,2.0,1,17342.0
3020.0,28.0,0,3.0,6.0,3,1,3.0,4.0,1,3.0,0,2.0,0.0,3.0,0.0,2.0,2,23020.0
1000.0,52.0,1,1.0,14.0,2,0,2.0,3.0,0,5.0,0,1.0,0.0,1.0,1.0,1.0,1,17950.0
4605.0,41.0,0,1.0,16.0,3,1,3.0,4.0,0,4.0,1,2.0,1.0,4.0,0.0,1.0,1,22295.0
4531.0,45.0,1,1.0,11.0,3,1,3.0,4.0,1,4.0,3,2.0,0.0,1.0,1.0,2.0,2,24611.0
3194.0,45.0,1,3.0,35.0,3,0,3.0,2.0,4,3.0,0,5.0,1.0,2.0,1.0,2.0,0,31998.0
1783.0,33.0,0,1.0,11.0,2,0,3.0,3.0,3,4.0,1,7.0,0.0,3.0,1.0,1.0,3,26878.0
2288.0,31.0,0,3.0,26.0,2,1,3.0,1.0,0,3.0,1,1.0,0.0,5.0,1.0,0.0,1,17791.0
3673.0,41.0,1,1.0,15.0,2,0,4.0,4.0,1,5.0,1,4.0,1.0,1.0,0.0,1.0,2,25194.0
2868.0,58.0,1,3.0,36.0,3,1,3.0,5.0,4,3.0,1,5.0,0.0,3.0,0.0,1.0,0,32796.0
124.0,31.0,1,3.0,12.0,2,1,3.0,5.0,1,3.0,0,5.0,1.0,3.0,1.0,1.0,2,21172.0
1153.0,18.0,0,3.0,9.0,3,0,3.0,3.0,0,3.0,2,2.0,1.0,5.0,0.0,1.0,1,16569.0
375.0,49.0,1,1.0,13.0,2,1,2.0,4.0,3,3.0,3,1.0,0.0,2.0,1.0,1.0,3,25965.0
4156.0,42.0,1,1.0,26.0,2,1,3.0,4.0,1,5.0,1,4.0,0.0,1.0,0.0,1.0,2,21750.0
2752.0,59.0,0,1.0,7.0,2,1,3.0,6.0,1,3.0,1,4.0,1.0,2.0,1.0,2.0,2,24338.0
3592.0,40.0,1,1.0,17.0,3,1,4.0,4.0,1,5.0,1,4.0,0.0,5.0,1.0,3.0,2,24055.0
2829.0,31.0,0,1.0,11.0,1,1,3.0,4.0,0,3.0,2,20.0,1.0,4.0,1.0,2.0,1,20963.0
2672.0,36.0,0,3.0,7.0,3,0,4.0,4.0,3,3.0,3,3.0,0.0,5.0,1.0,1.0,3,27467.0
3145.0,54.0,1,3.0,9.0,3,1,3.0,4.0,4,3.0,1,8.0,0.0,3.0,1.0,1.0,0,33530.0
3972.0,32.0,1,1.0,14.0,2,1,3.0,4.0,1,3.0,1,5.0,0.0,3.0,0.0,2.0,2,24593.0
378.0,34.0,0,3.0,25.0,3,1,3.0,2.0,1,3.0,2,1.0,1.0,2.0,1.0,2.0,2,20304.0
1957.0,20.0,1,1.0,6.0,2,0,2.0,4.0,0,4.0,2,2.0,0.0,4.0,0.0,1.0,1,17836.0
3406.0,52.0,1,2.0,12.0,2,1,3.0,4.0,4,4.0,1,3.0,1.0,3.0,1.0,2.0,0,32704.0
185.0,33.0,1,1.0,20.0,3,0,3.0,3.0,0,4.0,0,2.0,0.0,5.0,0.0,0.0,1,17756.0
1236.0,36.0,1,3.0,19.0,3,1,3.0,4.0,1,5.0,1,6.0,1.0,1.0,1.0,0.0,2,21134.0
99.0,44.0,0,1.0,29.0,3,1,3.0,3.0,1,4.0,0,5.0,0.0,3.0,1.0,0.0,2,17042.0
4828.0,56.0,0,3.0,9.0,2,0,3.0,5.0,0,3.0,2,2.0,0.0,5.0,0.0,1.0,1,32255.0
2759.0,44.0,0,1.0,17.0,2,0,3.0,4.0,0,3.0,2,2.0,0.0,5.0,0.0,2.0,1,21133.0
3450.0,50.0,0,1.0,35.0,2,1,4.0,5.0,1,5.0,3,5.0,0.0,3.0,0.0,2.0,2,22962.0
250.0,37.0,0,1.0,16.0,3,1,3.0,3.0,3,3.0,1,7.0,0.0,3.0,1.0,2.0,3,25048.0
4865.0,42.0,0,3.0,16.0,2,1,3.0,6.0,4,3.0,1,2.0,0.0,5.0,1.0,2.0,0,24829.0
1295.0,41.0,1,3.0,10.0,3,0,2.0,3.0,3,3.0,1,1.0,1.0,1.0,0.0,1.0,3,25447.0
3051.0,50.0,1,3.0,18.0,3,0,3.0,4.0,3,3.0,0,3.0,0.0,4.0,0.0,2.0,3,26332.0
395.0,43.0,0,1.0,27.0,3,1,3.0,3.0,0,3.0,0,1.0,0.0,4.0,0.0,2.0,1,17258.0
1858.0,42.0,1,1.0,6.0,2,0,3.0,3.0,0,5.0,1,4.0,0.0,3.0,0.0,2.0,1,17576.0
221.0,33.0,1,1.0,10.0,3,0,2.0,4.0,0,4.0,0,7.0,0.0,4.0,0.0,0.0,1,17622.0
1430.0,38.0,1,1.0,16.0,3,0,2.0,5.0,3,3.0,1,4.0,0.0,1.0,1.0,1.0,3,28206.0
1391.0,38.0,1,3.0,6.0,2,1,2.0,4.0,0,5.0,2,5.0,0.0,3.0,0.0,1.0,1,17858.0
4665.0,51.0,0,3.0,7.0,2,0,4.0,4.0,1,3.0,1,2.0,0.0,1.0,0.0,2.0,2,25025.0
2212.0,50.0,1,1.0,15.0,2,1,3.0,3.0,0,3.0,1,5.0,0.0,5.0,1.0,2.0,1,17380.0
3703.0,31.0,1,1.0,23.0,2,1,3.0,2.0,1,3.0,1,5.0,0.0,1.0,1.0,1.0,2,23972.0
1915.0,55.0,1,3.0,24.0,2,0,2.0,3.0,4,4.0,2,4.0,0.0,1.0,1.0,0.0,0,31835.0
2886.0,37.0,0,3.0,17.0,3,1,3.0,4.0,3,3.0,2,3.0,0.0,2.0,1.0,2.0,3,28658.0
3081.0,33.0,0,1.0,7.0,2,1,4.0,4.0,0,3.0,1,2.0,0.0,5.0,0.0,1.0,1,20992.0
741.0,42.0,1,3.0,11.0,3,1,2.0,3.0,2,3.0,0,7.0,0.0,4.0,0.0,1.0,4,33303.0
2938.0,35.0,1,3.0,21.0,1,0,3.0,4.0,0,3.0,1,3.0,1.0,5.0,1.0,2.0,1,21257.0
3328.0,41.0,1,3.0,17.0,1,0,3.0,5.0,1,4.0,1,2.0,0.0,5.0,1.0,1.0,2,25530.0
254.0,29.0,1,3.0,26.0,3,1,2.0,3.0,1,3.0,1,3.0,0.0,2.0,1.0,1.0,2,21931.0
1023.0,56.0,1,1.0,6.0,2,0,2.0,3.0,0,5.0,0,3.0,0.0,5.0,1.0,1.0,1,17066.0
3644.0,45.0,1,2.0,7.0,2,0,3.0,4.0,0,3.0,1,6.0,1.0,3.0,1.0,1.0,1,21873.0
4287.0,28.0,1,1.0,7.0,3,1,3.0,4.0,0,4.0,1,3.0,0.0,3.0,0.0,1.0,1,22494.0
4771.0,45.0,1,1.0,17.0,2,1,4.0,4.0,0,3.0,3,3.0,1.0,3.0,1.0,1.0,1,21614.0
2585.0,46.0,1,1.0,36.0,3,1,3.0,4.0,0,3.0,3,7.0,0.0,2.0,1.0,1.0,1,22130.0
3834.0,29.0,1,1.0,24.0,1,1,3.0,5.0,0,3.0,1,7.0,0.0,3.0,0.0,2.0,1,21045.0
3683.0,32.0,0,1.0,31.0,1,0,2.0,4.0,1,3.0,3,4.0,0.0,1.0,1.0,1.0,2,23916.0
2223.0,39.0,0,1.0,28.0,3,0,2.0,3.0,3,5.0,3,2.0,1.0,5.0,1.0,1.0,3,25880.0
1758.0,26.0,1,1.0,22.0,3,1,2.0,3.0,0,4.0,1,3.0,1.0,1.0,1.0,0.0,1,17373.0
3155.0,30.0,1,1.0,17.0,2,0,4.0,5.0,0,5.0,2,8.0,1.0,5.0,1.0,2.0,1,21082.0
1026.0,32.0,1,3.0,13.0,3,1,3.0,3.0,1,3.0,0,5.0,0.0,5.0,1.0,1.0,2,24204.0
3674.0,25.0,1,1.0,36.0,3,1,4.0,4.0,0,5.0,1,3.0,0.0,4.0,1.0,2.0,1,22585.0
220.0,36.0,1,1.0,11.0,2,1,3.0,3.0,1,4.0,2,1.0,0.0,2.0,0.0,2.0,2,20914.0
3874.0,39.0,1,1.0,17.0,3,0,3.0,6.0,3,3.0,1,5.0,0.0,1.0,1.0,2.0,3,31884.0
85.0,56.0,1,1.0,13.0,2,1,2.0,5.0,3,3.0,3,5.0,0.0,2.0,0.0,0.0,3,22260.0
2998.0,28.0,1,1.0,14.0,3,0,3.0,5.0,1,5.0,3,2.0,0.0,3.0,1.0,1.0,2,25489.0
1935.0,46.0,0,1.0,24.0,3,0,2.0,3.0,3,3.0,1,6.0,0.0,3.0,0.0,1.0,3,25527.0
2834.0,44.0,1,1.0,19.0,2,1,3.0,5.0,4,4.0,1,3.0,0.0,3.0,0.0,2.0,0,33014.0
4024.0,52.0,0,1.0,7.0,3,0,2.0,5.0,3,5.0,3,5.0,0.0,1.0,1.0,1.0,3,26162.0
2940.0,22.0,1,3.0,29.0,1,1,3.0,4.0,0,3.0,3,3.0,0.0,2.0,1.0,2.0,1,22125.0
2238.0,40.0,1,3.0,32.0,3,1,3.0,3.0,1,5.0,1,2.0,0.0,1.0,1.0,2.0,2,23396.0
675.0,31.0,1,3.0,13.0,2,1,2.0,4.0,0,3.0,0,4.0,0.0,4.0,1.0,1.0,1,17329.0
2115.0,29.0,1,3.0,6.0,3,0,2.0,4.0,0,3.0,1,7.0,1.0,1.0,1.0,1.0,1,17800.0
4440.0,40.0,1,1.0,9.0,1,0,4.0,5.0,1,3.0,3,3.0,0.0,1.0,1.0,2.0,2,23231.0
2286.0,39.0,0,1.0,15.0,2,1,3.0,3.0,1,4.0,3,1.0,0.0,1.0,1.0,0.0,2,21782.0
1699.0,29.0,1,1.0,24.0,3,1,2.0,4.0,0,3.0,2,2.0,1.0,3.0,0.0,0.0,1,17389.0
3851.0,25.0,1,1.0,7.0,2,1,3.0,5.0,1,3.0,3,3.0,0.0,3.0,1.0,2.0,2,23295.0
4874.0,42.0,1,1.0,15.0,3,0,4.0,4.0,0,5.0,1,3.0,1.0,3.0,0.0,3.0,1,22781.0
1978.0,35.0,1,1.0,12.0,2,1,2.0,5.0,1,3.0,3,2.0,0.0,5.0,0.0,1.0,2,21646.0
3658.0,45.0,1,1.0,9.0,2,0,4.0,2.0,3,3.0,1,3.0,1.0,4.0,1.0,1.0,3,26557.0
3729.0,47.0,0,3.0,33.0,2,1,4.0,5.0,1,4.0,3,2.0,0.0,4.0,1.0,3.0,2,26669.0
2992.0,44.0,0,3.0,22.0,2,1,3.0,5.0,1,3.0,0,5.0,0.0,5.0,0.0,2.0,2,25482.0
3543.0,46.0,1,1.0,7.0,1,1,4.0,4.0,3,4.0,1,3.0,0.0,3.0,1.0,2.0,3,26119.0
3741.0,27.0,1,2.0,27.0,3,0,4.0,4.0,0,4.0,1,2.0,1.0,3.0,0.0,2.0,1,20826.0
2728.0,27.0,0,1.0,18.0,3,1,3.0,4.0,1,5.0,0,3.0,1.0,3.0,1.0,2.0,2,23419.0
4268.0,31.0,0,3.0,32.0,1,0,3.0,4.0,1,3.0,1,2.0,1.0,3.0,1.0,2.0,2,23414.0
3725.0,36.0,1,3.0,34.0,2,1,3.0,4.0,1,3.0,3,3.0,1.0,5.0,0.0,1.0,2,24491.0
1028.0,41.0,1,1.0,11.0,3,1,2.0,1.0,0,3.0,0,3.0,1.0,1.0,1.0,1.0,1,17127.0
477.0,50.0,0,2.0,9.0,3,1,2.0,3.0,2,4.0,0,2.0,0.0,2.0,1.0,0.0,4,33200.0
194.0,45.0,0,1.0,8.0,3,1,3.0,4.0,4,3.0,0,1.0,0.0,4.0,1.0,0.0,0,31792.0
1649.0,38.0,1,1.0,15.0,2,0,3.0,3.0,0,3.0,2,2.0,0.0,1.0,1.0,2.0,1,17288.0
2062.0,47.0,1,1.0,8.0,2,0,2.0,3.0,4,3.0,1,2.0,1.0,4.0,1.0,0.0,0,31752.0
1349.0,26.0,1,1.0,6.0,2,0,2.0,4.0,0,3.0,1,2.0,1.0,4.0,0.0,0.0,1,17933.0
4432.0,39.0,1,3.0,14.0,3,0,3.0,5.0,1,3.0,3,2.0,0.0,1.0,1.0,1.0,2,22706.0
2064.0,29.0,1,1.0,29.0,2,1,2.0,1.0,0,3.0,1,2.0,0.0,1.0,1.0,1.0,1,17700.0
4441.0,33.0,1,3.0,17.0,3,1,3.0,4.0,1,3.0,3,3.0,0.0,4.0,1.0,2.0,2,24074.0
3690.0,31.0,0,2.0,15.0,2,0,4.0,5.0,0,3.0,1,8.0,0.0,5.0,1.0,3.0,1,20858.0
2235.0,38.0,0,1.0,9.0,2,1,2.0,3.0,0,3.0,1,4.0,0.0,3.0,1.0,0.0,1,17821.0
355.0,26.0,1,3.0,6.0,2,1,2.0,3.0,1,3.0,0,2.0,0.0,5.0,1.0,0.0,2,20296.0
4662.0,27.0,0,3.0,36.0,3,1,4.0,6.0,1,5.0,3,2.0,0.0,3.0,1.0,2.0,2,23647.0
1260.0,32.0,0,1.0,11.0,1,1,3.0,3.0,0,4.0,2,3.0,0.0,3.0,1.0,1.0,1,17718.0
3528.0,35.0,1,3.0,7.0,1,1,4.0,5.0,3,3.0,0,3.0,1.0,1.0,1.0,2.0,3,25761.0
3488.0,50.0,1,1.0,12.0,1,1,4.0,4.0,1,3.0,0,4.0,0.0,3.0,0.0,1.0,2,25329.0
4817.0,30.0,0,1.0,17.0,2,0,3.0,5.0,0,3.0,3,3.0,0.0,4.0,1.0,1.0,1,25301.0
1366.0,39.0,0,3.0,27.0,2,0,2.0,5.0,1,3.0,1,7.0,0.0,5.0,0.0,0.0,2,20736.0
2346.0,20.0,1,3.0,27.0,3,1,2.0,1.0,0,3.0,2,2.0,0.0,3.0,1.0,1.0,1,17678.0
609.0,43.0,1,1.0,20.0,2,1,3.0,3.0,4,5.0,0,7.0,0.0,5.0,1.0,0.0,0,32159.0
1789.0,32.0,1,3.0,14.0,1,0,3.0,4.0,1,4.0,1,2.0,1.0,1.0,1.0,2.0,2,20228.0
2727.0,56.0,1,1.0,27.0,1,1,3.0,4.0,1,3.0,0,5.0,1.0,2.0,1.0,2.0,2,24093.0
2762.0,28.0,1,1.0,12.0,2,0,3.0,4.0,0,4.0,2,3.0,1.0,3.0,0.0,2.0,1,21156.0
2373.0,29.0,0,1.0,16.0,2,0,2.0,4.0,0,3.0,3,2.0,0.0,4.0,1.0,0.0,1,21623.0
4551.0,33.0,0,1.0,7.0,2,1,4.0,4.0,0,3.0,1,2.0,0.0,5.0,1.0,1.0,1,20992.0
3148.0,36.0,1,3.0,10.0,2,1,4.0,4.0,3,3.0,1,8.0,0.0,5.0,0.0,2.0,3,26501.0
1059.0,35.0,1,3.0,13.0,2,1,3.0,3.0,0,3.0,0,2.0,0.0,3.0,1.0,0.0,1,17404.0
17.0,22.0,0,1.0,22.0,3,1,3.0,2.0,0,3.0,1,2.0,1.0,3.0,0.0,0.0,1,17935.0
3550.0,31.0,1,3.0,7.0,2,1,4.0,5.0,1,5.0,1,3.0,0.0,4.0,1.0,2.0,2,28392.0
3423.0,35.0,1,1.0,36.0,3,1,3.0,4.0,1,3.0,0,6.0,0.0,3.0,0.0,1.0,2,24107.0
473.0,49.0,1,1.0,24.0,2,1,2.0,4.0,2,3.0,1,2.0,1.0,3.0,0.0,1.0,4,34502.0
2696.0,30.0,1,1.0,22.0,2,1,3.0,4.0,0,3.0,2,3.0,0.0,3.0,0.0,1.0,1,21018.0
4600.0,42.0,1,1.0,13.0,3,1,3.0,4.0,0,5.0,3,4.0,1.0,4.0,1.0,2.0,1,23399.0
2147.0,49.0,1,1.0,14.0,2,0,2.0,3.0,3,4.0,1,5.0,0.0,4.0,0.0,1.0,3,22403.0
3530.0,51.0,0,1.0,29.0,3,1,3.0,6.0,4,3.0,2,3.0,1.0,1.0,1.0,2.0,0,33089.0
3830.0,27.0,1,1.0,7.0,3,1,4.0,4.0,0,5.0,3,2.0,0.0,5.0,1.0,3.0,1,21545.0
922.0,44.0,1,1.0,10.0,2,1,3.0,1.0,2,5.0,1,2.0,0.0,5.0,1.0,2.0,4,34190.0
369.0,31.0,1,1.0,15.0,2,1,2.0,4.0,0,4.0,2,1.0,1.0,3.0,1.0,0.0,1,17657.0
2159.0,20.0,1,1.0,10.0,1,1,2.0,3.0,0,5.0,2,2.0,0.0,3.0,1.0,0.0,1,17973.0
4070.0,52.0,1,1.0,14.0,3,1,3.0,5.0,1,3.0,1,4.0,0.0,3.0,1.0,2.0,2,24810.0
4421.0,30.0,1,3.0,10.0,3,0,4.0,4.0,1,3.0,1,3.0,0.0,1.0,0.0,1.0,2,24239.0
4324.0,31.0,1,1.0,9.0,2,0,3.0,6.0,1,3.0,3,4.0,0.0,1.0,1.0,1.0,2,24769.0
49.0,35.0,1,1.0,14.0,2,1,2.0,2.0,0,3.0,0,2.0,0.0,5.0,1.0,1.0,1,17269.0
683.0,25.0,1,3.0,25.0,3,1,2.0,4.0,0,4.0,0,2.0,1.0,2.0,0.0,0.0,1,17413.0
3847.0,40.0,1,3.0,22.0,3,1,4.0,4.0,4,5.0,2,2.0,0.0,1.0,1.0,3.0,0,32019.0
209.0,46.0,1,1.0,6.0,3,1,3.0,3.0,3,5.0,1,1.0,0.0,2.0,0.0,0.0,3,24396.0
3477.0,32.0,0,1.0,7.0,2,0,4.0,2.0,3,4.0,3,3.0,0.0,3.0,1.0,3.0,3,26124.0
669.0,39.0,1,1.0,12.0,3,1,3.0,3.0,0,5.0,0,1.0,1.0,2.0,1.0,1.0,1,17404.0
1923.0,26.0,0,2.0,23.0,2,0,2.0,3.0,0,3.0,1,1.0,1.0,5.0,0.0,1.0,1,17741.0
4734.0,36.0,0,3.0,18.0,3,1,3.0,4.0,1,3.0,1,3.0,0.0,5.0,1.0,2.0,2,23646.0
3541.0,25.0,1,1.0,28.0,1,1,3.0,5.0,0,5.0,1,2.0,0.0,3.0,0.0,1.0,1,20974.0
3853.0,41.0,0,1.0,18.0,1,0,4.0,4.0,1,3.0,1,3.0,0.0,3.0,1.0,2.0,2,25001.0
1743.0,37.0,1,3.0,12.0,3,1,3.0,3.0,1,3.0,1,5.0,0.0,3.0,1.0,0.0,2,21502.0
47.0,37.0,1,1.0,25.0,2,1,3.0,3.0,0,4.0,0,5.0,0.0,4.0,1.0,1.0,1,18022.0
1438.0,23.0,0,3.0,15.0,3,1,2.0,3.0,0,5.0,1,2.0,0.0,5.0,1.0,0.0,1,16790.0
827.0,28.0,0,1.0,12.0,2,1,2.0,4.0,0,3.0,1,2.0,1.0,4.0,1.0,0.0,1,17703.0
4532.0,26.0,1,1.0,9.0,3,1,4.0,2.0,0,5.0,3,2.0,0.0,1.0,0.0,2.0,1,22102.0
4439.0,25.0,1,3.0,10.0,2,0,4.0,4.0,1,3.0,3,2.0,0.0,1.0,1.0,2.0,2,23255.0
1856.0,37.0,1,1.0,20.0,2,0,3.0,3.0,0,5.0,1,2.0,0.0,4.0,1.0,1.0,1,18034.0
2575.0,51.0,0,3.0,19.0,3,0,4.0,4.0,3,3.0,3,6.0,0.0,5.0,0.0,1.0,3,27886.0
2360.0,54.0,0,1.0,7.0,2,0,2.0,3.0,3,3.0,1,1.0,0.0,5.0,0.0,1.0,3,25502.0
4810.0,32.0,1,1.0,31.0,3,0,4.0,5.0,1,5.0,3,3.0,0.0,5.0,1.0,1.0,2,25490.0
179.0,38.0,1,1.0,15.0,2,0,3.0,3.0,0,3.0,2,2.0,0.0,2.0,1.0,1.0,1,17288.0
4329.0,35.0,0,3.0,13.0,3,0,3.0,6.0,0,3.0,1,2.0,0.0,4.0,0.0,2.0,1,21029.0
3065.0,37.0,1,3.0,7.0,2,1,3.0,4.0,1,3.0,0,3.0,1.0,3.0,1.0,2.0,2,24879.0
3577.0,44.0,1,1.0,34.0,1,1,3.0,2.0,0,4.0,1,7.0,0.0,5.0,1.0,2.0,1,23554.0
3274.0,42.0,1,1.0,19.0,2,1,3.0,4.0,0,3.0,0,5.0,1.0,3.0,1.0,1.0,1,23444.0
3163.0,48.0,1,3.0,11.0,2,0,3.0,4.0,1,3.0,3,3.0,1.0,3.0,1.0,2.0,2,22841.0
777.0,21.0,1,1.0,16.0,2,0,2.0,4.0,0,5.0,2,2.0,0.0,3.0,1.0,0.0,1,16416.0
3197.0,40.0,0,1.0,29.0,3,0,3.0,4.0,3,5.0,2,3.0,1.0,5.0,1.0,1.0,3,29558.0
2221.0,50.0,0,3.0,6.0,2,0,3.0,3.0,1,3.0,1,1.0,0.0,1.0,0.0,1.0,2,21347.0
3988.0,37.0,1,1.0,13.0,2,0,3.0,2.0,0,3.0,1,5.0,0.0,1.0,0.0,1.0,1,21716.0
4520.0,35.0,0,1.0,23.0,2,0,4.0,5.0,0,3.0,2,3.0,0.0,5.0,1.0,3.0,1,21231.0
1015.0,34.0,0,1.0,6.0,2,1,3.0,3.0,0,5.0,1,6.0,0.0,1.0,1.0,2.0,1,17996.0
599.0,36.0,1,2.0,19.0,2,1,2.0,3.0,0,4.0,0,5.0,0.0,3.0,1.0,0.0,1,17143.0
864.0,41.0,0,1.0,11.0,2,1,3.0,4.0,0,5.0,1,7.0,0.0,3.0,1.0,0.0,1,17107.0
4344.0,36.0,1,1.0,29.0,2,1,3.0,6.0,0,3.0,3,2.0,0.0,4.0,1.0,2.0,1,22908.0
722.0,38.0,0,1.0,16.0,3,1,3.0,3.0,0,3.0,0,1.0,0.0,5.0,0.0,2.0,1,17684.0
1607.0,39.0,1,3.0,10.0,2,0,2.0,4.0,1,3.0,1,5.0,0.0,5.0,1.0,1.0,2,20902.0
660.0,58.0,0,1.0,8.0,2,1,2.0,4.0,0,3.0,1,1.0,1.0,2.0,0.0,0.0,1,17380.0
326.0,39.0,0,1.0,5.0,3,1,2.0,4.0,2,3.0,0,2.0,0.0,5.0,1.0,1.0,4,34272.0
305.0,36.0,0,1.0,30.0,2,0,2.0,3.0,1,4.0,0,1.0,0.0,3.0,0.0,0.0,2,20674.0
4323.0,43.0,0,1.0,36.0,2,0,4.0,4.0,1,3.0,1,4.0,0.0,3.0,1.0,2.0,2,23234.0
4763.0,44.0,1,3.0,16.0,3,0,3.0,6.0,1,3.0,3,2.0,0.0,1.0,0.0,1.0,2,24024.0
1137.0,22.0,0,1.0,32.0,2,0,2.0,4.0,0,3.0,1,2.0,1.0,3.0,0.0,0.0,1,17814.0
2417.0,52.0,0,3.0,13.0,3,0,3.0,3.0,0,3.0,1,3.0,1.0,4.0,1.0,2.0,1,23446.0
1027.0,34.0,1,1.0,6.0,2,0,2.0,4.0,0,4.0,0,6.0,0.0,1.0,1.0,1.0,1,18294.0
1365.0,29.0,0,3.0,30.0,1,1,2.0,1.0,0,5.0,2,2.0,0.0,3.0,1.0,1.0,1,16091.0
3784.0,37.0,1,3.0,17.0,1,0,4.0,5.0,1,3.0,1,3.0,1.0,1.0,1.0,3.0,2,24351.0
4037.0,52.0,1,1.0,13.0,2,1,3.0,4.0,2,3.0,2,2.0,0.0,5.0,1.0,2.0,4,38215.0
1805.0,40.0,1,3.0,6.0,3,1,2.0,5.0,1,3.0,1,3.0,1.0,3.0,1.0,0.0,2,22457.0
4757.0,27.0,1,1.0,10.0,3,1,3.0,2.0,0,3.0,1,3.0,0.0,5.0,1.0,2.0,1,23098.0
3140.0,46.0,0,1.0,11.0,2,1,3.0,4.0,1,4.0,0,3.0,0.0,4.0,1.0,2.0,2,23125.0
1177.0,50.0,1,1.0,23.0,2,0,2.0,4.0,3,5.0,1,6.0,0.0,3.0,1.0,0.0,3,28269.0
896.0,31.0,1,1.0,30.0,3,0,3.0,4.0,1,5.0,3,2.0,0.0,5.0,0.0,2.0,2,21812.0
1609.0,30.0,1,2.0,15.0,2,1,2.0,3.0,1,3.0,1,1.0,1.0,3.0,1.0,1.0,2,21347.0
2835.0,41.0,1,1.0,9.0,3,0,4.0,5.0,1,3.0,0,8.0,0.0,5.0,1.0,1.0,2,22126.0
730.0,30.0,1,1.0,14.0,2,0,3.0,1.0,3,5.0,0,1.0,1.0,2.0,0.0,2.0,3,26416.0
3489.0,41.0,1,1.0,9.0,3,1,4.0,4.0,0,3.0,1,4.0,0.0,1.0,0.0,1.0,1,21023.0
1329.0,29.0,1,2.0,12.0,3,1,2.0,4.0,0,4.0,1,2.0,0.0,3.0,1.0,1.0,1,17804.0
2671.0,30.0,0,3.0,7.0,3,0,3.0,4.0,3,3.0,0,3.0,0.0,3.0,1.0,1.0,3,26596.0
4321.0,46.0,1,1.0,17.0,2,1,4.0,4.0,0,3.0,1,5.0,0.0,5.0,0.0,3.0,1,21332.0
3122.0,49.0,1,1.0,27.0,3,1,3.0,4.0,0,3.0,0,6.0,0.0,2.0,0.0,1.0,1,20937.0
1114.0,48.0,1,1.0,21.0,2,0,3.0,3.0,0,5.0,1,1.0,0.0,1.0,1.0,0.0,1,17367.0
3189.0,56.0,0,1.0,25.0,3,1,4.0,4.0,1,4.0,0,5.0,1.0,5.0,1.0,3.0,2,25063.0
3118.0,59.0,1,1.0,12.0,1,0,3.0,5.0,3,4.0,1,4.0,1.0,5.0,1.0,2.0,3,29230.0
3182.0,40.0,1,1.0,7.0,2,0,4.0,5.0,4,3.0,0,3.0,0.0,3.0,0.0,2.0,0,31420.0
4661.0,39.0,1,3.0,10.0,2,1,3.0,4.0,1,3.0,3,2.0,1.0,3.0,1.0,1.0,2,25539.0
3112.0,29.0,1,1.0,16.0,3,0,4.0,4.0,0,3.0,1,7.0,0.0,3.0,1.0,2.0,1,21055.0
3568.0,40.0,1,3.0,13.0,3,1,3.0,2.0,3,3.0,1,4.0,0.0,4.0,1.0,2.0,3,26915.0
2876.0,35.0,1,1.0,9.0,2,1,4.0,5.0,0,3.0,1,5.0,0.0,5.0,1.0,1.0,1,21446.0
2795.0,33.0,1,1.0,9.0,3,0,4.0,4.0,0,4.0,0,3.0,0.0,4.0,0.0,1.0,1,21048.0
3820.0,39.0,1,1.0,16.0,2,1,4.0,4.0,0,3.0,1,4.0,0.0,1.0,1.0,2.0,1,23449.0
2913.0,33.0,0,3.0,18.0,2,1,3.0,3.0,1,3.0,0,2.0,0.0,3.0,1.0,2.0,2,23385.0
1673.0,40.0,1,1.0,25.0,3,1,1.0,3.0,1,3.0,1,1.0,1.0,1.0,1.0,0.0,2,17741.0
4633.0,48.0,1,3.0,11.0,2,0,3.0,4.0,1,3.0,3,3.0,1.0,3.0,1.0,2.0,2,22841.0
2448.0,28.0,1,1.0,9.0,3,1,3.0,4.0,0,4.0,0,2.0,0.0,5.0,1.0,1.0,1,22146.0
4811.0,60.0,1,3.0,10.0,2,0,3.0,5.0,1,3.0,3,7.0,0.0,3.0,0.0,1.0,2,23849.0
2499.0,34.0,0,1.0,7.0,2,0,4.0,4.0,3,3.0,2,3.0,1.0,2.0,1.0,1.0,3,32136.0
312.0,31.0,1,1.0,8.0,2,1,2.0,3.0,0,3.0,1,1.0,1.0,4.0,1.0,1.0,1,17695.0
537.0,27.0,0,1.0,16.0,2,1,2.0,3.0,3,5.0,1,2.0,0.0,3.0,1.0,0.0,3,23793.0
3001.0,36.0,0,1.0,9.0,2,0,4.0,4.0,1,5.0,1,4.0,0.0,4.0,0.0,1.0,2,23771.0
2178.0,36.0,0,3.0,14.0,1,1,2.0,3.0,1,3.0,1,5.0,0.0,3.0,1.0,1.0,2,20079.0
3884.0,37.0,0,1.0,11.0,2,0,4.0,4.0,1,4.0,1,2.0,0.0,3.0,1.0,2.0,2,23809.0
4259.0,24.0,1,1.0,33.0,2,1,3.0,4.0,0,3.0,1,3.0,0.0,1.0,0.0,2.0,1,21582.0
1684.0,30.0,1,1.0,9.0,1,0,2.0,3.0,0,5.0,2,6.0,1.0,4.0,0.0,0.0,1,17657.0
2523.0,47.0,1,2.0,12.0,3,1,4.0,4.0,1,4.0,1,2.0,1.0,5.0,0.0,2.0,2,23699.0
803.0,34.0,0,1.0,9.0,2,1,2.0,4.0,0,3.0,0,4.0,0.0,2.0,1.0,0.0,1,17979.0
3718.0,32.0,1,3.0,36.0,3,0,4.0,5.0,1,3.0,1,3.0,0.0,3.0,1.0,1.0,2,24146.0
2239.0,26.0,0,1.0,6.0,3,0,3.0,4.0,0,3.0,1,2.0,0.0,1.0,0.0,0.0,1,17007.0
2756.0,32.0,1,1.0,9.0,2,1,3.0,4.0,0,3.0,1,2.0,1.0,4.0,1.0,2.0,1,21373.0
967.0,40.0,1,1.0,6.0,2,1,2.0,3.0,0,4.0,0,4.0,0.0,1.0,1.0,1.0,1,17387.0
4433.0,30.0,0,1.0,7.0,2,1,4.0,6.0,0,3.0,1,3.0,0.0,1.0,0.0,3.0,1,21398.0
4442.0,51.0,0,3.0,15.0,1,1,3.0,4.0,1,3.0,1,5.0,1.0,5.0,0.0,1.0,2,25474.0
3826.0,32.0,0,1.0,10.0,3,1,3.0,4.0,0,5.0,1,3.0,1.0,1.0,0.0,1.0,1,21743.0
2766.0,33.0,1,1.0,9.0,3,0,4.0,3.0,1,3.0,3,2.0,0.0,3.0,1.0,3.0,2,23733.0
2698.0,30.0,1,3.0,27.0,3,1,3.0,4.0,1,3.0,1,4.0,0.0,2.0,1.0,2.0,2,25609.0
4426.0,28.0,1,1.0,10.0,3,1,3.0,5.0,0,3.0,2,2.0,0.0,1.0,1.0,2.0,1,20723.0
733.0,26.0,1,1.0,8.0,3,1,2.0,1.0,1,3.0,0,2.0,0.0,3.0,1.0,1.0,2,20472.0
1312.0,31.0,1,2.0,24.0,2,1,2.0,1.0,0,5.0,1,1.0,0.0,1.0,1.0,0.0,1,17956.0
1142.0,45.0,1,1.0,11.0,3,0,2.0,5.0,1,5.0,2,2.0,1.0,3.0,1.0,0.0,2,20769.0
1736.0,31.0,1,1.0,29.0,3,1,3.0,4.0,1,3.0,1,1.0,0.0,3.0,0.0,1.0,2,20582.0
849.0,43.0,1,3.0,15.0,3,0,2.0,5.0,1,3.0,2,1.0,0.0,2.0,1.0,1.0,2,20346.0
2641.0,43.0,0,1.0,28.0,3,0,3.0,4.0,1,3.0,1,4.0,0.0,2.0,0.0,1.0,2,23943.0
4025.0,35.0,0,1.0,14.0,2,1,4.0,6.0,1,3.0,3,3.0,1.0,5.0,1.0,1.0,2,24752.0
2058.0,50.0,1,1.0,8.0,3,1,3.0,3.0,4,3.0,1,6.0,0.0,1.0,0.0,1.0,0,32639.0
3587.0,46.0,0,3.0,33.0,3,1,3.0,5.0,1,5.0,1,3.0,0.0,3.0,0.0,1.0,2,23063.0
3505.0,25.0,0,3.0,20.0,2,0,4.0,4.0,0,4.0,0,3.0,0.0,1.0,0.0,1.0,1,20711.0
3455.0,37.0,1,3.0,10.0,3,0,3.0,4.0,1,4.0,3,5.0,1.0,4.0,0.0,2.0,2,27956.0
3504.0,25.0,0,1.0,16.0,3,1,3.0,4.0,0,5.0,3,4.0,1.0,3.0,0.0,2.0,1,21850.0
4280.0,42.0,0,3.0,11.0,3,1,3.0,4.0,1,4.0,3,3.0,0.0,3.0,1.0,1.0,2,28033.0
2144.0,58.0,1,1.0,11.0,1,0,2.0,4.0,3,4.0,1,3.0,1.0,5.0,1.0,1.0,3,25552.0
1766.0,18.0,1,1.0,9.0,3,1,2.0,3.0,0,3.0,2,2.0,0.0,4.0,1.0,0.0,1,16420.0
1102.0,36.0,1,3.0,8.0,2,1,3.0,3.0,0,3.0,2,4.0,1.0,3.0,0.0,0.0,1,17644.0
2127.0,29.0,1,1.0,13.0,3,0,3.0,4.0,0,3.0,1,7.0,0.0,5.0,1.0,1.0,1,17532.0
4254.0,38.0,1,1.0,12.0,3,1,4.0,4.0,1,3.0,1,2.0,0.0,3.0,1.0,3.0,2,25025.0
2456.0,32.0,1,1.0,33.0,2,1,3.0,4.0,0,3.0,1,3.0,0.0,3.0,0.0,2.0,1,21589.0
448.0,40.0,1,1.0,12.0,2,0,3.0,3.0,4,3.0,3,1.0,0.0,5.0,1.0,2.0,0,28237.0
4841.0,37.0,1,2.0,16.0,1,0,3.0,4.0,0,3.0,1,3.0,0.0,1.0,1.0,1.0,1,24088.0
1937.0,37.0,0,3.0,15.0,3,1,3.0,3.0,3,4.0,1,2.0,0.0,1.0,1.0,2.0,3,23834.0
1281.0,35.0,1,3.0,33.0,2,1,2.0,3.0,1,3.0,2,2.0,1.0,5.0,0.0,0.0,2,20813.0
4651.0,42.0,1,1.0,14.0,3,0,3.0,4.0,1,3.0,3,8.0,0.0,3.0,1.0,2.0,2,23681.0
206.0,22.0,1,1.0,11.0,2,1,2.0,2.0,0,4.0,1,2.0,1.0,4.0,0.0,0.0,1,17328.0
2138.0,28.0,1,1.0,15.0,3,0,3.0,3.0,0,3.0,1,6.0,0.0,3.0,0.0,0.0,1,17377.0
1959.0,43.0,1,1.0,12.0,2,1,2.0,4.0,4,3.0,1,5.0,1.0,3.0,1.0,0.0,0,31627.0
936.0,45.0,0,1.0,31.0,3,0,2.0,3.0,2,4.0,2,4.0,0.0,4.0,1.0,1.0,4,33061.0
627.0,52.0,0,1.0,31.0,3,0,2.0,4.0,4,3.0,0,4.0,0.0,5.0,0.0,1.0,0,28826.0
4658.0,38.0,1,1.0,18.0,3,0,4.0,6.0,1,4.0,1,7.0,0.0,4.0,1.0,1.0,2,23455.0
3564.0,39.0,1,3.0,23.0,2,0,3.0,4.0,1,4.0,3,4.0,0.0,1.0,0.0,1.0,2,22876.0
927.0,36.0,1,1.0,8.0,2,0,2.0,3.0,1,4.0,2,1.0,1.0,3.0,1.0,0.0,2,20410.0
240.0,39.0,1,1.0,6.0,3,0,3.0,3.0,0,3.0,1,1.0,0.0,3.0,0.0,1.0,1,17232.0
2846.0,31.0,1,3.0,19.0,1,0,3.0,4.0,1,3.0,3,2.0,0.0,2.0,1.0,1.0,2,25255.0
3899.0,41.0,1,1.0,9.0,2,1,3.0,5.0,0,3.0,3,4.0,0.0,5.0,0.0,2.0,1,21487.0
4516.0,31.0,1,1.0,9.0,3,0,3.0,5.0,1,3.0,3,7.0,1.0,1.0,1.0,2.0,2,25555.0
3761.0,28.0,0,1.0,12.0,2,0,3.0,4.0,0,3.0,2,2.0,1.0,1.0,1.0,2.0,1,21057.0
775.0,43.0,1,3.0,31.0,3,1,3.0,4.0,3,3.0,1,6.0,0.0,4.0,1.0,1.0,3,25798.0
1151.0,28.0,1,1.0,33.0,3,0,2.0,5.0,1,5.0,1,1.0,0.0,4.0,1.0,0.0,2,20208.0
1320.0,42.0,0,1.0,16.0,1,1,2.0,3.0,0,3.0,1,4.0,0.0,4.0,1.0,0.0,1,17936.0
1691.0,33.0,1,1.0,10.0,3,0,2.0,4.0,0,4.0,1,7.0,0.0,4.0,0.0,1.0,1,17622.0
3960.0,35.0,0,3.0,30.0,3,1,4.0,4.0,1,3.0,3,2.0,0.0,5.0,0.0,2.0,2,23246.0
2206.0,48.0,1,1.0,10.0,2,1,3.0,4.0,3,3.0,3,1.0,0.0,5.0,1.0,0.0,3,25999.0
2383.0,45.0,1,3.0,19.0,3,1,2.0,1.0,4,3.0,2,7.0,1.0,3.0,1.0,0.0,0,33824.0
366.0,41.0,0,3.0,10.0,3,1,2.0,3.0,1,4.0,3,2.0,0.0,3.0,1.0,0.0,2,24355.0
2742.0,37.0,0,1.0,25.0,2,1,3.0,3.0,0,3.0,0,6.0,0.0,5.0,0.0,1.0,1,22366.0
1170.0,27.0,0,1.0,8.0,3,1,2.0,3.0,0,3.0,2,3.0,0.0,3.0,0.0,1.0,1,17580.0
3737.0,44.0,0,1.0,16.0,2,1,3.0,4.0,0,3.0,2,6.0,0.0,3.0,0.0,2.0,1,21116.0
3996.0,56.0,1,3.0,7.0,2,1,4.0,4.0,3,3.0,1,5.0,0.0,1.0,0.0,3.0,3,28917.0
2819.0,50.0,1,1.0,14.0,2,1,3.0,5.0,3,3.0,2,2.0,0.0,2.0,1.0,2.0,3,29643.0
2850.0,53.0,1,1.0,10.0,3,1,3.0,5.0,3,3.0,0,4.0,1.0,2.0,0.0,1.0,3,26647.0
911.0,25.0,0,3.0,30.0,2,1,3.0,5.0,0,3.0,2,2.0,1.0,1.0,1.0,1.0,1,16118.0
3494.0,43.0,0,1.0,16.0,3,0,4.0,4.0,0,3.0,3,3.0,0.0,4.0,1.0,2.0,1,22351.0
602.0,30.0,1,1.0,8.0,3,0,2.0,4.0,1,3.0,3,6.0,1.0,2.0,1.0,1.0,2,21877.0
969.0,48.0,1,1.0,10.0,2,1,2.0,3.0,3,3.0,3,2.0,0.0,5.0,1.0,1.0,3,22898.0
2735.0,37.0,1,1.0,10.0,1,1,2.0,4.0,1,4.0,3,6.0,0.0,2.0,1.0,1.0,2,23163.0
446.0,41.0,0,3.0,16.0,2,1,2.0,3.0,1,3.0,2,1.0,0.0,2.0,0.0,1.0,2,21230.0
3323.0,61.0,1,3.0,14.0,3,1,3.0,2.0,1,3.0,1,2.0,1.0,5.0,0.0,1.0,2,23898.0
36.0,50.0,1,3.0,9.0,3,1,2.0,4.0,0,3.0,0,2.0,1.0,4.0,0.0,0.0,1,17683.0
2151.0,38.0,1,1.0,6.0,1,0,3.0,3.0,3,5.0,1,2.0,0.0,4.0,1.0,1.0,3,28582.0
1283.0,28.0,1,1.0,6.0,2,1,2.0,3.0,0,3.0,1,2.0,0.0,1.0,0.0,0.0,1,17044.0
2878.0,32.0,1,1.0,16.0,2,1,3.0,4.0,3,4.0,1,3.0,0.0,3.0,1.0,2.0,3,29326.0
1667.0,42.0,0,1.0,27.0,3,0,2.0,3.0,1,3.0,1,3.0,0.0,1.0,0.0,0.0,2,20265.0
3701.0,32.0,1,3.0,23.0,3,1,4.0,4.0,3,3.0,1,4.0,0.0,5.0,1.0,1.0,3,26839.0
4572.0,45.0,1,1.0,16.0,2,1,4.0,4.0,0,5.0,1,3.0,1.0,3.0,1.0,1.0,1,21237.0
2135.0,47.0,1,3.0,8.0,2,0,3.0,4.0,0,3.0,2,2.0,1.0,1.0,0.0,0.0,1,18294.0
1938.0,52.0,1,1.0,12.0,1,1,3.0,3.0,1,5.0,1,4.0,1.0,4.0,1.0,1.0,2,20577.0
1497.0,42.0,1,3.0,14.0,3,1,2.0,3.0,1,4.0,1,1.0,0.0,3.0,1.0,0.0,2,21825.0
2839.0,44.0,0,1.0,28.0,3,1,4.0,4.0,0,3.0,0,2.0,0.0,4.0,0.0,3.0,1,20936.0
4838.0,36.0,0,1.0,9.0,2,0,3.0,5.0,0,5.0,3,4.0,1.0,3.0,0.0,1.0,1,22184.0
3333.0,28.0,1,1.0,21.0,2,1,3.0,4.0,0,5.0,0,3.0,1.0,4.0,1.0,1.0,1,20913.0
2164.0,33.0,1,1.0,6.0,2,0,2.0,4.0,1,3.0,3,1.0,0.0,4.0,1.0,1.0,2,21949.0
3251.0,39.0,1,3.0,17.0,3,1,4.0,5.0,3,3.0,1,2.0,1.0,3.0,1.0,1.0,3,27418.0
3927.0,35.0,1,1.0,26.0,3,1,4.0,4.0,0,3.0,1,2.0,0.0,3.0,0.0,1.0,1,21339.0
4318.0,29.0,1,1.0,24.0,3,1,4.0,4.0,1,5.0,1,3.0,0.0,1.0,0.0,2.0,2,23236.0
1450.0,35.0,1,2.0,32.0,2,0,2.0,3.0,3,3.0,3,2.0,1.0,1.0,1.0,0.0,3,23837.0
4543.0,29.0,1,2.0,15.0,3,1,4.0,5.0,0,3.0,1,3.0,0.0,1.0,1.0,1.0,1,23614.0
4534.0,36.0,1,1.0,34.0,3,0,3.0,5.0,0,5.0,2,3.0,0.0,4.0,0.0,2.0,1,21237.0
4563.0,54.0,1,1.0,30.0,2,0,4.0,4.0,4,3.0,2,8.0,0.0,5.0,1.0,2.0,0,32953.0
3227.0,42.0,1,1.0,14.0,1,0,3.0,2.0,0,3.0,0,3.0,0.0,3.0,1.0,2.0,1,22054.0
4447.0,41.0,0,3.0,12.0,2,1,3.0,5.0,3,5.0,1,7.0,1.0,5.0,0.0,1.0,3,29153.0
3211.0,38.0,1,1.0,10.0,2,0,3.0,4.0,1,4.0,3,5.0,0.0,4.0,1.0,1.0,2,22785.0
2376.0,34.0,1,1.0,13.0,2,1,3.0,3.0,1,3.0,1,2.0,0.0,3.0,0.0,0.0,2,17585.0
279.0,50.0,1,1.0,10.0,2,1,3.0,3.0,2,4.0,1,4.0,0.0,5.0,1.0,0.0,4,34144.0
4466.0,57.0,1,1.0,16.0,3,1,3.0,4.0,4,3.0,1,2.0,0.0,4.0,0.0,1.0,0,29781.0
4436.0,38.0,1,1.0,17.0,2,1,4.0,2.0,0,3.0,3,5.0,0.0,4.0,1.0,3.0,1,23358.0
3889.0,42.0,1,1.0,35.0,2,0,3.0,5.0,4,4.0,1,2.0,0.0,5.0,1.0,2.0,0,32248.0
594.0,29.0,1,1.0,29.0,2,1,2.0,1.0,0,3.0,0,2.0,0.0,2.0,1.0,1.0,1,17700.0
3284.0,36.0,1,1.0,7.0,3,1,3.0,5.0,0,3.0,0,8.0,0.0,2.0,1.0,2.0,1,20936.0
503.0,34.0,1,1.0,6.0,2,1,2.0,3.0,0,3.0,0,2.0,0.0,3.0,1.0,0.0,1,17691.0
3642.0,34.0,0,3.0,23.0,2,0,3.0,4.0,1,3.0,1,3.0,1.0,1.0,0.0,1.0,2,24046.0
2503.0,38.0,1,1.0,7.0,2,1,3.0,5.0,1,3.0,1,3.0,0.0,5.0,1.0,2.0,2,24671.0
2259.0,44.0,1,2.0,6.0,3,1,3.0,4.0,3,5.0,1,1.0,0.0,4.0,1.0,0.0,3,25482.0
1092.0,45.0,1,1.0,34.0,1,1,3.0,3.0,0,3.0,1,5.0,0.0,3.0,1.0,2.0,1,17132.0
438.0,35.0,1,1.0,22.0,2,1,3.0,3.0,3,3.0,0,5.0,1.0,2.0,0.0,1.0,3,22632.0
703.0,38.0,0,3.0,16.0,1,0,2.0,3.0,1,3.0,2,2.0,1.0,3.0,0.0,1.0,2,20666.0
2967.0,51.0,1,1.0,35.0,3,1,4.0,3.0,0,3.0,0,3.0,1.0,2.0,1.0,3.0,1,21899.0
350.0,42.0,1,2.0,8.0,1,1,2.0,3.0,0,3.0,1,1.0,1.0,4.0,1.0,0.0,1,17696.0
2120.0,43.0,0,1.0,6.0,2,0,2.0,3.0,1,3.0,1,5.0,0.0,1.0,1.0,1.0,2,20562.0
308.0,58.0,0,1.0,6.0,2,1,2.0,5.0,1,3.0,1,3.0,1.0,2.0,1.0,1.0,2,20660.0
892.0,19.0,0,1.0,16.0,3,0,3.0,4.0,0,4.0,2,2.0,1.0,5.0,1.0,1.0,1,16859.0
169.0,32.0,1,1.0,12.0,2,1,2.0,3.0,0,3.0,2,4.0,0.0,2.0,0.0,1.0,1,18038.0
2197.0,18.0,0,1.0,11.0,2,1,3.0,3.0,0,3.0,2,2.0,0.0,1.0,0.0,1.0,1,16051.0
2964.0,49.0,1,3.0,9.0,3,1,3.0,3.0,1,4.0,0,5.0,0.0,3.0,1.0,1.0,2,26798.0
71.0,29.0,1,1.0,8.0,2,1,3.0,3.0,0,4.0,0,1.0,0.0,4.0,0.0,0.0,1,17703.0
153.0,45.0,1,1.0,15.0,2,1,2.0,3.0,1,4.0,1,1.0,0.0,4.0,1.0,0.0,2,17348.0
1869.0,31.0,1,1.0,6.0,2,1,3.0,4.0,0,5.0,1,2.0,0.0,4.0,1.0,1.0,1,17218.0
2202.0,30.0,0,1.0,11.0,3,0,2.0,3.0,0,4.0,2,1.0,0.0,3.0,0.0,0.0,1,17422.0
3675.0,47.0,1,1.0,20.0,2,1,3.0,4.0,1,4.0,3,8.0,0.0,4.0,1.0,1.0,2,24240.0
3174.0,31.0,1,1.0,15.0,2,0,4.0,2.0,3,5.0,0,2.0,1.0,2.0,0.0,3.0,3,30094.0
2986.0,39.0,1,1.0,7.0,2,0,3.0,4.0,3,3.0,3,6.0,1.0,2.0,0.0,2.0,3,26539.0
2776.0,55.0,0,1.0,27.0,2,0,3.0,4.0,1,3.0,3,5.0,0.0,4.0,1.0,1.0,2,23547.0
181.0,34.0,1,1.0,33.0,3,0,3.0,3.0,0,4.0,2,3.0,0.0,3.0,1.0,0.0,1,17311.0
2653.0,47.0,1,1.0,7.0,3,1,4.0,4.0,3,5.0,1,2.0,0.0,2.0,0.0,1.0,3,28074.0
1603.0,41.0,1,3.0,15.0,2,1,3.0,3.0,3,3.0,1,4.0,1.0,1.0,0.0,1.0,3,23189.0
3149.0,40.0,1,3.0,9.0,2,1,3.0,2.0,3,3.0,3,2.0,0.0,2.0,1.0,2.0,3,26558.0
2610.0,42.0,1,1.0,21.0,2,1,3.0,4.0,0,3.0,1,6.0,0.0,4.0,1.0,2.0,1,21129.0
2349.0,60.0,1,3.0,13.0,3,1,2.0,1.0,1,3.0,1,1.0,1.0,5.0,0.0,0.0,2,20220.0
4884.0,28.0,0,1.0,31.0,2,1,4.0,5.0,0,3.0,2,3.0,1.0,3.0,1.0,2.0,1,21212.0
1892.0,19.0,1,2.0,8.0,1,1,2.0,4.0,0,3.0,2,2.0,0.0,3.0,0.0,0.0,1,17564.0
3483.0,35.0,1,2.0,16.0,1,0,3.0,4.0,0,3.0,0,3.0,0.0,1.0,1.0,1.0,1,21420.0
1202.0,38.0,1,1.0,10.0,3,0,2.0,3.0,0,3.0,1,1.0,0.0,5.0,0.0,0.0,1,18306.0
2524.0,31.0,1,1.0,7.0,2,1,3.0,5.0,1,3.0,0,3.0,1.0,2.0,1.0,2.0,2,23804.0
2511.0,46.0,1,1.0,14.0,2,1,3.0,4.0,3,5.0,1,4.0,0.0,3.0,1.0,2.0,3,28402.0
4355.0,43.0,0,1.0,12.0,2,1,4.0,4.0,0,3.0,1,6.0,0.0,3.0,0.0,2.0,1,20771.0
2572.0,23.0,1,1.0,9.0,1,1,4.0,4.0,0,3.0,0,2.0,0.0,5.0,1.0,3.0,1,21201.0
33.0,39.0,1,3.0,11.0,1,1,2.0,3.0,1,3.0,0,4.0,0.0,2.0,0.0,1.0,2,17086.0
4186.0,29.0,1,1.0,16.0,3,1,4.0,4.0,0,3.0,1,3.0,0.0,1.0,1.0,1.0,1,20748.0
2818.0,29.0,1,3.0,16.0,2,1,4.0,4.0,1,3.0,3,3.0,0.0,3.0,1.0,1.0,2,23931.0
2849.0,26.0,1,1.0,10.0,3,1,4.0,4.0,0,5.0,0,7.0,0.0,5.0,1.0,2.0,1,22709.0
3471.0,35.0,1,1.0,7.0,2,0,3.0,5.0,0,4.0,0,7.0,0.0,1.0,1.0,2.0,1,21972.0
2453.0,37.0,1,1.0,34.0,3,1,4.0,4.0,1,3.0,0,8.0,0.0,3.0,1.0,1.0,2,23915.0
4867.0,45.0,1,3.0,8.0,2,1,3.0,6.0,1,4.0,2,8.0,0.0,3.0,0.0,2.0,2,21040.0
2971.0,33.0,1,3.0,17.0,3,1,3.0,4.0,1,3.0,3,3.0,0.0,4.0,0.0,2.0,2,24074.0
2651.0,37.0,0,1.0,25.0,3,0,4.0,4.0,0,3.0,2,3.0,0.0,3.0,1.0,3.0,1,20831.0
1863.0,34.0,0,3.0,10.0,3,0,3.0,3.0,1,3.0,1,1.0,0.0,1.0,0.0,0.0,2,21538.0
3925.0,30.0,1,1.0,22.0,2,0,3.0,5.0,1,3.0,3,2.0,1.0,1.0,1.0,2.0,2,22871.0
2492.0,47.0,0,3.0,12.0,3,1,4.0,4.0,1,3.0,3,6.0,1.0,5.0,1.0,2.0,2,24450.0
3385.0,31.0,1,1.0,13.0,1,0,3.0,5.0,1,3.0,0,2.0,0.0,4.0,1.0,2.0,2,23305.0
520.0,48.0,1,3.0,8.0,3,1,2.0,2.0,1,4.0,0,4.0,0.0,3.0,1.0,0.0,2,23120.0
2881.0,31.0,1,3.0,14.0,3,1,3.0,4.0,0,4.0,3,2.0,0.0,2.0,1.0,1.0,1,21661.0
1271.0,21.0,1,3.0,13.0,3,1,2.0,3.0,0,4.0,2,2.0,0.0,5.0,1.0,1.0,1,17679.0
4582.0,29.0,1,1.0,16.0,3,0,4.0,4.0,0,3.0,1,7.0,0.0,3.0,0.0,1.0,1,21055.0
1277.0,46.0,1,1.0,8.0,3,1,2.0,3.0,2,3.0,1,1.0,1.0,1.0,1.0,1.0,4,34328.0
4876.0,52.0,1,3.0,34.0,2,1,3.0,4.0,1,3.0,2,3.0,1.0,5.0,1.0,2.0,2,32704.0
3817.0,39.0,0,1.0,15.0,3,0,3.0,5.0,1,4.0,1,3.0,1.0,1.0,1.0,1.0,2,20811.0
1963.0,44.0,1,2.0,6.0,2,0,2.0,4.0,1,3.0,2,5.0,0.0,5.0,1.0,1.0,2,20985.0
2740.0,19.0,1,1.0,10.0,2,1,3.0,4.0,0,3.0,2,3.0,0.0,4.0,0.0,1.0,1,20098.0
4435.0,28.0,0,3.0,10.0,3,0,4.0,2.0,1,3.0,1,3.0,1.0,1.0,1.0,1.0,2,23325.0
3100.0,33.0,1,1.0,32.0,2,1,3.0,4.0,0,3.0,3,3.0,1.0,5.0,1.0,1.0,1,21473.0
1891.0,29.0,1,1.0,31.0,1,0,3.0,4.0,0,4.0,1,6.0,0.0,3.0,1.0,2.0,1,17546.0
3740.0,31.0,1,1.0,17.0,3,0,4.0,4.0,3,3.0,3,2.0,0.0,4.0,0.0,1.0,3,28345.0
4245.0,28.0,0,3.0,7.0,3,1,4.0,4.0,1,4.0,1,2.0,1.0,1.0,0.0,2.0,2,25027.0
4031.0,37.0,0,3.0,18.0,1,0,4.0,4.0,3,3.0,1,2.0,0.0,5.0,0.0,3.0,3,28416.0
2725.0,43.0,1,3.0,7.0,2,1,3.0,4.0,1,3.0,0,3.0,0.0,3.0,1.0,1.0,2,23585.0
527.0,32.0,1,3.0,16.0,3,1,2.0,3.0,1,3.0,2,2.0,0.0,4.0,0.0,1.0,2,20396.0
4644.0,31.0,1,1.0,15.0,2,0,4.0,2.0,3,5.0,1,2.0,1.0,1.0,0.0,3.0,3,30094.0
1440.0,36.0,0,1.0,10.0,2,0,3.0,3.0,1,4.0,1,1.0,0.0,3.0,1.0,1.0,2,20131.0
3630.0,36.0,0,3.0,19.0,2,1,3.0,4.0,1,3.0,3,5.0,1.0,3.0,1.0,1.0,2,23259.0
3166.0,39.0,0,1.0,17.0,3,1,4.0,4.0,0,3.0,0,2.0,0.0,5.0,0.0,3.0,1,21362.0
3383.0,33.0,1,1.0,14.0,2,1,4.0,4.0,1,3.0,0,3.0,0.0,3.0,1.0,2.0,2,23561.0
1266.0,41.0,1,1.0,15.0,2,1,3.0,3.0,0,5.0,1,2.0,0.0,5.0,1.0,1.0,1,17289.0
4047.0,42.0,1,3.0,16.0,2,1,4.0,4.0,3,3.0,1,5.0,1.0,1.0,0.0,2.0,3,26867.0
3475.0,47.0,1,3.0,16.0,3,1,3.0,4.0,3,3.0,1,6.0,0.0,3.0,0.0,2.0,3,28774.0
4666.0,37.0,1,1.0,23.0,2,0,3.0,2.0,0,5.0,3,3.0,0.0,1.0,1.0,1.0,1,21421.0
3702.0,30.0,1,1.0,11.0,1,0,4.0,5.0,0,5.0,1,3.0,0.0,4.0,0.0,1.0,1,20787.0
3200.0,33.0,0,1.0,36.0,3,0,4.0,4.0,0,3.0,3,2.0,0.0,3.0,1.0,1.0,1,22703.0
4412.0,23.0,1,1.0,13.0,3,1,4.0,4.0,0,3.0,1,2.0,0.0,1.0,1.0,2.0,1,21451.0
3772.0,28.0,1,3.0,30.0,3,0,3.0,5.0,1,3.0,1,3.0,0.0,1.0,1.0,2.0,2,22218.0
3516.0,30.0,0,1.0,9.0,2,0,4.0,4.0,0,4.0,0,2.0,0.0,5.0,0.0,3.0,1,21858.0
2888.0,49.0,1,3.0,9.0,3,0,3.0,4.0,1,3.0,0,4.0,0.0,5.0,1.0,1.0,2,22729.0
4002.0,31.0,1,1.0,9.0,2,1,5.0,5.0,1,3.0,1,3.0,0.0,4.0,1.0,2.0,2,22830.0
716.0,41.0,0,1.0,15.0,3,1,3.0,3.0,2,3.0,1,3.0,0.0,4.0,1.0,2.0,4,34419.0
850.0,32.0,0,3.0,8.0,2,0,3.0,3.0,0,5.0,1,2.0,0.0,3.0,0.0,1.0,1,17827.0
912.0,26.0,1,1.0,10.0,2,1,2.0,3.0,0,3.0,2,2.0,1.0,1.0,0.0,0.0,1,17875.0
2935.0,44.0,0,1.0,16.0,3,1,4.0,4.0,1,3.0,1,5.0,1.0,3.0,1.0,1.0,2,24357.0
1180.0,36.0,1,1.0,13.0,2,1,3.0,3.0,0,4.0,2,3.0,0.0,1.0,0.0,2.0,1,17013.0
674.0,58.0,1,1.0,11.0,1,0,2.0,4.0,3,4.0,1,3.0,1.0,5.0,1.0,1.0,3,25552.0
2749.0,37.0,0,1.0,31.0,2,0,3.0,4.0,1,4.0,0,2.0,0.0,3.0,0.0,1.0,2,24352.0
3159.0,34.0,0,1.0,7.0,2,0,3.0,2.0,1,4.0,0,3.0,1.0,3.0,0.0,2.0,2,24166.0
1595.0,26.0,1,1.0,12.0,2,0,2.0,4.0,0,4.0,1,2.0,0.0,3.0,1.0,1.0,1,17368.0
439.0,31.0,0,1.0,26.0,2,1,3.0,3.0,3,3.0,0,4.0,0.0,3.0,1.0,0.0,3,24824.0
23.0,21.0,1,1.0,21.0,2,1,3.0,3.0,0,3.0,2,2.0,0.0,3.0,1.0,1.0,1,16232.0
4062.0,42.0,1,1.0,16.0,2,1,4.0,4.0,0,5.0,1,4.0,0.0,1.0,0.0,1.0,1,20916.0
4099.0,34.0,1,1.0,21.0,3,0,4.0,4.0,0,4.0,1,3.0,0.0,5.0,1.0,2.0,1,21434.0
4003.0,47.0,1,3.0,16.0,3,1,4.0,5.0,3,3.0,3,3.0,0.0,5.0,1.0,3.0,3,28297.0
1910.0,34.0,0,2.0,29.0,2,0,2.0,3.0,3,5.0,1,1.0,1.0,3.0,1.0,0.0,3,24950.0
3563.0,39.0,1,3.0,21.0,2,1,4.0,4.0,1,4.0,1,2.0,0.0,5.0,1.0,3.0,2,28602.0
546.0,29.0,1,3.0,16.0,2,1,2.0,3.0,0,3.0,2,2.0,0.0,4.0,0.0,0.0,1,17642.0
3449.0,30.0,1,2.0,24.0,2,1,3.0,5.0,3,5.0,3,3.0,0.0,3.0,0.0,1.0,3,26666.0
470.0,24.0,0,3.0,30.0,3,1,2.0,3.0,0,3.0,0,1.0,0.0,4.0,0.0,1.0,1,17400.0
3893.0,33.0,1,1.0,9.0,1,1,4.0,4.0,0,5.0,2,3.0,0.0,1.0,1.0,2.0,1,21117.0
617.0,44.0,1,1.0,10.0,3,1,2.0,3.0,1,4.0,2,1.0,0.0,2.0,1.0,0.0,2,20933.0
695.0,37.0,1,3.0,6.0,2,1,2.0,4.0,3,3.0,0,6.0,0.0,2.0,1.0,1.0,3,25609.0
2853.0,43.0,0,1.0,36.0,2,0,4.0,4.0,1,3.0,1,4.0,0.0,3.0,1.0,3.0,2,23234.0
242.0,41.0,1,1.0,25.0,2,1,2.0,3.0,1,5.0,1,3.0,0.0,2.0,1.0,0.0,2,18072.0
3537.0,43.0,0,1.0,9.0,2,1,3.0,4.0,3,3.0,1,4.0,1.0,3.0,1.0,1.0,3,28802.0
1396.0,53.0,1,3.0,30.0,2,1,3.0,3.0,3,5.0,3,7.0,1.0,3.0,1.0,2.0,3,25448.0
987.0,51.0,0,3.0,8.0,3,1,2.0,3.0,3,4.0,0,3.0,0.0,4.0,0.0,0.0,3,25596.0
2851.0,46.0,1,1.0,17.0,2,1,4.0,4.0,0,3.0,0,5.0,0.0,5.0,1.0,1.0,1,21332.0
3908.0,27.0,1,3.0,12.0,2,0,2.0,5.0,0,3.0,3,2.0,0.0,1.0,0.0,1.0,1,21644.0
3575.0,35.0,0,1.0,17.0,1,1,4.0,5.0,1,3.0,1,3.0,0.0,4.0,1.0,2.0,2,23741.0
2626.0,42.0,1,3.0,27.0,3,0,4.0,4.0,0,4.0,3,3.0,1.0,4.0,0.0,3.0,1,21818.0
2623.0,39.0,1,1.0,16.0,2,0,4.0,4.0,0,3.0,2,3.0,0.0,2.0,1.0,2.0,1,20966.0
2130.0,58.0,0,1.0,8.0,2,1,2.0,4.0,0,3.0,1,1.0,1.0,1.0,1.0,0.0,1,17380.0
2498.0,27.0,1,3.0,30.0,3,0,3.0,5.0,1,3.0,0,2.0,1.0,2.0,1.0,1.0,2,22835.0
2923.0,25.0,0,1.0,14.0,2,0,3.0,4.0,0,3.0,0,3.0,1.0,4.0,0.0,1.0,1,21564.0
1464.0,26.0,1,3.0,11.0,2,0,1.0,4.0,0,3.0,2,1.0,0.0,1.0,0.0,0.0,1,17966.0
4681.0,38.0,1,1.0,10.0,2,0,3.0,4.0,1,4.0,3,5.0,0.0,4.0,1.0,1.0,2,22785.0
4360.0,42.0,0,3.0,17.0,2,1,3.0,4.0,1,3.0,3,2.0,0.0,1.0,0.0,2.0,2,24908.0
286.0,44.0,0,1.0,30.0,2,1,2.0,3.0,0,3.0,1,4.0,1.0,5.0,0.0,1.0,1,18161.0
4715.0,51.0,0,3.0,7.0,2,1,3.0,4.0,1,3.0,3,5.0,1.0,1.0,1.0,2.0,2,23406.0
2587.0,31.0,1,1.0,25.0,2,0,4.0,4.0,0,3.0,3,3.0,0.0,2.0,1.0,1.0,1,21310.0
1259.0,30.0,1,1.0,22.0,2,1,2.0,1.0,1,3.0,1,4.0,0.0,1.0,1.0,0.0,2,20294.0
2474.0,34.0,1,1.0,9.0,3,1,4.0,4.0,0,3.0,2,6.0,0.0,3.0,1.0,3.0,1,21174.0
3558.0,49.0,1,1.0,22.0,2,0,4.0,4.0,0,5.0,1,2.0,0.0,1.0,1.0,1.0,1,21045.0
1262.0,43.0,0,1.0,23.0,1,1,2.0,4.0,0,3.0,1,1.0,1.0,5.0,1.0,1.0,1,17437.0
2768.0,31.0,1,1.0,35.0,3,0,4.0,4.0,1,3.0,0,3.0,0.0,3.0,0.0,3.0,2,24453.0
2027.0,35.0,0,1.0,8.0,2,0,3.0,3.0,1,5.0,1,3.0,0.0,4.0,1.0,2.0,2,20093.0
4863.0,40.0,1,3.0,14.0,2,1,4.0,4.0,0,3.0,1,3.0,1.0,1.0,1.0,3.0,1,23212.0
458.0,40.0,0,3.0,34.0,2,1,2.0,5.0,3,5.0,1,4.0,0.0,5.0,1.0,0.0,3,25932.0
2668.0,32.0,0,1.0,7.0,3,1,3.0,6.0,1,3.0,0,2.0,0.0,3.0,1.0,1.0,2,23023.0
653.0,50.0,0,1.0,8.0,2,1,3.0,3.0,4,5.0,1,2.0,0.0,5.0,1.0,2.0,0,32924.0
2097.0,52.0,0,1.0,31.0,3,0,2.0,4.0,4,3.0,1,4.0,0.0,5.0,0.0,1.0,0,28826.0
236.0,33.0,1,1.0,8.0,2,0,2.0,3.0,0,5.0,0,1.0,0.0,3.0,1.0,0.0,1,17707.0
393.0,34.0,0,3.0,10.0,3,0,3.0,3.0,1,3.0,0,1.0,0.0,2.0,1.0,0.0,2,21538.0
2454.0,36.0,1,1.0,23.0,3,1,3.0,3.0,0,4.0,0,2.0,0.0,3.0,1.0,2.0,1,21104.0
964.0,34.0,1,3.0,21.0,3,0,3.0,3.0,1,5.0,2,2.0,0.0,1.0,1.0,2.0,2,21125.0
2670.0,38.0,0,3.0,11.0,3,1,3.0,4.0,0,3.0,1,6.0,0.0,4.0,1.0,1.0,1,20855.0
1873.0,41.0,1,3.0,6.0,3,1,2.0,1.0,3,5.0,1,2.0,0.0,3.0,1.0,1.0,3,23392.0
4880.0,59.0,1,1.0,28.0,3,0,4.0,4.0,1,4.0,1,6.0,0.0,3.0,1.0,2.0,2,28686.0
319.0,32.0,1,3.0,14.0,1,0,3.0,4.0,1,4.0,0,2.0,1.0,2.0,1.0,0.0,2,20228.0
1587.0,36.0,0,3.0,17.0,1,0,3.0,3.0,3,3.0,1,1.0,0.0,5.0,0.0,2.0,3,24738.0
3651.0,56.0,1,1.0,29.0,1,1,4.0,5.0,0,4.0,1,7.0,0.0,1.0,1.0,2.0,1,22215.0
2087.0,44.0,1,1.0,10.0,3,1,2.0,3.0,1,4.0,2,1.0,0.0,1.0,1.0,1.0,2,20933.0
772.0,56.0,0,1.0,15.0,3,0,3.0,3.0,0,3.0,0,3.0,0.0,2.0,0.0,0.0,1,17942.0
2118.0,37.0,0,3.0,27.0,3,0,2.0,3.0,0,3.0,1,6.0,0.0,1.0,1.0,0.0,1,17973.0
1162.0,35.0,1,3.0,16.0,3,1,2.0,4.0,3,5.0,1,1.0,0.0,5.0,1.0,1.0,3,25306.0
1926.0,31.0,1,3.0,13.0,2,1,2.0,4.0,3,3.0,1,1.0,0.0,3.0,1.0,0.0,3,26557.0
4189.0,38.0,0,1.0,7.0,3,0,4.0,4.0,3,3.0,1,4.0,1.0,3.0,0.0,1.0,3,32281.0
3454.0,56.0,1,1.0,7.0,3,1,3.0,2.0,4,3.0,1,4.0,0.0,5.0,1.0,1.0,0,33410.0
117.0,36.0,0,3.0,17.0,1,0,3.0,3.0,3,3.0,0,1.0,0.0,5.0,0.0,0.0,3,24738.0
3856.0,31.0,1,1.0,7.0,3,1,4.0,4.0,0,4.0,1,3.0,0.0,5.0,0.0,2.0,1,22426.0
3952.0,37.0,1,1.0,12.0,2,0,3.0,5.0,0,5.0,1,2.0,1.0,1.0,1.0,2.0,1,22097.0
61.0,38.0,0,1.0,35.0,2,0,2.0,3.0,1,3.0,2,2.0,0.0,3.0,1.0,0.0,2,17406.0
983.0,34.0,1,1.0,8.0,1,0,3.0,3.0,1,3.0,3,2.0,0.0,5.0,1.0,1.0,2,21687.0
3914.0,42.0,1,3.0,7.0,2,0,4.0,4.0,1,3.0,3,2.0,1.0,4.0,0.0,3.0,2,24671.0
1487.0,22.0,0,1.0,22.0,3,1,3.0,1.0,0,3.0,1,2.0,1.0,3.0,0.0,2.0,1,17935.0
3010.0,48.0,0,3.0,34.0,2,0,4.0,2.0,1,3.0,3,6.0,1.0,4.0,1.0,3.0,2,25075.0
3953.0,34.0,0,3.0,7.0,2,0,3.0,2.0,1,5.0,1,4.0,0.0,3.0,0.0,2.0,2,24054.0
4722.0,30.0,1,1.0,35.0,2,0,4.0,4.0,0,3.0,1,6.0,0.0,5.0,1.0,1.0,1,21192.0
3286.0,29.0,1,1.0,19.0,2,0,4.0,4.0,0,3.0,0,3.0,1.0,4.0,1.0,1.0,1,21193.0
150.0,40.0,0,1.0,32.0,3,0,2.0,3.0,1,4.0,1,2.0,0.0,2.0,1.0,0.0,2,20605.0
1876.0,52.0,1,1.0,9.0,3,1,2.0,4.0,3,3.0,1,3.0,1.0,1.0,1.0,0.0,3,22969.0
422.0,19.0,1,2.0,8.0,1,1,2.0,4.0,0,3.0,2,2.0,0.0,3.0,1.0,1.0,1,17564.0
4636.0,39.0,0,1.0,17.0,3,1,4.0,4.0,0,3.0,1,2.0,0.0,5.0,0.0,1.0,1,21362.0
3542.0,41.0,0,1.0,15.0,2,1,4.0,4.0,1,3.0,1,5.0,1.0,3.0,1.0,2.0,2,22747.0
2026.0,53.0,1,1.0,12.0,2,1,2.0,3.0,1,3.0,2,3.0,0.0,5.0,1.0,1.0,2,17450.0
4266.0,49.0,1,3.0,36.0,3,0,4.0,4.0,3,3.0,1,5.0,0.0,4.0,0.0,2.0,3,31182.0
1452.0,50.0,0,3.0,6.0,2,1,3.0,3.0,1,3.0,1,1.0,0.0,3.0,1.0,1.0,2,21728.0
636.0,35.0,0,1.0,31.0,2,0,3.0,3.0,0,4.0,1,2.0,1.0,3.0,0.0,0.0,1,17022.0
1880.0,30.0,1,1.0,8.0,2,0,2.0,5.0,1,3.0,2,3.0,0.0,1.0,1.0,0.0,2,21091.0
3078.0,26.0,1,3.0,10.0,2,1,4.0,4.0,1,5.0,0,3.0,1.0,4.0,1.0,1.0,2,22872.0
4394.0,31.0,0,3.0,19.0,2,1,4.0,5.0,0,5.0,1,3.0,0.0,5.0,1.0,3.0,1,20711.0
664.0,36.0,1,1.0,20.0,2,1,3.0,3.0,1,3.0,0,1.0,1.0,5.0,1.0,2.0,2,21586.0
2307.0,40.0,0,1.0,15.0,3,0,2.0,3.0,3,3.0,3,1.0,0.0,4.0,1.0,1.0,3,28499.0
440.0,34.0,0,2.0,29.0,2,0,2.0,3.0,3,5.0,1,1.0,1.0,3.0,1.0,0.0,3,24950.0
3763.0,33.0,0,3.0,17.0,3,1,4.0,4.0,1,3.0,3,2.0,0.0,3.0,1.0,2.0,2,23326.0
4861.0,53.0,0,3.0,14.0,3,0,4.0,4.0,0,3.0,1,4.0,1.0,4.0,1.0,3.0,1,27124.0
462.0,34.0,1,3.0,27.0,2,1,3.0,2.0,1,3.0,2,2.0,0.0,3.0,1.0,0.0,2,20337.0
3684.0,40.0,0,1.0,7.0,2,1,4.0,4.0,1,3.0,1,3.0,1.0,5.0,1.0,3.0,2,25150.0
1593.0,51.0,1,1.0,12.0,2,1,2.0,3.0,2,3.0,2,1.0,0.0,5.0,1.0,1.0,4,34537.0
3599.0,40.0,1,1.0,10.0,3,1,4.0,5.0,1,3.0,1,2.0,0.0,4.0,0.0,3.0,2,21747.0
3421.0,35.0,0,1.0,33.0,1,0,4.0,5.0,0,3.0,1,3.0,0.0,1.0,1.0,1.0,1,20707.0
3283.0,43.0,1,3.0,11.0,3,1,3.0,4.0,1,5.0,3,2.0,0.0,5.0,1.0,2.0,2,23833.0
1055.0,34.0,0,1.0,21.0,3,1,3.0,3.0,4,5.0,1,1.0,0.0,4.0,1.0,2.0,0,32007.0
3650.0,27.0,0,1.0,14.0,3,1,4.0,4.0,0,3.0,2,3.0,0.0,4.0,1.0,3.0,1,21248.0
2855.0,61.0,1,1.0,14.0,2,0,3.0,4.0,2,5.0,0,7.0,0.0,5.0,0.0,1.0,4,38244.0
3814.0,48.0,0,1.0,21.0,1,1,4.0,4.0,1,4.0,1,2.0,0.0,3.0,0.0,3.0,2,24145.0
3407.0,39.0,1,3.0,9.0,2,0,3.0,4.0,1,5.0,1,5.0,0.0,4.0,0.0,2.0,2,25571.0
2098.0,37.0,1,3.0,22.0,3,1,3.0,4.0,1,3.0,1,5.0,0.0,5.0,1.0,0.0,2,21334.0
1338.0,30.0,1,3.0,15.0,3,1,2.0,3.0,0,3.0,2,2.0,0.0,5.0,0.0,0.0,1,16081.0
287.0,38.0,1,1.0,29.0,2,1,2.0,3.0,1,3.0,1,1.0,0.0,3.0,0.0,0.0,2,20745.0
4714.0,29.0,0,1.0,7.0,3,1,3.0,5.0,0,4.0,1,3.0,0.0,4.0,1.0,1.0,1,21274.0
1160.0,45.0,1,1.0,8.0,2,0,2.0,4.0,1,3.0,1,2.0,0.0,4.0,1.0,1.0,2,20770.0
3855.0,26.0,1,2.0,9.0,2,0,3.0,4.0,0,4.0,1,6.0,0.0,4.0,0.0,1.0,1,20865.0
4233.0,33.0,1,3.0,15.0,1,0,4.0,5.0,1,4.0,1,3.0,1.0,1.0,1.0,3.0,2,23906.0
3367.0,35.0,0,2.0,18.0,2,1,3.0,5.0,1,4.0,0,6.0,0.0,5.0,0.0,2.0,2,23168.0
2529.0,57.0,1,1.0,14.0,2,1,3.0,6.0,3,3.0,3,6.0,0.0,2.0,0.0,1.0,3,25938.0
342.0,31.0,1,1.0,13.0,3,0,2.0,3.0,3,3.0,3,2.0,1.0,4.0,1.0,1.0,3,22143.0
1117.0,34.0,1,1.0,6.0,2,1,2.0,3.0,1,3.0,1,1.0,0.0,4.0,1.0,0.0,2,20484.0
1739.0,36.0,1,1.0,12.0,2,1,2.0,3.0,0,3.0,1,1.0,0.0,5.0,1.0,1.0,1,18210.0
2949.0,27.0,1,1.0,13.0,2,0,4.0,4.0,0,3.0,0,3.0,1.0,2.0,0.0,1.0,1,21337.0
4041.0,20.0,1,3.0,29.0,3,1,3.0,4.0,0,3.0,2,3.0,1.0,1.0,1.0,1.0,1,20353.0
1767.0,35.0,1,3.0,22.0,3,1,3.0,3.0,3,4.0,1,1.0,0.0,1.0,1.0,1.0,3,23020.0
4609.0,38.0,1,3.0,7.0,2,1,3.0,5.0,3,3.0,1,7.0,0.0,1.0,1.0,2.0,3,29287.0
1083.0,40.0,1,1.0,15.0,2,1,2.0,3.0,0,5.0,2,4.0,0.0,1.0,1.0,1.0,1,17018.0
42.0,26.0,1,1.0,31.0,2,1,2.0,5.0,0,3.0,2,2.0,0.0,2.0,1.0,1.0,1,17293.0
199.0,38.0,1,1.0,35.0,1,1,2.0,3.0,1,3.0,0,4.0,0.0,2.0,0.0,1.0,2,21261.0
812.0,43.0,0,1.0,33.0,2,0,2.0,3.0,3,5.0,0,1.0,0.0,4.0,0.0,0.0,3,25820.0
895.0,31.0,1,1.0,17.0,3,1,3.0,3.0,1,5.0,0,2.0,1.0,2.0,0.0,2.0,2,21833.0
1484.0,28.0,1,1.0,30.0,2,1,2.0,4.0,0,3.0,2,6.0,1.0,1.0,0.0,0.0,1,17028.0
1199.0,36.0,1,1.0,32.0,2,1,3.0,3.0,1,3.0,1,7.0,0.0,3.0,1.0,0.0,2,20347.0
3178.0,23.0,1,1.0,15.0,2,1,4.0,6.0,0,5.0,0,3.0,0.0,2.0,1.0,1.0,1,21129.0
2602.0,41.0,1,3.0,11.0,3,1,4.0,5.0,3,3.0,0,2.0,0.0,2.0,1.0,1.0,3,29533.0
4797.0,34.0,1,1.0,16.0,3,1,3.0,4.0,0,3.0,1,2.0,0.0,1.0,0.0,2.0,1,21459.0
3384.0,40.0,1,1.0,30.0,3,1,4.0,4.0,0,5.0,3,2.0,0.0,3.0,0.0,3.0,1,22582.0
512.0,27.0,1,1.0,9.0,3,1,2.0,4.0,0,3.0,2,1.0,0.0,2.0,0.0,0.0,1,17045.0
4492.0,39.0,0,1.0,9.0,2,0,4.0,2.0,1,5.0,3,8.0,1.0,1.0,0.0,1.0,2,24658.0
40.0,35.0,1,1.0,10.0,2,1,3.0,3.0,0,3.0,1,2.0,0.0,4.0,0.0,0.0,1,16951.0
3663.0,30.0,1,1.0,16.0,3,0,3.0,4.0,0,3.0,1,2.0,0.0,5.0,1.0,2.0,1,21652.0
1377.0,49.0,0,1.0,8.0,2,1,2.0,3.0,2,3.0,1,4.0,0.0,3.0,1.0,0.0,4,34161.0
12.0,31.0,1,1.0,32.0,2,1,2.0,3.0,0,3.0,1,2.0,0.0,3.0,0.0,1.0,1,17911.0
2590.0,31.0,1,1.0,9.0,3,1,3.0,5.0,0,3.0,3,2.0,0.0,4.0,0.0,1.0,1,21398.0
1782.0,31.0,1,1.0,8.0,2,1,2.0,3.0,0,3.0,1,1.0,1.0,4.0,1.0,1.0,1,17695.0
2965.0,28.0,0,3.0,10.0,3,0,4.0,3.0,1,3.0,1,3.0,1.0,2.0,1.0,3.0,2,23325.0
2047.0,37.0,1,1.0,16.0,2,0,2.0,3.0,0,5.0,1,1.0,1.0,3.0,1.0,0.0,1,17782.0
3605.0,39.0,1,1.0,9.0,3,0,3.0,5.0,3,3.0,1,5.0,1.0,5.0,1.0,2.0,3,26434.0
2666.0,38.0,0,1.0,18.0,2,1,3.0,4.0,3,3.0,1,3.0,1.0,3.0,0.0,2.0,3,30863.0
3627.0,37.0,1,1.0,10.0,2,1,4.0,2.0,1,5.0,1,8.0,0.0,1.0,1.0,3.0,2,25520.0
2816.0,36.0,1,1.0,16.0,2,1,4.0,5.0,1,4.0,3,2.0,0.0,2.0,1.0,3.0,2,25218.0
3838.0,33.0,1,1.0,12.0,2,1,3.0,5.0,1,3.0,3,2.0,0.0,1.0,0.0,2.0,2,28357.0
484.0,31.0,1,3.0,12.0,3,1,3.0,2.0,1,3.0,1,5.0,0.0,5.0,1.0,2.0,2,20460.0
4639.0,36.0,1,1.0,21.0,2,1,3.0,5.0,0,4.0,1,3.0,1.0,5.0,1.0,2.0,1,22421.0
996.0,27.0,1,3.0,16.0,3,0,3.0,4.0,1,3.0,0,2.0,1.0,3.0,1.0,2.0,2,20769.0
538.0,41.0,1,2.0,6.0,2,1,2.0,4.0,2,3.0,0,2.0,0.0,2.0,1.0,1.0,4,34189.0
3897.0,37.0,1,3.0,18.0,3,0,4.0,5.0,1,3.0,1,6.0,0.0,1.0,1.0,2.0,2,25330.0
2414.0,28.0,1,1.0,13.0,2,1,3.0,3.0,0,5.0,3,4.0,1.0,3.0,0.0,2.0,1,21674.0
207.0,36.0,0,1.0,24.0,3,0,3.0,3.0,0,3.0,2,2.0,0.0,3.0,1.0,2.0,1,17153.0
4283.0,32.0,1,1.0,16.0,2,1,3.0,5.0,0,4.0,3,2.0,1.0,3.0,1.0,1.0,1,21335.0
3745.0,59.0,0,3.0,9.0,3,1,3.0,4.0,4,4.0,1,6.0,0.0,4.0,1.0,1.0,0,21383.0
3427.0,35.0,1,1.0,9.0,1,0,4.0,4.0,1,3.0,3,3.0,0.0,5.0,1.0,2.0,2,25365.0
2683.0,33.0,1,1.0,7.0,2,1,4.0,5.0,0,3.0,3,2.0,1.0,5.0,1.0,1.0,1,22408.0
3963.0,36.0,1,1.0,15.0,2,1,3.0,2.0,0,3.0,1,3.0,0.0,5.0,1.0,2.0,1,20947.0
4350.0,34.0,1,1.0,17.0,3,1,3.0,6.0,0,3.0,1,2.0,0.0,5.0,0.0,1.0,1,22086.0
4637.0,47.0,1,1.0,14.0,3,1,4.0,4.0,3,3.0,1,8.0,0.0,1.0,1.0,2.0,3,29523.0
2544.0,38.0,1,2.0,13.0,2,1,4.0,4.0,0,5.0,1,6.0,1.0,2.0,1.0,1.0,1,20751.0
2584.0,33.0,1,1.0,16.0,3,0,3.0,4.0,0,5.0,3,2.0,0.0,4.0,1.0,2.0,1,22878.0
2461.0,23.0,0,1.0,23.0,3,1,4.0,3.0,0,3.0,1,3.0,1.0,3.0,0.0,1.0,1,21613.0
4264.0,43.0,1,2.0,9.0,1,1,3.0,4.0,0,3.0,1,2.0,1.0,4.0,1.0,2.0,1,21374.0
257.0,40.0,1,1.0,8.0,3,1,2.0,3.0,2,3.0,1,1.0,0.0,5.0,0.0,0.0,4,34436.0
1403.0,39.0,1,3.0,21.0,3,1,3.0,3.0,4,5.0,3,1.0,0.0,1.0,1.0,2.0,0,28341.0
476.0,24.0,1,1.0,23.0,2,1,3.0,4.0,0,4.0,0,2.0,0.0,3.0,1.0,1.0,1,17127.0
986.0,39.0,1,3.0,27.0,2,1,2.0,4.0,1,3.0,0,4.0,1.0,1.0,0.0,1.0,2,21120.0
4602.0,20.0,1,3.0,28.0,2,1,3.0,5.0,0,4.0,2,3.0,1.0,1.0,1.0,2.0,1,20799.0
4723.0,29.0,1,1.0,10.0,3,0,4.0,4.0,3,4.0,1,2.0,0.0,4.0,0.0,1.0,3,26333.0
2048.0,38.0,0,1.0,8.0,2,0,3.0,1.0,1,5.0,2,7.0,1.0,1.0,0.0,0.0,2,20980.0
2382.0,26.0,1,1.0,13.0,3,0,2.0,4.0,3,5.0,1,1.0,1.0,4.0,1.0,1.0,3,17875.0
1615.0,30.0,1,1.0,11.0,1,0,2.0,3.0,0,5.0,1,6.0,0.0,5.0,0.0,1.0,1,18204.0
2295.0,29.0,1,1.0,14.0,3,1,3.0,4.0,1,3.0,1,2.0,1.0,3.0,1.0,1.0,2,20056.0
2375.0,29.0,1,1.0,13.0,1,0,2.0,3.0,0,3.0,1,4.0,1.0,4.0,1.0,0.0,1,31124.0
3852.0,24.0,1,1.0,19.0,2,1,4.0,4.0,0,3.0,3,3.0,0.0,5.0,1.0,1.0,1,21325.0
4776.0,45.0,0,1.0,24.0,2,1,4.0,6.0,0,3.0,2,4.0,0.0,4.0,1.0,2.0,1,20968.0
2606.0,29.0,1,1.0,28.0,3,1,3.0,4.0,0,3.0,0,3.0,0.0,2.0,0.0,1.0,1,21391.0
2918.0,25.0,1,1.0,30.0,3,1,3.0,3.0,0,3.0,0,3.0,1.0,4.0,0.0,2.0,1,21403.0
3424.0,32.0,0,3.0,9.0,2,0,3.0,5.0,0,3.0,3,2.0,0.0,5.0,0.0,2.0,1,21463.0
976.0,56.0,1,1.0,29.0,2,1,3.0,3.0,4,4.0,0,5.0,1.0,4.0,1.0,2.0,0,28402.0
530.0,27.0,1,1.0,6.0,2,0,3.0,3.0,3,5.0,0,2.0,0.0,4.0,1.0,2.0,3,22412.0
3864.0,42.0,1,1.0,7.0,2,1,4.0,4.0,0,3.0,1,5.0,0.0,1.0,0.0,1.0,1,21460.0
2637.0,44.0,0,1.0,14.0,3,1,3.0,3.0,0,3.0,1,6.0,0.0,4.0,0.0,2.0,1,20767.0
642.0,38.0,1,3.0,15.0,3,1,3.0,4.0,0,4.0,0,1.0,0.0,4.0,0.0,0.0,1,17899.0
4497.0,35.0,1,3.0,15.0,2,0,4.0,4.0,1,5.0,1,7.0,0.0,1.0,1.0,3.0,2,25178.0
1473.0,33.0,0,1.0,9.0,2,0,2.0,3.0,0,3.0,1,2.0,1.0,1.0,1.0,1.0,1,17909.0
3625.0,50.0,1,1.0,13.0,2,0,3.0,5.0,4,3.0,1,4.0,1.0,5.0,1.0,1.0,0,32644.0
3144.0,59.0,1,1.0,9.0,1,1,3.0,4.0,0,3.0,2,6.0,0.0,2.0,1.0,2.0,1,21157.0
201.0,49.0,0,1.0,24.0,2,1,3.0,3.0,1,3.0,1,2.0,1.0,2.0,0.0,1.0,2,21804.0
4249.0,41.0,1,3.0,7.0,3,1,3.0,6.0,1,3.0,1,4.0,1.0,3.0,1.0,1.0,2,26135.0
4768.0,46.0,1,1.0,14.0,3,0,3.0,4.0,0,3.0,1,6.0,1.0,3.0,0.0,2.0,1,23155.0
3356.0,27.0,1,1.0,11.0,2,1,3.0,4.0,0,3.0,3,3.0,1.0,1.0,0.0,1.0,1,21553.0
2531.0,52.0,1,1.0,16.0,2,1,4.0,4.0,0,3.0,0,5.0,0.0,3.0,1.0,1.0,1,20753.0
2504.0,33.0,1,1.0,7.0,3,1,3.0,4.0,1,3.0,0,3.0,1.0,4.0,1.0,1.0,2,24840.0
4744.0,42.0,1,1.0,19.0,2,1,3.0,4.0,0,3.0,1,5.0,1.0,3.0,1.0,1.0,1,23444.0
3547.0,49.0,1,3.0,23.0,2,0,4.0,4.0,1,3.0,1,2.0,0.0,4.0,1.0,1.0,2,25117.0
785.0,40.0,1,1.0,26.0,1,1,3.0,3.0,3,3.0,0,5.0,0.0,3.0,1.0,1.0,3,25322.0
4742.0,19.0,0,1.0,15.0,3,1,4.0,4.0,0,3.0,2,3.0,0.0,5.0,1.0,1.0,1,20582.0
348.0,42.0,1,1.0,29.0,2,0,2.0,3.0,4,3.0,2,3.0,0.0,3.0,0.0,0.0,0,30992.0
295.0,42.0,0,3.0,32.0,3,0,3.0,3.0,4,4.0,0,6.0,0.0,3.0,1.0,2.0,0,28525.0
451.0,42.0,1,1.0,30.0,3,1,2.0,3.0,3,5.0,0,2.0,1.0,2.0,1.0,1.0,3,22406.0
4852.0,59.0,1,1.0,9.0,1,0,4.0,5.0,3,3.0,1,2.0,0.0,5.0,0.0,1.0,3,21050.0
1686.0,30.0,0,3.0,32.0,3,0,2.0,4.0,1,5.0,3,6.0,0.0,1.0,1.0,1.0,2,21696.0
3525.0,36.0,1,1.0,23.0,2,0,4.0,5.0,3,4.0,3,3.0,0.0,1.0,1.0,3.0,3,27284.0
1008.0,54.0,1,1.0,6.0,3,0,2.0,3.0,4,3.0,2,7.0,0.0,4.0,1.0,1.0,0,32328.0
1989.0,29.0,0,1.0,6.0,2,1,3.0,5.0,0,3.0,1,2.0,0.0,1.0,0.0,2.0,1,17720.0
1577.0,25.0,1,3.0,11.0,3,1,2.0,4.0,1,3.0,2,2.0,1.0,3.0,0.0,1.0,2,20744.0
4677.0,35.0,1,3.0,17.0,2,0,3.0,4.0,0,3.0,1,3.0,1.0,1.0,0.0,2.0,1,20898.0
4721.0,39.0,1,3.0,17.0,3,1,4.0,5.0,3,3.0,1,2.0,1.0,3.0,1.0,2.0,3,27418.0
4116.0,35.0,0,1.0,17.0,3,1,3.0,4.0,0,3.0,1,3.0,1.0,3.0,1.0,2.0,1,22493.0
3330.0,31.0,1,1.0,7.0,3,1,4.0,4.0,0,4.0,0,2.0,1.0,4.0,1.0,3.0,1,22257.0
2117.0,35.0,1,1.0,31.0,1,1,3.0,4.0,3,4.0,1,4.0,0.0,3.0,1.0,1.0,3,25903.0
2694.0,38.0,0,1.0,17.0,3,1,4.0,4.0,3,3.0,1,8.0,0.0,3.0,1.0,3.0,3,28726.0
1832.0,21.0,0,3.0,15.0,3,1,2.0,3.0,0,3.0,2,2.0,0.0,4.0,1.0,0.0,1,17610.0
3585.0,31.0,1,1.0,14.0,3,1,3.0,5.0,0,4.0,1,3.0,0.0,5.0,0.0,1.0,1,20819.0
3518.0,34.0,1,1.0,15.0,2,1,4.0,4.0,1,3.0,3,4.0,1.0,3.0,0.0,3.0,2,25066.0
4311.0,26.0,1,3.0,11.0,2,0,4.0,5.0,1,3.0,3,3.0,1.0,1.0,0.0,3.0,2,23165.0
1477.0,30.0,1,1.0,30.0,2,1,3.0,3.0,0,3.0,1,2.0,0.0,3.0,1.0,2.0,1,17693.0
3551.0,39.0,0,2.0,17.0,2,1,4.0,4.0,1,3.0,1,5.0,0.0,3.0,0.0,3.0,2,24755.0
3265.0,50.0,1,3.0,15.0,1,1,3.0,5.0,4,4.0,0,8.0,0.0,4.0,1.0,1.0,0,31798.0
1449.0,32.0,1,1.0,8.0,1,1,3.0,3.0,0,5.0,2,2.0,0.0,1.0,1.0,1.0,1,17439.0
35.0,43.0,1,1.0,8.0,3,0,3.0,2.0,0,3.0,1,2.0,0.0,2.0,0.0,1.0,1,17645.0
4109.0,38.0,1,1.0,28.0,2,1,4.0,2.0,0,5.0,1,3.0,1.0,3.0,1.0,1.0,1,22242.0
2545.0,33.0,1,1.0,7.0,2,1,4.0,4.0,0,5.0,3,3.0,0.0,2.0,0.0,3.0,1,21634.0
315.0,43.0,0,1.0,16.0,2,0,2.0,3.0,0,3.0,2,1.0,0.0,5.0,0.0,1.0,1,17455.0
2332.0,44.0,0,1.0,23.0,2,1,3.0,5.0,0,3.0,2,3.0,0.0,4.0,1.0,1.0,1,17290.0
3141.0,30.0,0,3.0,27.0,1,0,3.0,4.0,0,3.0,0,3.0,0.0,3.0,0.0,2.0,1,20835.0
3566.0,30.0,1,1.0,10.0,3,1,3.0,4.0,0,5.0,3,3.0,1.0,3.0,0.0,2.0,1,23401.0
2739.0,43.0,0,3.0,33.0,3,0,4.0,4.0,4,4.0,0,7.0,0.0,3.0,1.0,3.0,0,32203.0
4501.0,53.0,1,1.0,18.0,2,0,3.0,4.0,1,3.0,1,2.0,0.0,1.0,1.0,1.0,2,21827.0
3819.0,33.0,0,1.0,12.0,2,0,3.0,2.0,0,3.0,2,5.0,1.0,1.0,0.0,2.0,1,21110.0
3287.0,27.0,1,1.0,10.0,3,1,3.0,2.0,0,3.0,0,3.0,0.0,5.0,1.0,2.0,1,23098.0
3377.0,29.0,1,1.0,7.0,1,1,3.0,4.0,0,5.0,2,4.0,0.0,4.0,0.0,1.0,1,20758.0
271.0,47.0,0,1.0,35.0,2,1,2.0,3.0,3,4.0,0,2.0,1.0,3.0,1.0,0.0,3,26849.0
1997.0,32.0,1,3.0,16.0,3,1,2.0,3.0,1,3.0,2,2.0,0.0,4.0,1.0,1.0,2,20396.0
2920.0,25.0,1,1.0,24.0,2,1,4.0,5.0,0,4.0,0,3.0,0.0,3.0,1.0,2.0,1,20805.0
732.0,30.0,0,1.0,11.0,3,0,2.0,3.0,0,4.0,2,1.0,0.0,3.0,0.0,0.0,1,17422.0
814.0,40.0,1,1.0,20.0,3,1,2.0,4.0,2,3.0,2,2.0,0.0,3.0,1.0,1.0,4,34626.0
3768.0,30.0,1,1.0,36.0,2,1,4.0,6.0,1,3.0,1,2.0,0.0,5.0,1.0,3.0,2,25062.0
4879.0,26.0,1,2.0,27.0,3,0,4.0,4.0,0,4.0,1,2.0,1.0,3.0,0.0,2.0,1,22347.0
1639.0,32.0,1,1.0,12.0,2,1,2.0,3.0,0,3.0,2,4.0,0.0,1.0,0.0,1.0,1,18038.0
283.0,55.0,1,1.0,26.0,1,1,2.0,3.0,1,3.0,0,4.0,1.0,2.0,1.0,1.0,2,20415.0
3031.0,53.0,1,1.0,18.0,2,0,3.0,4.0,1,3.0,0,2.0,0.0,2.0,1.0,2.0,2,21827.0
4244.0,44.0,0,1.0,17.0,2,0,3.0,5.0,1,3.0,1,3.0,0.0,3.0,1.0,1.0,2,23935.0
3604.0,46.0,1,1.0,9.0,2,0,3.0,5.0,1,3.0,1,3.0,0.0,4.0,1.0,2.0,2,24448.0
2215.0,55.0,0,1.0,24.0,3,1,3.0,3.0,1,4.0,1,4.0,1.0,5.0,1.0,1.0,2,21385.0
2970.0,40.0,1,1.0,9.0,1,0,4.0,5.0,1,3.0,3,3.0,0.0,2.0,1.0,1.0,2,23231.0
953.0,44.0,1,1.0,9.0,2,1,2.0,3.0,0,5.0,0,5.0,0.0,5.0,1.0,1.0,1,17362.0
4539.0,46.0,1,3.0,16.0,3,1,4.0,4.0,3,5.0,1,6.0,1.0,1.0,0.0,1.0,3,29439.0
4518.0,43.0,1,1.0,36.0,2,1,4.0,4.0,1,4.0,1,3.0,0.0,3.0,1.0,1.0,2,23112.0
711.0,29.0,1,1.0,16.0,2,0,3.0,4.0,0,5.0,2,7.0,1.0,5.0,1.0,1.0,1,17404.0
4750.0,30.0,1,3.0,30.0,2,0,3.0,5.0,3,5.0,1,3.0,0.0,3.0,1.0,2.0,3,26014.0
2451.0,31.0,1,1.0,31.0,2,1,4.0,4.0,0,3.0,1,3.0,0.0,2.0,0.0,2.0,1,21371.0
229.0,29.0,1,1.0,24.0,3,1,2.0,4.0,0,3.0,2,2.0,1.0,3.0,0.0,1.0,1,17389.0
2978.0,54.0,1,1.0,14.0,2,1,3.0,3.0,4,3.0,0,5.0,0.0,2.0,0.0,1.0,0,33492.0
1706.0,33.0,1,1.0,8.0,2,0,2.0,3.0,0,5.0,1,1.0,0.0,3.0,1.0,1.0,1,17707.0
1641.0,19.0,0,3.0,6.0,1,0,3.0,5.0,0,5.0,2,1.0,0.0,3.0,1.0,0.0,1,17325.0
3167.0,47.0,1,1.0,14.0,3,1,4.0,4.0,3,3.0,1,8.0,0.0,2.0,0.0,3.0,3,29523.0
1482.0,31.0,1,1.0,32.0,2,1,2.0,3.0,0,3.0,1,2.0,0.0,3.0,1.0,1.0,1,17911.0
1190.0,32.0,1,1.0,8.0,3,1,2.0,3.0,1,4.0,1,1.0,0.0,4.0,0.0,1.0,2,20470.0
1214.0,44.0,1,1.0,8.0,2,0,3.0,1.0,3,3.0,1,2.0,1.0,4.0,1.0,0.0,3,22879.0
1808.0,30.0,1,3.0,11.0,3,0,1.0,4.0,1,3.0,1,2.0,0.0,1.0,1.0,0.0,2,21118.0
92.0,30.0,1,3.0,10.0,3,0,3.0,4.0,1,4.0,1,2.0,1.0,3.0,1.0,1.0,2,20209.0
3281.0,41.0,0,1.0,16.0,3,0,3.0,4.0,3,3.0,2,2.0,0.0,4.0,0.0,1.0,3,32177.0
3743.0,41.0,1,1.0,7.0,2,0,3.0,4.0,1,3.0,1,6.0,0.0,3.0,0.0,2.0,2,25191.0
3871.0,41.0,1,1.0,7.0,2,1,3.0,4.0,0,3.0,1,2.0,0.0,1.0,0.0,1.0,1,21084.0
4381.0,38.0,0,3.0,16.0,3,1,4.0,4.0,3,4.0,1,3.0,0.0,1.0,1.0,3.0,3,27512.0
374.0,28.0,1,3.0,15.0,2,1,3.0,3.0,1,3.0,2,2.0,0.0,3.0,1.0,0.0,2,20253.0
4831.0,35.0,1,1.0,24.0,2,0,3.0,4.0,0,3.0,3,3.0,1.0,5.0,1.0,1.0,1,23216.0
472.0,37.0,1,1.0,6.0,2,0,3.0,3.0,1,4.0,0,7.0,0.0,2.0,1.0,1.0,2,21447.0
3426.0,39.0,0,1.0,14.0,2,1,3.0,2.0,0,3.0,1,3.0,0.0,3.0,0.0,1.0,1,21288.0
1801.0,27.0,0,3.0,6.0,3,1,3.0,3.0,1,4.0,1,1.0,1.0,1.0,0.0,1.0,2,21349.0
109.0,22.0,1,1.0,21.0,3,0,2.0,3.0,0,3.0,2,2.0,0.0,2.0,1.0,1.0,1,17871.0
1494.0,34.0,1,1.0,12.0,3,1,2.0,3.0,0,5.0,2,3.0,0.0,4.0,0.0,0.0,1,17960.0
2614.0,28.0,1,1.0,24.0,1,1,3.0,4.0,0,4.0,0,2.0,1.0,4.0,1.0,1.0,1,21736.0
3548.0,30.0,1,1.0,16.0,2,1,4.0,2.0,0,3.0,1,8.0,0.0,5.0,1.0,1.0,1,21129.0
2788.0,36.0,1,1.0,12.0,1,1,4.0,4.0,3,4.0,3,2.0,0.0,3.0,0.0,1.0,3,26773.0
3955.0,28.0,1,1.0,9.0,2,0,3.0,4.0,0,5.0,1,3.0,0.0,3.0,1.0,2.0,1,21019.0
1714.0,45.0,1,1.0,6.0,2,1,3.0,1.0,2,3.0,1,1.0,0.0,4.0,1.0,1.0,4,34202.0
411.0,60.0,1,1.0,13.0,2,0,2.0,3.0,2,5.0,0,6.0,0.0,5.0,0.0,0.0,4,34566.0
3388.0,29.0,0,1.0,7.0,2,0,3.0,6.0,1,3.0,0,2.0,0.0,3.0,1.0,1.0,2,25352.0
2143.0,33.0,1,1.0,6.0,2,1,3.0,4.0,0,5.0,2,4.0,1.0,4.0,1.0,1.0,1,17799.0
4059.0,31.0,1,1.0,12.0,1,0,3.0,4.0,0,5.0,1,7.0,0.0,5.0,0.0,2.0,1,21882.0
356.0,42.0,1,1.0,8.0,2,1,3.0,4.0,1,3.0,3,4.0,0.0,2.0,0.0,1.0,2,21781.0
3969.0,34.0,0,1.0,7.0,2,0,4.0,4.0,3,3.0,2,3.0,1.0,1.0,1.0,1.0,3,32136.0
3676.0,36.0,1,1.0,34.0,2,1,3.0,4.0,1,3.0,1,4.0,0.0,5.0,0.0,2.0,2,25561.0
2184.0,50.0,1,1.0,6.0,3,1,3.0,3.0,4,3.0,1,1.0,0.0,5.0,0.0,2.0,0,32399.0
2327.0,44.0,1,1.0,16.0,2,1,3.0,3.0,0,3.0,2,2.0,1.0,3.0,1.0,0.0,1,17936.0
2737.0,27.0,1,3.0,11.0,3,1,3.0,5.0,1,3.0,3,3.0,1.0,2.0,1.0,2.0,2,24506.0
888.0,35.0,0,3.0,14.0,3,0,3.0,4.0,3,3.0,0,5.0,1.0,5.0,1.0,2.0,3,25377.0
2352.0,36.0,1,1.0,7.0,1,0,3.0,5.0,3,5.0,1,3.0,1.0,1.0,1.0,0.0,3,25252.0
3080.0,36.0,0,1.0,32.0,2,0,4.0,4.0,0,4.0,1,3.0,1.0,3.0,0.0,1.0,1,20700.0
2821.0,37.0,1,1.0,9.0,2,0,4.0,4.0,0,3.0,0,6.0,0.0,5.0,1.0,1.0,1,21221.0
2564.0,31.0,0,1.0,30.0,2,1,4.0,6.0,0,3.0,1,3.0,0.0,3.0,1.0,3.0,1,21291.0
707.0,47.0,0,1.0,22.0,3,1,3.0,1.0,1,3.0,1,2.0,1.0,2.0,0.0,0.0,2,20067.0
4464.0,24.0,1,1.0,16.0,3,1,3.0,4.0,0,5.0,1,3.0,0.0,3.0,1.0,1.0,1,21178.0
4217.0,32.0,1,3.0,14.0,1,1,4.0,2.0,1,3.0,1,6.0,0.0,1.0,1.0,2.0,2,25607.0
3315.0,25.0,1,1.0,24.0,2,0,4.0,4.0,0,4.0,0,3.0,0.0,2.0,0.0,2.0,1,20888.0
310.0,31.0,1,2.0,8.0,2,1,3.0,4.0,1,5.0,0,4.0,0.0,3.0,0.0,1.0,2,21410.0
2589.0,31.0,1,1.0,12.0,1,0,3.0,4.0,0,5.0,1,7.0,0.0,5.0,1.0,2.0,1,21882.0
3615.0,41.0,1,1.0,14.0,2,1,4.0,4.0,0,5.0,2,5.0,1.0,3.0,0.0,2.0,1,20844.0
4414.0,33.0,1,1.0,16.0,2,0,4.0,4.0,1,3.0,1,3.0,1.0,5.0,1.0,3.0,2,25000.0
3829.0,35.0,1,3.0,20.0,3,1,3.0,4.0,3,3.0,1,3.0,0.0,1.0,1.0,2.0,3,27306.0
359.0,36.0,0,3.0,9.0,3,1,2.0,4.0,3,3.0,0,5.0,0.0,2.0,0.0,1.0,3,24699.0
2810.0,42.0,0,3.0,11.0,3,1,3.0,4.0,1,4.0,3,3.0,0.0,3.0,1.0,1.0,2,28033.0
1513.0,27.0,0,3.0,14.0,2,1,2.0,3.0,3,3.0,3,2.0,0.0,1.0,1.0,0.0,3,23726.0
1303.0,47.0,1,1.0,10.0,2,0,3.0,4.0,3,4.0,1,1.0,1.0,4.0,1.0,2.0,3,25333.0
1399.0,43.0,1,1.0,17.0,2,1,1.0,3.0,3,3.0,1,2.0,0.0,1.0,1.0,0.0,3,22510.0
2891.0,36.0,1,3.0,7.0,3,1,3.0,4.0,1,3.0,0,2.0,0.0,3.0,1.0,1.0,2,23395.0
1746.0,35.0,1,1.0,28.0,2,0,3.0,1.0,3,4.0,1,1.0,0.0,5.0,1.0,2.0,3,26996.0
2479.0,44.0,1,1.0,9.0,3,0,4.0,3.0,0,3.0,1,3.0,0.0,2.0,0.0,2.0,1,21323.0
3695.0,31.0,1,3.0,22.0,3,1,4.0,5.0,3,5.0,1,4.0,0.0,1.0,0.0,3.0,3,25818.0
77.0,45.0,1,1.0,12.0,2,1,2.0,3.0,3,5.0,0,5.0,1.0,3.0,0.0,0.0,3,28245.0
3393.0,40.0,1,1.0,25.0,2,1,3.0,4.0,1,3.0,3,2.0,0.0,3.0,0.0,1.0,2,23212.0
1904.0,31.0,1,1.0,15.0,2,1,2.0,3.0,3,4.0,1,2.0,0.0,3.0,0.0,0.0,3,25648.0
1886.0,38.0,0,1.0,8.0,2,1,2.0,3.0,0,3.0,1,2.0,1.0,5.0,1.0,0.0,1,16702.0
3734.0,35.0,0,1.0,16.0,2,1,4.0,4.0,1,5.0,1,6.0,0.0,3.0,0.0,2.0,2,24024.0
3880.0,22.0,1,3.0,12.0,3,1,3.0,4.0,0,5.0,2,3.0,1.0,1.0,1.0,1.0,1,21058.0
4558.0,32.0,1,1.0,18.0,2,1,3.0,4.0,0,3.0,1,5.0,1.0,3.0,0.0,1.0,1,21034.0
2225.0,45.0,1,3.0,17.0,2,0,2.0,3.0,4,3.0,1,4.0,0.0,4.0,0.0,1.0,0,32650.0
3595.0,29.0,1,1.0,34.0,3,0,3.0,6.0,1,5.0,1,2.0,0.0,4.0,1.0,1.0,2,23886.0
4367.0,27.0,0,2.0,24.0,2,0,3.0,4.0,0,3.0,1,2.0,1.0,5.0,0.0,2.0,1,21419.0
4664.0,45.0,1,3.0,35.0,3,0,3.0,2.0,4,3.0,1,5.0,1.0,1.0,1.0,1.0,0,31998.0
3176.0,31.0,0,1.0,12.0,3,0,3.0,4.0,0,4.0,2,2.0,0.0,3.0,0.0,1.0,1,21100.0
2261.0,35.0,1,3.0,10.0,1,1,2.0,3.0,3,5.0,3,1.0,1.0,4.0,1.0,1.0,3,24582.0
3907.0,32.0,0,1.0,12.0,3,1,4.0,4.0,1,5.0,2,2.0,0.0,1.0,0.0,3.0,2,28614.0
1854.0,36.0,1,3.0,8.0,3,1,3.0,4.0,3,3.0,1,2.0,0.0,1.0,1.0,1.0,3,22596.0
419.0,30.0,0,1.0,9.0,2,1,2.0,3.0,0,3.0,0,5.0,0.0,3.0,0.0,1.0,1,17097.0
2053.0,34.0,1,3.0,14.0,2,0,3.0,3.0,1,5.0,1,6.0,0.0,1.0,1.0,2.0,2,21500.0
3169.0,36.0,1,1.0,21.0,2,1,3.0,5.0,0,4.0,1,3.0,1.0,5.0,1.0,2.0,1,22421.0
2050.0,35.0,1,3.0,14.0,2,0,3.0,3.0,0,3.0,1,2.0,0.0,3.0,1.0,2.0,1,17572.0
3162.0,46.0,0,1.0,30.0,2,1,3.0,4.0,1,5.0,0,3.0,1.0,2.0,1.0,1.0,2,22311.0
519.0,29.0,0,1.0,6.0,2,1,3.0,5.0,0,3.0,1,2.0,0.0,2.0,1.0,0.0,1,17720.0
1044.0,49.0,1,1.0,11.0,1,1,3.0,3.0,1,3.0,0,3.0,0.0,3.0,0.0,0.0,2,21651.0
4787.0,37.0,1,1.0,13.0,2,1,3.0,6.0,0,3.0,1,3.0,0.0,1.0,1.0,1.0,1,21419.0
123.0,51.0,1,1.0,12.0,2,1,2.0,3.0,2,3.0,2,1.0,0.0,5.0,1.0,0.0,4,34537.0
880.0,32.0,0,1.0,19.0,2,0,3.0,4.0,0,4.0,0,2.0,0.0,5.0,0.0,0.0,1,17743.0
3025.0,31.0,1,1.0,7.0,2,1,3.0,6.0,0,3.0,0,5.0,0.0,4.0,1.0,1.0,1,22511.0
3184.0,36.0,1,1.0,17.0,2,1,3.0,4.0,0,3.0,1,3.0,0.0,5.0,1.0,1.0,1,22595.0
3273.0,34.0,1,3.0,16.0,3,0,4.0,4.0,1,5.0,3,2.0,1.0,3.0,0.0,2.0,2,26902.0
455.0,33.0,1,1.0,6.0,3,0,3.0,2.0,4,3.0,1,5.0,0.0,2.0,0.0,2.0,0,31184.0
1385.0,34.0,1,3.0,19.0,3,1,2.0,3.0,3,3.0,1,2.0,0.0,1.0,1.0,1.0,3,23628.0
1680.0,32.0,1,3.0,10.0,3,1,2.0,5.0,3,3.0,1,2.0,0.0,1.0,1.0,0.0,3,25400.0
478.0,25.0,1,3.0,19.0,3,1,2.0,3.0,0,3.0,0,2.0,0.0,3.0,1.0,0.0,1,17096.0
277.0,38.0,1,3.0,13.0,3,0,2.0,2.0,1,5.0,1,2.0,1.0,3.0,0.0,0.0,2,20605.0
1762.0,31.0,0,3.0,11.0,3,0,2.0,3.0,0,4.0,1,2.0,0.0,3.0,0.0,0.0,1,17789.0
611.0,35.0,1,1.0,13.0,2,1,2.0,3.0,3,3.0,3,4.0,0.0,3.0,0.0,0.0,3,25221.0
3364.0,35.0,0,1.0,26.0,3,0,3.0,4.0,1,4.0,1,6.0,0.0,3.0,1.0,1.0,2,23122.0
3536.0,46.0,1,1.0,35.0,1,1,4.0,4.0,0,3.0,1,6.0,0.0,3.0,1.0,3.0,1,20810.0
4685.0,55.0,1,3.0,9.0,2,0,3.0,5.0,3,3.0,1,8.0,0.0,5.0,1.0,2.0,3,29364.0
510.0,54.0,1,2.0,25.0,3,1,2.0,3.0,3,4.0,0,3.0,0.0,3.0,1.0,0.0,3,25725.0
4395.0,35.0,1,1.0,7.0,2,1,3.0,5.0,0,3.0,1,3.0,1.0,1.0,1.0,2.0,1,22300.0
1732.0,32.0,1,1.0,8.0,1,1,2.0,4.0,1,5.0,2,5.0,0.0,4.0,0.0,1.0,2,17176.0
3998.0,35.0,1,1.0,7.0,3,1,4.0,4.0,1,4.0,1,3.0,0.0,5.0,1.0,3.0,2,23003.0
4252.0,31.0,1,3.0,12.0,3,0,2.0,5.0,1,3.0,1,3.0,0.0,1.0,1.0,1.0,2,24796.0
3924.0,36.0,1,1.0,23.0,3,1,3.0,2.0,0,4.0,1,2.0,0.0,4.0,1.0,2.0,1,21104.0
1296.0,30.0,1,1.0,16.0,3,0,3.0,3.0,3,3.0,3,1.0,0.0,4.0,0.0,0.0,3,24667.0
4423.0,34.0,0,1.0,13.0,2,1,2.0,4.0,1,3.0,1,5.0,0.0,5.0,1.0,1.0,2,26403.0
1030.0,31.0,1,3.0,14.0,2,1,2.0,3.0,3,3.0,1,2.0,0.0,3.0,1.0,0.0,3,25793.0
4554.0,25.0,0,1.0,11.0,2,1,3.0,5.0,0,3.0,1,2.0,0.0,3.0,0.0,2.0,1,21840.0
2018.0,43.0,0,3.0,21.0,2,1,2.0,4.0,1,3.0,1,4.0,0.0,5.0,1.0,0.0,2,21804.0
2924.0,31.0,0,3.0,19.0,2,1,4.0,5.0,0,5.0,0,3.0,0.0,5.0,1.0,1.0,1,20711.0
3756.0,32.0,1,2.0,25.0,2,1,3.0,2.0,0,5.0,1,2.0,0.0,1.0,1.0,1.0,1,21634.0
1375.0,32.0,0,1.0,11.0,2,0,2.0,1.0,0,3.0,2,4.0,1.0,1.0,0.0,1.0,1,17432.0
3056.0,29.0,1,3.0,9.0,3,0,3.0,4.0,1,4.0,0,3.0,1.0,3.0,1.0,1.0,2,23457.0
1960.0,38.0,1,1.0,6.0,2,0,2.0,3.0,0,5.0,2,4.0,0.0,1.0,0.0,1.0,1,17619.0
3490.0,45.0,1,1.0,27.0,2,1,3.0,4.0,0,4.0,3,3.0,0.0,5.0,1.0,2.0,1,22098.0
606.0,34.0,0,1.0,22.0,2,0,3.0,4.0,0,3.0,2,2.0,0.0,5.0,1.0,1.0,1,17553.0
145.0,30.0,1,1.0,11.0,1,0,2.0,3.0,0,5.0,1,6.0,0.0,5.0,1.0,1.0,1,18204.0
3046.0,31.0,1,1.0,9.0,3,0,3.0,5.0,1,3.0,3,7.0,1.0,2.0,1.0,2.0,2,25555.0
2043.0,26.0,1,3.0,14.0,1,1,2.0,4.0,1,5.0,2,7.0,0.0,3.0,0.0,0.0,2,20326.0
2790.0,42.0,1,1.0,13.0,3,1,4.0,5.0,1,4.0,3,8.0,1.0,3.0,1.0,1.0,2,24710.0
3414.0,28.0,1,3.0,18.0,3,0,4.0,2.0,0,3.0,0,2.0,0.0,3.0,1.0,2.0,1,21212.0
1486.0,32.0,1,1.0,11.0,2,1,3.0,1.0,0,4.0,1,1.0,1.0,1.0,1.0,2.0,1,18298.0
1942.0,37.0,1,1.0,6.0,2,0,3.0,3.0,1,4.0,1,7.0,0.0,1.0,1.0,2.0,2,21447.0
2828.0,37.0,1,3.0,9.0,3,1,4.0,5.0,3,3.0,0,3.0,0.0,2.0,1.0,1.0,3,26274.0
1129.0,42.0,1,1.0,15.0,2,1,3.0,4.0,2,3.0,2,1.0,0.0,1.0,1.0,1.0,4,34613.0
2145.0,31.0,1,3.0,13.0,2,1,2.0,4.0,0,3.0,1,4.0,0.0,4.0,1.0,1.0,1,17329.0
3671.0,32.0,1,1.0,9.0,2,1,4.0,4.0,0,3.0,1,3.0,0.0,5.0,0.0,3.0,1,22155.0
3986.0,32.0,1,1.0,7.0,3,1,3.0,4.0,0,4.0,2,3.0,0.0,3.0,1.0,1.0,1,21179.0
4402.0,43.0,1,1.0,9.0,2,0,3.0,4.0,1,3.0,1,3.0,0.0,1.0,0.0,1.0,2,22767.0
977.0,34.0,0,1.0,32.0,1,0,3.0,4.0,0,3.0,1,2.0,0.0,1.0,1.0,0.0,1,17029.0
1515.0,41.0,1,1.0,18.0,1,0,2.0,3.0,2,3.0,1,2.0,0.0,4.0,1.0,1.0,4,34545.0
3507.0,30.0,1,3.0,26.0,2,1,4.0,5.0,1,3.0,1,3.0,0.0,4.0,1.0,1.0,2,27298.0
4087.0,31.0,0,1.0,16.0,3,1,4.0,4.0,1,5.0,1,3.0,0.0,1.0,1.0,2.0,2,21750.0
379.0,55.0,1,1.0,8.0,2,0,3.0,3.0,4,3.0,2,3.0,1.0,5.0,0.0,1.0,0,31659.0
1222.0,24.0,1,2.0,28.0,2,1,2.0,5.0,0,3.0,1,2.0,0.0,1.0,0.0,1.0,1,16555.0
3289.0,41.0,0,1.0,33.0,3,0,4.0,5.0,1,3.0,0,5.0,1.0,2.0,1.0,1.0,2,23100.0
3252.0,30.0,1,1.0,35.0,2,0,4.0,4.0,0,3.0,1,6.0,0.0,5.0,0.0,2.0,1,21192.0
1237.0,32.0,1,3.0,6.0,2,1,2.0,5.0,1,4.0,3,7.0,0.0,3.0,0.0,1.0,2,21735.0
2643.0,39.0,1,1.0,36.0,1,1,3.0,4.0,1,3.0,0,5.0,0.0,2.0,0.0,2.0,2,24939.0
690.0,31.0,1,1.0,18.0,3,0,2.0,3.0,1,3.0,0,1.0,1.0,4.0,0.0,1.0,2,20855.0
1258.0,29.0,1,1.0,10.0,1,0,3.0,4.0,0,5.0,1,2.0,0.0,4.0,0.0,0.0,1,17109.0
3965.0,29.0,1,1.0,12.0,1,1,3.0,4.0,0,3.0,3,3.0,1.0,1.0,0.0,1.0,1,22119.0
2422.0,31.0,1,3.0,19.0,3,1,3.0,4.0,1,5.0,1,6.0,1.0,1.0,1.0,0.0,2,17302.0
3611.0,36.0,1,3.0,22.0,3,1,3.0,6.0,1,3.0,1,8.0,1.0,1.0,1.0,2.0,2,24118.0
1150.0,35.0,1,1.0,24.0,2,1,2.0,1.0,1,5.0,1,2.0,0.0,3.0,0.0,1.0,2,20208.0
232.0,59.0,1,2.0,12.0,3,1,2.0,3.0,0,3.0,0,1.0,0.0,4.0,1.0,0.0,1,17267.0
4335.0,30.0,1,1.0,32.0,1,0,4.0,5.0,0,4.0,1,7.0,0.0,3.0,1.0,3.0,1,21224.0
1193.0,38.0,0,1.0,8.0,3,0,2.0,4.0,0,4.0,2,2.0,0.0,1.0,1.0,0.0,1,17440.0
4175.0,39.0,0,3.0,9.0,2,1,3.0,5.0,1,3.0,1,5.0,0.0,5.0,1.0,2.0,2,23927.0
2243.0,36.0,1,1.0,18.0,3,0,2.0,4.0,3,3.0,3,1.0,0.0,1.0,1.0,0.0,3,23858.0
50.0,48.0,1,1.0,6.0,2,1,3.0,4.0,3,3.0,2,1.0,1.0,5.0,0.0,2.0,3,20381.0
3748.0,41.0,1,1.0,19.0,2,0,3.0,4.0,1,5.0,1,4.0,0.0,1.0,1.0,2.0,2,23126.0
1317.0,27.0,0,1.0,11.0,2,0,2.0,3.0,0,3.0,2,1.0,1.0,1.0,1.0,1.0,1,17379.0
762.0,26.0,0,1.0,8.0,2,1,2.0,3.0,0,5.0,0,7.0,1.0,5.0,1.0,0.0,1,17042.0
2984.0,29.0,1,1.0,7.0,2,0,4.0,6.0,0,4.0,2,2.0,1.0,2.0,1.0,1.0,1,20894.0
3958.0,31.0,0,1.0,7.0,3,0,3.0,4.0,1,3.0,3,3.0,0.0,3.0,1.0,1.0,2,22689.0
3801.0,43.0,1,1.0,13.0,3,1,3.0,4.0,3,5.0,1,2.0,0.0,3.0,1.0,1.0,3,32026.0
3727.0,29.0,1,1.0,7.0,2,1,3.0,4.0,0,3.0,1,3.0,0.0,1.0,0.0,1.0,1,20722.0
4046.0,32.0,1,3.0,27.0,2,0,4.0,6.0,1,3.0,1,5.0,1.0,3.0,0.0,3.0,2,23237.0
1971.0,30.0,0,1.0,9.0,3,0,3.0,3.0,0,3.0,1,2.0,0.0,3.0,1.0,1.0,1,17083.0
2580.0,52.0,0,1.0,15.0,2,1,3.0,6.0,3,3.0,2,4.0,0.0,2.0,0.0,2.0,3,29328.0
1108.0,35.0,1,1.0,6.0,3,1,3.0,4.0,0,5.0,2,2.0,0.0,1.0,0.0,2.0,1,17450.0
684.0,40.0,1,3.0,16.0,3,1,3.0,4.0,3,4.0,1,3.0,0.0,4.0,1.0,1.0,3,24705.0
428.0,47.0,1,1.0,8.0,3,0,3.0,3.0,1,3.0,1,6.0,0.0,2.0,0.0,1.0,2,20070.0
32.0,30.0,1,1.0,15.0,3,1,2.0,4.0,0,3.0,2,2.0,0.0,4.0,1.0,1.0,1,17206.0
4587.0,34.0,1,1.0,7.0,2,1,4.0,5.0,0,5.0,3,5.0,1.0,4.0,1.0,2.0,1,21477.0
1895.0,50.0,1,1.0,35.0,2,1,2.0,4.0,4,3.0,1,1.0,0.0,5.0,1.0,1.0,0,32046.0
1965.0,27.0,1,3.0,8.0,3,1,2.0,3.0,0,5.0,1,1.0,0.0,5.0,1.0,1.0,1,18041.0
4626.0,34.0,1,1.0,20.0,2,0,3.0,4.0,0,3.0,3,5.0,0.0,3.0,1.0,1.0,1,22130.0
1982.0,27.0,1,1.0,9.0,3,1,2.0,4.0,0,3.0,2,1.0,0.0,1.0,1.0,1.0,1,17045.0
4544.0,23.0,1,1.0,7.0,2,1,3.0,5.0,1,3.0,1,8.0,0.0,1.0,1.0,2.0,2,23453.0
4017.0,35.0,1,1.0,13.0,2,0,3.0,4.0,1,3.0,3,3.0,0.0,3.0,0.0,1.0,2,23487.0
555.0,29.0,1,3.0,16.0,3,1,2.0,3.0,0,4.0,1,2.0,0.0,2.0,0.0,1.0,1,17297.0
3438.0,53.0,0,1.0,35.0,3,0,3.0,2.0,4,3.0,0,4.0,1.0,4.0,0.0,1.0,0,31925.0
4313.0,32.0,1,1.0,7.0,2,1,4.0,5.0,0,5.0,1,3.0,0.0,4.0,1.0,2.0,1,20896.0
2893.0,40.0,0,1.0,15.0,2,0,3.0,4.0,0,3.0,0,3.0,0.0,2.0,0.0,1.0,1,22433.0
3898.0,46.0,1,3.0,27.0,2,0,3.0,4.0,1,3.0,3,2.0,0.0,1.0,1.0,1.0,2,23528.0
2404.0,25.0,1,1.0,15.0,2,1,2.0,3.0,0,5.0,2,4.0,0.0,1.0,1.0,0.0,1,17096.0
2787.0,30.0,1,3.0,17.0,3,0,3.0,5.0,1,4.0,1,3.0,1.0,5.0,0.0,2.0,2,26946.0
4576.0,21.0,1,3.0,9.0,3,0,3.0,5.0,0,3.0,2,3.0,0.0,4.0,1.0,1.0,1,20722.0
1780.0,31.0,1,2.0,8.0,2,1,3.0,4.0,1,5.0,1,4.0,0.0,3.0,0.0,2.0,2,21410.0
3335.0,45.0,1,1.0,9.0,2,0,4.0,2.0,0,3.0,0,3.0,0.0,4.0,1.0,1.0,1,20689.0
3055.0,36.0,1,1.0,14.0,2,1,3.0,4.0,3,3.0,2,5.0,0.0,3.0,0.0,1.0,3,28899.0
1981.0,36.0,1,1.0,15.0,3,1,2.0,4.0,1,4.0,1,3.0,1.0,4.0,0.0,1.0,2,23847.0
4712.0,34.0,1,1.0,32.0,3,1,3.0,5.0,0,4.0,2,6.0,1.0,4.0,1.0,1.0,1,20991.0
4547.0,37.0,1,2.0,15.0,2,1,4.0,5.0,0,5.0,1,2.0,0.0,1.0,0.0,2.0,1,21020.0
3839.0,32.0,0,3.0,33.0,3,1,4.0,4.0,1,3.0,1,3.0,1.0,3.0,0.0,2.0,2,24295.0
4163.0,46.0,0,1.0,14.0,2,1,4.0,2.0,1,3.0,1,6.0,0.0,1.0,1.0,1.0,2,25112.0
1414.0,47.0,1,1.0,31.0,3,1,2.0,3.0,3,3.0,3,3.0,0.0,3.0,1.0,0.0,3,23633.0
907.0,44.0,1,3.0,11.0,3,1,2.0,3.0,2,4.0,0,1.0,0.0,5.0,1.0,1.0,4,33213.0
4345.0,55.0,1,1.0,6.0,2,0,3.0,4.0,1,3.0,3,2.0,0.0,1.0,0.0,1.0,2,22458.0
1197.0,20.0,1,3.0,15.0,2,1,2.0,3.0,0,5.0,2,2.0,0.0,1.0,0.0,1.0,1,17728.0
2793.0,30.0,0,3.0,9.0,2,1,4.0,4.0,1,3.0,0,3.0,0.0,2.0,1.0,2.0,2,23327.0
2972.0,51.0,0,3.0,15.0,1,1,3.0,4.0,1,3.0,0,5.0,1.0,5.0,1.0,1.0,2,25474.0
3376.0,30.0,1,1.0,14.0,1,0,3.0,4.0,0,3.0,1,5.0,1.0,4.0,1.0,2.0,1,22017.0
1529.0,37.0,1,1.0,6.0,2,1,2.0,4.0,1,3.0,1,2.0,0.0,5.0,0.0,0.0,2,20993.0
4023.0,23.0,1,1.0,22.0,3,0,3.0,4.0,0,3.0,3,3.0,0.0,1.0,1.0,2.0,1,21549.0
4484.0,53.0,0,1.0,26.0,3,1,3.0,4.0,0,3.0,1,2.0,0.0,3.0,1.0,1.0,1,22936.0
4224.0,32.0,1,2.0,9.0,2,1,4.0,5.0,1,5.0,1,5.0,0.0,3.0,0.0,3.0,2,25088.0
2945.0,31.0,0,1.0,10.0,3,0,4.0,4.0,0,3.0,1,3.0,0.0,3.0,1.0,2.0,1,20761.0
3472.0,42.0,1,1.0,12.0,3,1,3.0,2.0,0,3.0,0,4.0,1.0,1.0,1.0,2.0,1,20805.0
1899.0,46.0,1,1.0,8.0,2,1,2.0,3.0,4,3.0,1,7.0,0.0,5.0,1.0,0.0,0,32861.0
3929.0,30.0,1,1.0,28.0,2,0,3.0,2.0,3,5.0,1,3.0,0.0,5.0,1.0,2.0,3,28658.0
4657.0,60.0,1,1.0,9.0,2,0,4.0,5.0,4,3.0,2,5.0,1.0,5.0,1.0,1.0,0,32404.0
2484.0,36.0,1,1.0,11.0,2,1,4.0,4.0,0,3.0,1,3.0,0.0,4.0,0.0,1.0,1,20629.0
1728.0,51.0,1,1.0,6.0,2,1,3.0,3.0,0,3.0,1,2.0,0.0,4.0,1.0,0.0,1,17723.0
1528.0,31.0,1,1.0,13.0,2,1,2.0,3.0,1,3.0,1,4.0,0.0,3.0,0.0,1.0,2,20915.0
3201.0,35.0,1,3.0,7.0,3,1,4.0,2.0,1,3.0,1,2.0,0.0,5.0,1.0,3.0,2,28403.0
2533.0,47.0,1,3.0,16.0,3,1,4.0,5.0,3,3.0,3,3.0,0.0,5.0,0.0,2.0,3,28297.0
4366.0,46.0,1,3.0,9.0,2,1,4.0,4.0,1,4.0,1,2.0,0.0,5.0,1.0,3.0,2,23483.0
818.0,31.0,0,3.0,26.0,2,1,3.0,1.0,0,3.0,0,1.0,0.0,5.0,1.0,1.0,1,17791.0
4854.0,40.0,1,1.0,31.0,3,1,3.0,4.0,0,4.0,1,3.0,1.0,1.0,0.0,1.0,1,22582.0
1823.0,37.0,1,1.0,12.0,3,1,2.0,1.0,1,5.0,1,5.0,1.0,3.0,1.0,1.0,2,20974.0
3111.0,42.0,1,1.0,9.0,2,0,3.0,6.0,0,3.0,1,6.0,1.0,3.0,0.0,1.0,1,21456.0
3261.0,37.0,0,1.0,25.0,2,1,4.0,4.0,1,3.0,3,4.0,0.0,3.0,1.0,1.0,2,26457.0
4542.0,38.0,1,3.0,23.0,3,1,4.0,5.0,1,3.0,1,6.0,0.0,5.0,1.0,1.0,2,25012.0
3256.0,44.0,0,1.0,34.0,2,0,3.0,4.0,3,5.0,0,2.0,0.0,4.0,0.0,1.0,3,29498.0
4211.0,36.0,1,3.0,23.0,3,1,4.0,4.0,3,4.0,1,2.0,0.0,1.0,1.0,2.0,3,26698.0
1829.0,36.0,0,3.0,9.0,3,1,2.0,4.0,3,3.0,1,5.0,0.0,1.0,0.0,0.0,3,24699.0
1784.0,39.0,1,1.0,16.0,3,1,3.0,3.0,4,5.0,1,2.0,1.0,3.0,1.0,2.0,0,32068.0
1409.0,40.0,0,1.0,17.0,1,0,3.0,3.0,1,3.0,1,2.0,0.0,3.0,1.0,1.0,2,21323.0
1016.0,31.0,1,1.0,14.0,2,0,2.0,4.0,0,4.0,2,2.0,0.0,4.0,0.0,1.0,1,16261.0
1109.0,30.0,1,3.0,35.0,1,1,2.0,3.0,3,4.0,1,4.0,0.0,4.0,0.0,1.0,3,24250.0
313.0,33.0,0,1.0,11.0,2,0,3.0,3.0,3,4.0,0,7.0,0.0,3.0,1.0,2.0,3,26878.0
3535.0,34.0,1,1.0,32.0,2,1,3.0,5.0,1,4.0,3,3.0,0.0,1.0,0.0,2.0,2,22998.0
1041.0,28.0,1,3.0,11.0,3,1,2.0,3.0,1,5.0,3,1.0,0.0,1.0,1.0,0.0,2,23463.0
2814.0,22.0,1,3.0,19.0,2,0,3.0,3.0,0,4.0,3,3.0,0.0,5.0,0.0,2.0,1,21394.0
975.0,55.0,1,3.0,19.0,3,1,2.0,1.0,4,3.0,2,7.0,1.0,3.0,1.0,1.0,0,28695.0
2732.0,27.0,1,1.0,23.0,3,1,3.0,4.0,0,4.0,1,4.0,1.0,2.0,1.0,2.0,1,21051.0
2337.0,50.0,0,1.0,8.0,3,0,1.0,3.0,4,5.0,1,3.0,0.0,3.0,0.0,0.0,0,32856.0
1575.0,59.0,0,2.0,8.0,2,0,2.0,4.0,2,3.0,1,1.0,0.0,1.0,0.0,1.0,4,33844.0
191.0,27.0,1,1.0,15.0,3,0,2.0,3.0,0,4.0,2,2.0,0.0,3.0,1.0,0.0,1,17279.0
358.0,36.0,0,3.0,6.0,3,0,2.0,3.0,1,3.0,3,5.0,0.0,2.0,1.0,1.0,2,21653.0
945.0,50.0,1,1.0,34.0,2,0,2.0,3.0,4,5.0,0,5.0,1.0,5.0,0.0,0.0,0,31880.0
172.0,36.0,0,1.0,9.0,3,1,1.0,3.0,0,4.0,2,5.0,0.0,4.0,1.0,0.0,1,17088.0
424.0,57.0,1,3.0,35.0,3,1,2.0,4.0,4,3.0,1,4.0,0.0,3.0,0.0,0.0,0,29118.0
4043.0,50.0,1,1.0,27.0,3,0,4.0,4.0,1,5.0,1,3.0,0.0,1.0,1.0,1.0,2,25245.0
1896.0,30.0,0,1.0,8.0,3,0,2.0,3.0,0,3.0,2,1.0,0.0,4.0,1.0,0.0,1,17564.0
1550.0,30.0,1,1.0,6.0,2,1,2.0,4.0,1,3.0,1,2.0,1.0,1.0,1.0,1.0,2,20126.0
3928.0,29.0,1,1.0,31.0,2,1,3.0,5.0,0,3.0,2,7.0,1.0,1.0,0.0,1.0,1,20706.0
910.0,23.0,1,1.0,6.0,2,1,2.0,3.0,0,3.0,0,2.0,0.0,4.0,0.0,1.0,1,16223.0
3719.0,52.0,1,1.0,10.0,1,0,3.0,4.0,3,3.0,1,4.0,0.0,4.0,1.0,2.0,3,31794.0
4471.0,36.0,0,1.0,9.0,2,0,4.0,4.0,1,5.0,1,4.0,0.0,4.0,1.0,3.0,2,23771.0
2925.0,35.0,1,1.0,7.0,2,1,3.0,5.0,0,3.0,0,3.0,1.0,2.0,0.0,1.0,1,22300.0
1968.0,22.0,1,1.0,12.0,3,1,3.0,3.0,0,3.0,1,1.0,0.0,1.0,1.0,1.0,1,17773.0
2029.0,38.0,1,1.0,8.0,3,1,3.0,3.0,0,3.0,1,7.0,1.0,4.0,0.0,2.0,1,18057.0
4620.0,41.0,0,3.0,31.0,2,0,4.0,2.0,4,4.0,2,6.0,1.0,3.0,1.0,1.0,0,31872.0
4840.0,44.0,0,1.0,9.0,2,1,4.0,4.0,0,3.0,1,8.0,1.0,3.0,0.0,1.0,1,28909.0
3446.0,36.0,0,1.0,25.0,2,1,3.0,4.0,3,3.0,3,4.0,0.0,3.0,0.0,1.0,3,28040.0
2181.0,29.0,1,1.0,16.0,2,0,3.0,4.0,0,5.0,2,7.0,1.0,5.0,1.0,0.0,1,17404.0
3212.0,41.0,1,3.0,33.0,3,1,4.0,4.0,1,5.0,0,3.0,0.0,2.0,1.0,2.0,2,27074.0
2858.0,25.0,1,3.0,7.0,1,0,4.0,4.0,0,4.0,3,3.0,1.0,4.0,1.0,3.0,1,21880.0
3664.0,37.0,1,3.0,9.0,2,0,3.0,4.0,1,3.0,3,5.0,0.0,4.0,1.0,2.0,2,23180.0
4000.0,24.0,1,3.0,9.0,1,1,4.0,4.0,0,5.0,1,5.0,0.0,3.0,1.0,3.0,1,21000.0
4578.0,37.0,1,1.0,21.0,2,1,4.0,4.0,1,3.0,1,2.0,1.0,5.0,1.0,1.0,2,25264.0
3947.0,40.0,1,3.0,12.0,1,1,3.0,4.0,1,3.0,1,5.0,0.0,1.0,0.0,1.0,2,20764.0
3619.0,40.0,1,1.0,19.0,3,1,4.0,4.0,1,4.0,1,6.0,0.0,3.0,1.0,2.0,2,23973.0
48.0,46.0,0,3.0,11.0,3,1,3.0,3.0,1,3.0,2,5.0,1.0,5.0,1.0,1.0,2,20772.0
4844.0,52.0,1,3.0,31.0,3,0,3.0,5.0,1,4.0,3,2.0,1.0,5.0,1.0,2.0,2,21516.0
2331.0,46.0,1,3.0,8.0,3,0,3.0,3.0,4,5.0,1,1.0,0.0,1.0,1.0,1.0,0,32048.0
3180.0,49.0,1,1.0,11.0,2,1,4.0,5.0,3,3.0,2,2.0,0.0,5.0,1.0,2.0,3,29677.0
3352.0,34.0,1,3.0,17.0,3,1,3.0,2.0,3,3.0,1,2.0,1.0,4.0,1.0,2.0,3,27058.0
3944.0,34.0,1,1.0,9.0,3,1,4.0,4.0,0,3.0,2,6.0,0.0,3.0,0.0,3.0,1,21174.0
1194.0,47.0,1,3.0,8.0,2,0,2.0,1.0,4,4.0,1,7.0,0.0,1.0,0.0,0.0,0,30972.0
2459.0,30.0,1,1.0,28.0,2,0,3.0,3.0,3,5.0,1,3.0,0.0,5.0,1.0,2.0,3,28658.0
1872.0,30.0,1,3.0,18.0,1,0,2.0,3.0,1,3.0,3,1.0,0.0,1.0,1.0,1.0,2,21577.0
2588.0,33.0,0,3.0,16.0,3,1,3.0,6.0,1,3.0,1,2.0,0.0,2.0,0.0,2.0,2,23346.0
1628.0,40.0,1,3.0,10.0,3,1,3.0,4.0,3,3.0,1,1.0,0.0,1.0,1.0,1.0,3,25855.0
3755.0,19.0,0,1.0,21.0,3,0,3.0,4.0,0,3.0,2,3.0,0.0,5.0,1.0,1.0,1,20192.0
4392.0,26.0,1,3.0,20.0,3,1,3.0,4.0,0,3.0,1,3.0,0.0,3.0,1.0,2.0,1,20774.0
3600.0,41.0,1,1.0,22.0,2,0,4.0,5.0,3,3.0,1,3.0,0.0,1.0,1.0,2.0,3,29113.0
3688.0,31.0,0,1.0,9.0,1,0,4.0,5.0,0,5.0,3,2.0,0.0,3.0,0.0,2.0,1,23646.0
3347.0,30.0,1,1.0,14.0,2,1,3.0,4.0,1,3.0,1,3.0,1.0,3.0,0.0,1.0,2,25301.0
4804.0,55.0,0,1.0,8.0,2,0,3.0,4.0,3,3.0,1,2.0,0.0,5.0,0.0,2.0,3,29180.0
3018.0,35.0,1,1.0,7.0,2,0,4.0,2.0,0,3.0,3,4.0,0.0,2.0,0.0,1.0,1,21958.0
3776.0,30.0,0,1.0,31.0,2,1,4.0,5.0,0,3.0,2,3.0,1.0,3.0,1.0,3.0,1,21117.0
747.0,38.0,1,3.0,9.0,2,1,2.0,3.0,1,3.0,3,1.0,1.0,3.0,1.0,1.0,2,21861.0
4769.0,38.0,1,1.0,8.0,2,0,3.0,5.0,1,3.0,1,3.0,0.0,1.0,0.0,1.0,2,25152.0
4138.0,32.0,0,1.0,7.0,3,1,3.0,6.0,1,3.0,1,2.0,0.0,3.0,0.0,1.0,2,23023.0
3833.0,32.0,0,1.0,7.0,2,1,3.0,6.0,1,5.0,1,3.0,0.0,1.0,1.0,2.0,2,23681.0
2357.0,42.0,0,1.0,32.0,3,0,2.0,3.0,3,5.0,1,4.0,1.0,3.0,0.0,0.0,3,28191.0
249.0,45.0,0,1.0,13.0,2,1,3.0,2.0,1,3.0,0,5.0,0.0,2.0,0.0,2.0,2,21434.0
2807.0,34.0,1,3.0,12.0,3,0,3.0,4.0,0,3.0,3,3.0,1.0,2.0,1.0,1.0,1,21529.0
2916.0,38.0,1,1.0,7.0,2,0,4.0,4.0,1,4.0,0,8.0,0.0,2.0,1.0,2.0,2,25125.0
3048.0,43.0,1,1.0,36.0,2,1,4.0,4.0,1,4.0,0,3.0,0.0,3.0,1.0,2.0,2,23112.0
2977.0,41.0,0,3.0,12.0,2,1,3.0,5.0,3,5.0,0,7.0,1.0,5.0,0.0,2.0,3,29153.0
1744.0,21.0,1,1.0,9.0,3,1,3.0,4.0,0,3.0,2,2.0,0.0,5.0,1.0,2.0,1,18230.0
3224.0,29.0,0,1.0,31.0,1,1,4.0,5.0,3,5.0,3,3.0,0.0,2.0,0.0,1.0,3,27400.0
399.0,31.0,1,1.0,6.0,2,1,3.0,4.0,0,5.0,0,2.0,0.0,4.0,0.0,0.0,1,17218.0
4698.0,39.0,1,1.0,24.0,2,0,4.0,5.0,3,3.0,1,2.0,0.0,1.0,1.0,3.0,3,27501.0
3202.0,60.0,1,3.0,7.0,1,1,4.0,4.0,3,3.0,0,5.0,1.0,2.0,0.0,2.0,3,30582.0
3209.0,39.0,0,1.0,10.0,2,1,3.0,4.0,0,3.0,0,5.0,0.0,3.0,1.0,2.0,1,21499.0
3762.0,30.0,0,1.0,27.0,3,1,3.0,4.0,0,3.0,1,3.0,0.0,3.0,1.0,2.0,1,22490.0
3666.0,25.0,1,2.0,29.0,2,1,3.0,6.0,0,3.0,1,3.0,0.0,1.0,0.0,2.0,1,20233.0
335.0,40.0,1,3.0,6.0,3,1,2.0,5.0,1,3.0,0,3.0,1.0,3.0,1.0,0.0,2,22457.0
809.0,28.0,1,1.0,9.0,3,0,3.0,3.0,3,4.0,1,1.0,0.0,4.0,0.0,0.0,3,22655.0
2415.0,50.0,0,3.0,18.0,2,1,2.0,3.0,1,3.0,2,4.0,1.0,3.0,1.0,1.0,2,31880.0
3902.0,36.0,1,1.0,7.0,2,0,4.0,6.0,0,3.0,1,3.0,0.0,3.0,0.0,2.0,1,21655.0
28.0,44.0,1,1.0,13.0,3,0,2.0,4.0,3,3.0,0,4.0,0.0,4.0,1.0,0.0,3,25248.0
4842.0,45.0,0,3.0,8.0,1,1,4.0,4.0,0,3.0,1,5.0,0.0,3.0,1.0,2.0,1,26656.0
755.0,45.0,1,3.0,17.0,2,0,2.0,3.0,4,3.0,0,4.0,0.0,4.0,1.0,1.0,0,32650.0
3013.0,37.0,0,3.0,15.0,2,1,4.0,5.0,3,5.0,3,3.0,0.0,2.0,0.0,3.0,3,26265.0
774.0,55.0,0,1.0,8.0,3,1,2.0,4.0,4,5.0,2,1.0,0.0,3.0,1.0,1.0,0,31756.0
4478.0,46.0,1,3.0,9.0,1,1,3.0,6.0,1,3.0,3,2.0,0.0,5.0,1.0,2.0,2,25310.0
4401.0,21.0,1,1.0,7.0,2,0,3.0,5.0,0,4.0,3,3.0,0.0,4.0,0.0,2.0,1,21514.0
970.0,27.0,1,3.0,17.0,3,0,3.0,1.0,0,3.0,0,1.0,0.0,3.0,1.0,1.0,1,17534.0
2808.0,38.0,1,1.0,17.0,3,0,4.0,4.0,0,5.0,0,8.0,0.0,2.0,1.0,2.0,1,22130.0
2275.0,45.0,0,3.0,15.0,2,0,3.0,4.0,1,3.0,1,2.0,0.0,3.0,1.0,2.0,2,20593.0
37.0,35.0,1,3.0,8.0,3,0,3.0,3.0,0,3.0,0,2.0,0.0,2.0,1.0,0.0,1,17014.0
4536.0,33.0,1,3.0,20.0,2,1,4.0,4.0,1,3.0,1,4.0,0.0,1.0,0.0,3.0,2,23081.0
119.0,43.0,0,3.0,32.0,2,1,3.0,3.0,4,3.0,0,2.0,1.0,2.0,0.0,0.0,0,31959.0
223.0,38.0,1,3.0,9.0,2,1,3.0,3.0,3,3.0,1,1.0,0.0,2.0,1.0,1.0,3,25609.0
1233.0,30.0,1,1.0,22.0,2,1,2.0,3.0,0,3.0,1,2.0,0.0,1.0,0.0,0.0,1,17862.0
3372.0,45.0,1,1.0,22.0,3,0,4.0,4.0,3,3.0,0,3.0,0.0,3.0,0.0,2.0,3,26656.0
3720.0,38.0,1,3.0,16.0,3,1,3.0,5.0,1,4.0,1,3.0,0.0,4.0,0.0,2.0,2,22867.0
3622.0,21.0,1,3.0,9.0,3,0,3.0,4.0,0,3.0,3,3.0,0.0,4.0,0.0,1.0,1,21461.0
2980.0,61.0,1,3.0,23.0,3,1,3.0,4.0,1,5.0,3,2.0,0.0,4.0,1.0,1.0,2,24083.0
1811.0,38.0,1,1.0,21.0,2,1,3.0,4.0,3,3.0,1,1.0,1.0,5.0,1.0,2.0,3,26510.0
1520.0,48.0,1,1.0,6.0,2,1,3.0,4.0,3,3.0,2,1.0,1.0,5.0,0.0,0.0,3,20381.0
188.0,34.0,0,1.0,8.0,2,1,2.0,4.0,1,3.0,0,2.0,0.0,4.0,0.0,0.0,2,24547.0
1932.0,34.0,1,3.0,27.0,2,1,3.0,1.0,1,3.0,2,2.0,0.0,3.0,0.0,0.0,2,20337.0
2520.0,36.0,1,3.0,7.0,3,1,3.0,5.0,1,5.0,3,2.0,0.0,2.0,0.0,2.0,2,22990.0
2353.0,33.0,1,1.0,15.0,3,1,2.0,3.0,0,3.0,1,1.0,0.0,1.0,0.0,1.0,1,17781.0
4073.0,35.0,0,3.0,9.0,3,0,4.0,4.0,0,3.0,1,8.0,0.0,5.0,0.0,1.0,1,20909.0
3432.0,42.0,0,1.0,29.0,2,0,4.0,4.0,1,3.0,1,5.0,1.0,5.0,0.0,1.0,2,24145.0
2407.0,39.0,1,1.0,8.0,2,0,3.0,3.0,0,5.0,1,2.0,1.0,1.0,1.0,0.0,1,32123.0
1118.0,26.0,1,1.0,9.0,2,0,2.0,3.0,0,3.0,1,2.0,0.0,3.0,1.0,1.0,1,17061.0
2927.0,36.0,1,1.0,32.0,2,1,3.0,5.0,1,3.0,3,6.0,0.0,2.0,0.0,2.0,2,22359.0
1073.0,28.0,1,1.0,35.0,2,1,3.0,5.0,1,4.0,0,2.0,0.0,1.0,1.0,2.0,2,21549.0
2905.0,36.0,1,3.0,7.0,3,0,4.0,4.0,1,3.0,3,3.0,0.0,4.0,0.0,3.0,2,23537.0
1979.0,33.0,0,1.0,12.0,2,1,1.0,3.0,1,3.0,1,4.0,0.0,5.0,1.0,0.0,2,22725.0
3139.0,38.0,1,3.0,7.0,2,1,3.0,5.0,3,3.0,0,7.0,0.0,2.0,1.0,2.0,3,29287.0
2267.0,26.0,1,1.0,27.0,3,1,2.0,3.0,0,3.0,1,2.0,0.0,5.0,1.0,0.0,1,17377.0
4054.0,33.0,1,1.0,16.0,3,0,3.0,4.0,0,5.0,3,2.0,0.0,4.0,1.0,1.0,1,22878.0
4274.0,58.0,1,1.0,7.0,3,1,3.0,4.0,1,3.0,1,4.0,0.0,3.0,0.0,2.0,2,25433.0
2276.0,52.0,1,1.0,5.0,2,1,2.0,3.0,3,4.0,3,1.0,0.0,3.0,1.0,1.0,3,25445.0
2462.0,54.0,1,3.0,9.0,2,0,4.0,5.0,4,3.0,0,4.0,0.0,3.0,1.0,1.0,0,34105.0
1499.0,46.0,1,3.0,8.0,3,0,2.0,3.0,2,5.0,2,4.0,0.0,1.0,1.0,1.0,4,33947.0
4584.0,28.0,1,1.0,11.0,2,0,4.0,4.0,0,3.0,2,3.0,0.0,1.0,0.0,1.0,1,20996.0
2948.0,46.0,0,3.0,33.0,2,0,4.0,4.0,1,5.0,0,4.0,0.0,2.0,0.0,1.0,2,22964.0
2594.0,41.0,0,1.0,33.0,3,0,3.0,4.0,1,4.0,1,3.0,0.0,2.0,1.0,1.0,2,24283.0
1398.0,33.0,0,1.0,13.0,2,1,2.0,3.0,1,3.0,1,2.0,0.0,5.0,1.0,1.0,2,20968.0
3978.0,37.0,1,1.0,15.0,1,0,3.0,4.0,3,3.0,1,3.0,0.0,4.0,1.0,1.0,3,28774.0
4594.0,37.0,1,1.0,14.0,2,1,4.0,4.0,0,3.0,3,4.0,0.0,3.0,1.0,3.0,1,23356.0
625.0,45.0,1,3.0,15.0,3,1,3.0,3.0,3,5.0,1,5.0,1.0,2.0,1.0,0.0,3,25761.0
2772.0,34.0,0,3.0,17.0,3,1,3.0,5.0,1,3.0,3,5.0,0.0,3.0,1.0,2.0,2,23360.0
2656.0,28.0,0,3.0,27.0,2,0,3.0,4.0,1,3.0,2,3.0,0.0,2.0,1.0,2.0,2,28659.0
839.0,42.0,1,3.0,10.0,3,1,2.0,3.0,1,5.0,2,1.0,0.0,5.0,1.0,1.0,2,20155.0
813.0,39.0,0,1.0,8.0,2,1,2.0,3.0,4,3.0,1,1.0,0.0,3.0,1.0,0.0,0,27169.0
1933.0,26.0,1,1.0,30.0,1,1,3.0,5.0,0,3.0,2,2.0,1.0,3.0,0.0,1.0,1,17340.0
1346.0,45.0,1,1.0,31.0,2,0,3.0,4.0,1,3.0,1,1.0,0.0,4.0,0.0,0.0,2,20906.0
3344.0,37.0,0,1.0,10.0,1,1,3.0,4.0,0,4.0,0,3.0,0.0,3.0,1.0,2.0,1,22370.0
3879.0,45.0,1,1.0,7.0,3,1,3.0,4.0,0,3.0,2,8.0,1.0,4.0,0.0,2.0,1,21114.0
2056.0,24.0,0,1.0,15.0,2,1,2.0,4.0,0,4.0,1,2.0,0.0,5.0,0.0,1.0,1,17694.0
2654.0,33.0,1,3.0,11.0,3,1,3.0,6.0,3,3.0,0,3.0,0.0,2.0,1.0,2.0,3,29078.0
1339.0,22.0,1,1.0,13.0,2,1,3.0,3.0,0,4.0,2,2.0,1.0,3.0,1.0,0.0,1,17472.0
3572.0,37.0,0,1.0,13.0,2,1,4.0,2.0,1,5.0,1,5.0,1.0,4.0,1.0,2.0,2,24240.0
2102.0,42.0,0,1.0,8.0,3,1,2.0,3.0,0,3.0,2,6.0,1.0,1.0,1.0,1.0,1,17515.0
4618.0,36.0,1,3.0,10.0,2,1,4.0,4.0,3,3.0,1,8.0,0.0,5.0,0.0,3.0,3,26501.0
2973.0,39.0,1,1.0,7.0,2,0,3.0,3.0,1,3.0,3,2.0,0.0,2.0,1.0,2.0,2,26303.0
2968.0,35.0,1,1.0,16.0,3,0,3.0,5.0,3,4.0,3,3.0,0.0,2.0,1.0,2.0,3,27299.0
3911.0,28.0,1,1.0,11.0,2,1,3.0,2.0,1,4.0,1,3.0,1.0,4.0,1.0,1.0,2,24820.0
1954.0,31.0,1,3.0,12.0,3,1,3.0,1.0,1,3.0,1,5.0,0.0,5.0,1.0,1.0,2,20460.0
1419.0,42.0,1,1.0,24.0,2,1,2.0,3.0,1,5.0,1,7.0,1.0,1.0,0.0,0.0,2,20410.0
3571.0,24.0,1,1.0,17.0,1,1,3.0,2.0,0,3.0,1,4.0,0.0,1.0,1.0,1.0,1,20751.0
2208.0,39.0,1,1.0,6.0,2,0,3.0,4.0,4,3.0,1,2.0,0.0,3.0,1.0,0.0,0,27742.0
211.0,30.0,0,1.0,6.0,2,1,2.0,4.0,3,3.0,3,2.0,0.0,5.0,1.0,1.0,3,23474.0
4050.0,52.0,0,1.0,15.0,2,1,3.0,6.0,3,3.0,2,4.0,0.0,1.0,1.0,1.0,3,29328.0
551.0,39.0,1,2.0,9.0,2,0,2.0,2.0,1,4.0,0,1.0,0.0,2.0,1.0,0.0,2,21389.0
985.0,31.0,1,1.0,28.0,3,1,3.0,3.0,1,3.0,0,2.0,1.0,5.0,1.0,0.0,2,21179.0
4198.0,27.0,0,1.0,18.0,3,1,3.0,4.0,1,5.0,1,3.0,1.0,3.0,1.0,1.0,2,23419.0
3865.0,48.0,0,1.0,7.0,3,0,4.0,4.0,3,4.0,1,2.0,0.0,5.0,0.0,1.0,3,30635.0
3710.0,42.0,1,1.0,16.0,2,1,4.0,4.0,0,5.0,1,3.0,0.0,5.0,1.0,2.0,1,20967.0
3545.0,33.0,1,1.0,12.0,2,0,4.0,5.0,1,4.0,1,5.0,0.0,3.0,1.0,1.0,2,24556.0
3306.0,45.0,0,1.0,24.0,2,1,4.0,6.0,0,3.0,2,4.0,0.0,4.0,1.0,1.0,1,20968.0
1627.0,58.0,1,1.0,15.0,3,0,3.0,4.0,0,4.0,1,5.0,1.0,1.0,1.0,1.0,1,18346.0
289.0,28.0,1,1.0,14.0,2,0,3.0,3.0,0,3.0,2,2.0,0.0,4.0,0.0,1.0,1,18310.0
177.0,19.0,1,1.0,8.0,2,1,2.0,4.0,0,3.0,2,2.0,0.0,5.0,0.0,0.0,1,16102.0
2993.0,35.0,1,1.0,15.0,3,0,4.0,4.0,1,3.0,3,5.0,0.0,4.0,1.0,2.0,2,24820.0
2872.0,48.0,1,1.0,9.0,3,0,4.0,4.0,1,3.0,1,7.0,0.0,2.0,0.0,2.0,2,23748.0
4570.0,33.0,1,1.0,32.0,2,1,3.0,4.0,0,3.0,3,3.0,1.0,5.0,0.0,1.0,1,21473.0
2274.0,48.0,0,1.0,6.0,3,1,2.0,1.0,4,3.0,2,3.0,0.0,1.0,0.0,0.0,0,31885.0
368.0,40.0,1,3.0,28.0,3,1,3.0,4.0,1,3.0,0,3.0,1.0,3.0,1.0,1.0,2,21380.0
3999.0,57.0,1,1.0,14.0,2,1,3.0,6.0,3,3.0,3,6.0,0.0,1.0,0.0,1.0,3,25938.0
3235.0,36.0,1,3.0,11.0,1,1,3.0,4.0,3,5.0,3,2.0,1.0,4.0,1.0,2.0,3,28260.0
318.0,27.0,1,1.0,11.0,2,0,2.0,3.0,0,4.0,2,2.0,1.0,3.0,0.0,1.0,1,17478.0
1720.0,37.0,0,1.0,16.0,3,1,3.0,3.0,3,3.0,1,7.0,0.0,3.0,0.0,2.0,3,25048.0
1898.0,47.0,1,1.0,8.0,3,0,3.0,3.0,1,3.0,1,6.0,0.0,1.0,0.0,0.0,2,20070.0
632.0,42.0,0,1.0,8.0,3,1,2.0,3.0,0,3.0,2,6.0,1.0,2.0,0.0,1.0,1,17515.0
2568.0,32.0,1,3.0,13.0,2,1,4.0,6.0,1,3.0,0,6.0,1.0,3.0,1.0,2.0,2,24850.0
2731.0,39.0,1,1.0,30.0,2,1,3.0,4.0,1,3.0,1,2.0,0.0,3.0,0.0,1.0,2,24423.0
1019.0,36.0,1,3.0,22.0,3,0,3.0,4.0,1,5.0,0,5.0,0.0,5.0,1.0,0.0,2,20647.0
1597.0,19.0,1,3.0,28.0,3,1,2.0,3.0,0,3.0,2,2.0,1.0,1.0,1.0,0.0,1,16675.0
4704.0,34.0,1,1.0,12.0,2,1,3.0,5.0,3,3.0,1,6.0,0.0,3.0,1.0,2.0,3,25797.0
1037.0,45.0,1,1.0,35.0,1,1,2.0,3.0,3,3.0,0,5.0,1.0,5.0,1.0,0.0,3,24380.0
621.0,36.0,1,3.0,6.0,2,1,2.0,3.0,1,3.0,0,2.0,1.0,3.0,1.0,1.0,2,21201.0
4716.0,34.0,0,3.0,14.0,2,0,2.0,4.0,1,4.0,1,2.0,0.0,4.0,0.0,1.0,2,22980.0
3766.0,47.0,1,1.0,9.0,2,1,3.0,4.0,3,3.0,1,5.0,0.0,1.0,1.0,2.0,3,27256.0
4487.0,27.0,1,3.0,15.0,1,1,3.0,5.0,1,5.0,3,8.0,0.0,3.0,0.0,1.0,2,24004.0
156.0,51.0,1,1.0,13.0,3,1,2.0,4.0,1,3.0,0,3.0,0.0,3.0,1.0,1.0,2,21132.0
3082.0,26.0,1,3.0,11.0,3,1,3.0,5.0,1,5.0,0,3.0,0.0,3.0,1.0,2.0,2,22934.0
2571.0,20.0,1,3.0,29.0,3,1,3.0,4.0,0,3.0,2,3.0,1.0,2.0,0.0,2.0,1,20353.0
1560.0,40.0,0,1.0,6.0,2,1,3.0,4.0,4,4.0,1,2.0,0.0,1.0,1.0,1.0,0,28503.0
2652.0,41.0,0,1.0,16.0,2,1,4.0,5.0,1,3.0,0,2.0,0.0,5.0,1.0,1.0,2,23554.0
563.0,25.0,1,3.0,32.0,3,0,2.0,3.0,1,3.0,2,2.0,0.0,4.0,0.0,0.0,2,21180.0
3436.0,40.0,0,1.0,32.0,2,1,4.0,4.0,3,3.0,0,5.0,0.0,1.0,0.0,1.0,3,29598.0
4883.0,49.0,1,3.0,9.0,3,1,3.0,5.0,1,4.0,3,2.0,1.0,1.0,1.0,1.0,2,26576.0
794.0,34.0,0,1.0,9.0,2,1,2.0,3.0,1,3.0,3,1.0,0.0,2.0,1.0,0.0,2,22756.0
2640.0,36.0,0,1.0,9.0,3,0,3.0,4.0,1,4.0,3,7.0,0.0,2.0,1.0,1.0,2,23103.0
3170.0,32.0,0,1.0,7.0,2,0,4.0,4.0,1,5.0,0,3.0,0.0,5.0,1.0,3.0,2,22826.0
1731.0,38.0,0,3.0,8.0,2,1,2.0,4.0,1,3.0,1,4.0,0.0,5.0,1.0,1.0,2,20249.0
1308.0,38.0,1,3.0,8.0,3,0,3.0,5.0,1,3.0,1,3.0,1.0,3.0,0.0,0.0,2,20405.0
3533.0,38.0,1,1.0,20.0,3,1,3.0,4.0,1,3.0,1,3.0,0.0,1.0,0.0,1.0,2,22963.0
3631.0,39.0,0,1.0,7.0,2,1,3.0,4.0,1,3.0,1,2.0,0.0,5.0,1.0,1.0,2,23413.0
4134.0,37.0,1,1.0,12.0,2,1,4.0,4.0,1,4.0,3,2.0,0.0,1.0,1.0,2.0,2,24592.0
4603.0,21.0,1,1.0,11.0,1,1,3.0,4.0,0,5.0,3,3.0,0.0,3.0,1.0,1.0,1,21651.0
1652.0,41.0,1,3.0,26.0,3,0,3.0,3.0,0,4.0,2,2.0,1.0,4.0,0.0,1.0,1,18140.0
2199.0,35.0,1,1.0,31.0,3,0,2.0,3.0,3,3.0,1,2.0,1.0,3.0,0.0,1.0,3,25388.0
1517.0,37.0,1,1.0,25.0,2,1,3.0,3.0,0,4.0,1,5.0,0.0,4.0,0.0,1.0,1,18022.0
316.0,49.0,1,1.0,6.0,1,0,2.0,4.0,4,3.0,2,1.0,1.0,3.0,1.0,0.0,0,28964.0
2582.0,26.0,1,3.0,35.0,2,1,3.0,5.0,1,3.0,0,4.0,0.0,4.0,0.0,1.0,2,27317.0
3921.0,31.0,1,1.0,31.0,2,1,4.0,4.0,0,3.0,1,3.0,0.0,3.0,1.0,3.0,1,21371.0
390.0,43.0,1,1.0,18.0,2,1,2.0,4.0,4,4.0,1,2.0,0.0,3.0,0.0,1.0,0,29336.0
3066.0,33.0,1,3.0,20.0,2,1,4.0,4.0,1,3.0,1,4.0,0.0,2.0,0.0,1.0,2,23081.0
231.0,42.0,1,1.0,10.0,1,1,2.0,3.0,2,3.0,0,2.0,0.0,2.0,0.0,1.0,4,34232.0
86.0,23.0,1,3.0,8.0,1,1,3.0,3.0,0,5.0,1,4.0,0.0,3.0,1.0,1.0,1,17322.0
4227.0,34.0,0,1.0,12.0,2,0,4.0,4.0,3,4.0,1,8.0,0.0,3.0,1.0,2.0,3,30556.0
288.0,26.0,1,1.0,22.0,3,1,2.0,3.0,0,4.0,1,3.0,1.0,2.0,1.0,1.0,1,17373.0
2369.0,49.0,1,1.0,10.0,3,1,2.0,4.0,2,3.0,1,3.0,0.0,3.0,0.0,1.0,4,33711.0
4599.0,27.0,0,3.0,7.0,3,1,3.0,5.0,1,5.0,3,3.0,0.0,3.0,0.0,1.0,2,22972.0
4153.0,33.0,1,1.0,7.0,2,1,4.0,5.0,0,3.0,3,2.0,1.0,5.0,0.0,3.0,1,22408.0
3083.0,50.0,1,1.0,7.0,1,0,3.0,4.0,0,5.0,0,4.0,0.0,4.0,1.0,1.0,1,22258.0
4773.0,30.0,1,1.0,22.0,2,0,4.0,6.0,0,3.0,1,2.0,1.0,5.0,1.0,2.0,1,20846.0
3697.0,34.0,0,3.0,9.0,3,0,4.0,4.0,1,4.0,3,2.0,0.0,1.0,0.0,1.0,2,23825.0
453.0,26.0,0,2.0,23.0,2,0,2.0,3.0,0,3.0,1,1.0,1.0,5.0,0.0,1.0,1,17741.0
325.0,31.0,0,1.0,13.0,2,0,2.0,4.0,3,3.0,0,2.0,0.0,2.0,1.0,1.0,3,23943.0
4710.0,26.0,1,1.0,11.0,1,1,3.0,4.0,0,3.0,1,3.0,1.0,3.0,1.0,2.0,1,22369.0
2420.0,31.0,1,2.0,28.0,2,1,2.0,5.0,0,3.0,1,2.0,0.0,1.0,0.0,1.0,1,24852.0
3064.0,36.0,1,1.0,34.0,3,0,3.0,5.0,0,5.0,2,3.0,0.0,4.0,1.0,2.0,1,21237.0
1323.0,28.0,0,2.0,6.0,2,1,2.0,3.0,0,3.0,1,2.0,0.0,4.0,0.0,1.0,1,17706.0
270.0,55.0,1,1.0,6.0,3,1,2.0,3.0,2,5.0,2,1.0,1.0,2.0,1.0,0.0,4,34045.0
3954.0,36.0,1,1.0,11.0,2,1,4.0,4.0,0,3.0,1,3.0,0.0,4.0,1.0,2.0,1,20629.0
4235.0,32.0,1,3.0,14.0,3,1,4.0,4.0,1,3.0,1,6.0,0.0,1.0,0.0,1.0,2,26225.0
1730.0,32.0,0,1.0,13.0,2,1,3.0,1.0,0,4.0,1,2.0,0.0,1.0,0.0,1.0,1,17794.0
688.0,19.0,1,3.0,27.0,2,1,2.0,4.0,0,4.0,2,2.0,1.0,2.0,0.0,1.0,1,17121.0
4316.0,31.0,1,3.0,19.0,1,0,3.0,4.0,1,3.0,3,2.0,0.0,1.0,1.0,2.0,2,25255.0
106.0,50.0,0,1.0,6.0,2,0,3.0,3.0,2,4.0,0,4.0,1.0,2.0,0.0,2.0,4,33172.0
1357.0,42.0,1,1.0,12.0,3,1,2.0,3.0,3,5.0,1,1.0,0.0,3.0,1.0,0.0,3,28348.0
4075.0,28.0,0,1.0,16.0,3,1,3.0,4.0,0,4.0,1,8.0,0.0,3.0,1.0,2.0,1,20702.0
1337.0,28.0,1,3.0,9.0,3,0,3.0,3.0,0,4.0,1,2.0,0.0,1.0,1.0,0.0,1,17856.0
3222.0,47.0,1,1.0,15.0,2,0,4.0,5.0,1,5.0,1,2.0,1.0,2.0,1.0,3.0,2,23293.0
4777.0,34.0,1,2.0,9.0,2,1,4.0,4.0,0,3.0,1,3.0,0.0,1.0,1.0,3.0,1,22278.0
3916.0,38.0,1,1.0,9.0,2,1,4.0,5.0,0,3.0,2,8.0,1.0,3.0,0.0,3.0,1,20768.0
2794.0,43.0,1,2.0,9.0,1,1,3.0,4.0,0,3.0,1,2.0,1.0,4.0,1.0,1.0,1,21374.0
4326.0,47.0,1,1.0,25.0,3,0,3.0,4.0,1,3.0,1,4.0,0.0,5.0,1.0,2.0,2,23488.0
215.0,41.0,1,3.0,12.0,2,0,3.0,3.0,3,3.0,2,4.0,1.0,2.0,0.0,1.0,3,28591.0
2323.0,19.0,1,1.0,15.0,2,1,2.0,3.0,0,5.0,2,2.0,0.0,3.0,0.0,1.0,1,17552.0
3479.0,32.0,1,2.0,15.0,3,0,4.0,2.0,0,4.0,2,2.0,0.0,1.0,0.0,3.0,1,20787.0
4569.0,34.0,1,2.0,10.0,2,1,3.0,4.0,0,4.0,1,5.0,1.0,5.0,0.0,2.0,1,20955.0
1378.0,42.0,1,3.0,18.0,3,1,3.0,3.0,1,3.0,1,4.0,1.0,1.0,0.0,0.0,2,20087.0
2902.0,41.0,0,3.0,35.0,2,1,3.0,6.0,3,5.0,1,5.0,0.0,5.0,1.0,1.0,3,29610.0
4064.0,41.0,0,1.0,33.0,3,0,3.0,4.0,1,4.0,1,3.0,0.0,1.0,0.0,2.0,2,24283.0
2142.0,42.0,1,3.0,20.0,3,0,3.0,4.0,1,3.0,2,1.0,0.0,3.0,1.0,0.0,2,21244.0
2765.0,32.0,1,3.0,14.0,3,1,4.0,4.0,1,3.0,1,6.0,0.0,2.0,0.0,1.0,2,26225.0
1076.0,54.0,0,1.0,17.0,3,0,2.0,3.0,4,3.0,1,4.0,0.0,3.0,1.0,0.0,0,31032.0
2175.0,39.0,1,3.0,8.0,2,1,2.0,1.0,3,3.0,3,1.0,0.0,1.0,0.0,0.0,3,22880.0
3486.0,45.0,0,1.0,12.0,2,1,3.0,5.0,0,3.0,3,5.0,0.0,1.0,0.0,2.0,1,21840.0
1689.0,54.0,1,3.0,9.0,3,0,2.0,3.0,1,5.0,1,3.0,0.0,4.0,1.0,0.0,2,20940.0
3278.0,35.0,1,3.0,16.0,2,0,4.0,4.0,1,3.0,0,3.0,0.0,2.0,1.0,3.0,2,24392.0
3948.0,25.0,1,1.0,7.0,3,1,4.0,4.0,0,3.0,1,4.0,1.0,3.0,0.0,3.0,1,20971.0
753.0,39.0,0,1.0,28.0,3,0,2.0,3.0,3,5.0,3,2.0,1.0,5.0,1.0,0.0,3,25880.0
3072.0,38.0,1,3.0,23.0,3,1,4.0,5.0,1,3.0,1,6.0,0.0,5.0,1.0,3.0,2,25012.0
3375.0,31.0,0,1.0,16.0,3,0,4.0,4.0,1,3.0,3,2.0,1.0,3.0,1.0,3.0,2,23373.0
4650.0,49.0,1,1.0,11.0,2,1,4.0,5.0,3,3.0,2,2.0,0.0,5.0,1.0,1.0,3,29677.0
120.0,30.0,0,1.0,29.0,2,1,3.0,5.0,0,3.0,1,2.0,0.0,3.0,1.0,2.0,1,17613.0
4396.0,32.0,1,3.0,20.0,3,1,3.0,4.0,1,5.0,1,4.0,0.0,1.0,0.0,2.0,2,22911.0
2263.0,28.0,1,1.0,21.0,2,1,2.0,3.0,0,3.0,1,2.0,0.0,4.0,0.0,0.0,1,17207.0
1837.0,50.0,1,1.0,16.0,1,1,3.0,4.0,3,3.0,3,7.0,0.0,5.0,1.0,1.0,3,25496.0
2687.0,41.0,1,1.0,31.0,1,1,4.0,4.0,1,3.0,1,3.0,0.0,3.0,1.0,2.0,2,21997.0
1582.0,54.0,0,2.0,32.0,2,0,1.0,1.0,4,3.0,2,3.0,1.0,3.0,1.0,0.0,0,32328.0
4022.0,26.0,1,1.0,14.0,3,1,4.0,5.0,0,3.0,1,3.0,0.0,1.0,0.0,3.0,1,21567.0
3962.0,47.0,0,3.0,12.0,3,1,4.0,4.0,1,3.0,3,6.0,1.0,5.0,1.0,2.0,2,24450.0
4472.0,33.0,0,1.0,31.0,2,1,4.0,4.0,1,3.0,1,3.0,0.0,4.0,1.0,3.0,2,23987.0
833.0,27.0,1,1.0,12.0,2,1,2.0,4.0,0,3.0,0,2.0,0.0,2.0,1.0,1.0,1,17539.0
2786.0,32.0,1,1.0,14.0,3,0,3.0,4.0,3,3.0,3,3.0,1.0,4.0,1.0,2.0,3,25821.0
1631.0,27.0,0,1.0,15.0,3,1,2.0,3.0,0,4.0,1,7.0,0.0,3.0,1.0,1.0,1,17024.0
138.0,25.0,1,3.0,34.0,2,1,2.0,4.0,1,3.0,0,3.0,0.0,4.0,0.0,0.0,2,23639.0
2185.0,33.0,0,1.0,6.0,2,0,2.0,1.0,1,4.0,1,2.0,1.0,3.0,1.0,0.0,2,20488.0
4247.0,44.0,1,1.0,14.0,2,0,3.0,4.0,3,5.0,1,2.0,0.0,5.0,1.0,1.0,3,28663.0
4673.0,46.0,1,2.0,31.0,3,1,3.0,4.0,0,4.0,2,3.0,0.0,4.0,0.0,2.0,1,20855.0
4178.0,29.0,1,1.0,9.0,2,1,4.0,4.0,0,3.0,3,4.0,0.0,4.0,0.0,2.0,1,22163.0
4097.0,51.0,1,1.0,7.0,3,1,3.0,5.0,0,3.0,1,4.0,0.0,3.0,1.0,1.0,1,22368.0
4766.0,30.0,1,1.0,13.0,3,0,3.0,4.0,0,3.0,1,3.0,0.0,3.0,0.0,2.0,1,21809.0
944.0,28.0,0,1.0,6.0,2,0,2.0,5.0,1,3.0,0,1.0,0.0,3.0,1.0,0.0,2,21674.0
4296.0,27.0,0,1.0,10.0,1,1,4.0,4.0,0,5.0,3,2.0,0.0,3.0,0.0,2.0,1,21780.0
3052.0,56.0,1,3.0,9.0,3,1,3.0,4.0,1,3.0,3,6.0,0.0,2.0,0.0,2.0,2,23838.0
87.0,51.0,1,1.0,15.0,2,1,3.0,3.0,0,3.0,0,4.0,0.0,3.0,1.0,0.0,1,17075.0
682.0,32.0,0,1.0,6.0,2,0,3.0,4.0,0,4.0,0,7.0,0.0,3.0,1.0,0.0,1,17332.0
1239.0,31.0,0,1.0,30.0,1,0,1.0,3.0,1,3.0,2,3.0,0.0,1.0,1.0,0.0,2,20238.0
1462.0,39.0,1,3.0,30.0,3,0,2.0,4.0,4,3.0,1,1.0,0.0,1.0,1.0,1.0,0,27031.0
2236.0,50.0,1,1.0,8.0,3,1,3.0,3.0,2,3.0,1,3.0,1.0,1.0,1.0,2.0,4,34237.0
1964.0,34.0,1,3.0,20.0,1,0,2.0,3.0,0,3.0,1,2.0,1.0,5.0,1.0,0.0,1,17579.0
2755.0,46.0,0,1.0,14.0,2,1,4.0,4.0,3,5.0,1,3.0,0.0,2.0,1.0,3.0,3,23888.0
1327.0,46.0,1,3.0,9.0,1,0,2.0,1.0,4,5.0,1,3.0,0.0,3.0,1.0,0.0,0,28225.0
3860.0,39.0,1,3.0,7.0,2,1,3.0,4.0,1,4.0,1,2.0,0.0,4.0,1.0,2.0,2,23118.0
567.0,34.0,1,3.0,8.0,2,1,2.0,3.0,1,3.0,2,2.0,0.0,5.0,0.0,0.0,2,21274.0
101.0,32.0,1,1.0,6.0,2,1,3.0,3.0,0,5.0,2,2.0,0.0,2.0,0.0,2.0,1,17956.0
655.0,33.0,1,2.0,9.0,2,1,2.0,3.0,0,4.0,1,4.0,1.0,5.0,0.0,1.0,1,17277.0
1139.0,32.0,1,1.0,11.0,2,0,2.0,1.0,0,3.0,1,4.0,0.0,5.0,1.0,1.0,1,18312.0
2536.0,31.0,1,3.0,11.0,3,0,4.0,5.0,1,4.0,1,3.0,1.0,3.0,1.0,2.0,2,23887.0
2817.0,28.0,1,1.0,7.0,3,1,3.0,4.0,0,4.0,1,3.0,0.0,3.0,0.0,1.0,1,22494.0
4159.0,32.0,0,1.0,10.0,3,1,4.0,4.0,3,3.0,1,2.0,0.0,4.0,1.0,1.0,3,32353.0
3938.0,35.0,1,1.0,13.0,3,1,3.0,4.0,0,5.0,3,4.0,0.0,4.0,0.0,1.0,1,21638.0
2405.0,32.0,0,1.0,9.0,2,0,2.0,3.0,0,3.0,2,2.0,0.0,4.0,1.0,0.0,1,21209.0
333.0,43.0,1,1.0,13.0,2,0,2.0,3.0,3,5.0,0,1.0,0.0,5.0,1.0,0.0,3,24985.0
3569.0,30.0,0,1.0,9.0,2,1,3.0,4.0,1,3.0,1,3.0,0.0,3.0,0.0,1.0,2,27531.0
471.0,38.0,1,1.0,16.0,3,0,3.0,3.0,1,3.0,0,4.0,0.0,3.0,1.0,2.0,2,24824.0
383.0,22.0,1,1.0,17.0,3,0,2.0,3.0,0,4.0,0,2.0,0.0,2.0,1.0,0.0,1,17244.0
213.0,51.0,1,1.0,14.0,2,1,2.0,4.0,3,4.0,0,6.0,0.0,3.0,1.0,1.0,3,27490.0
4307.0,35.0,0,3.0,11.0,3,0,4.0,4.0,1,3.0,1,2.0,0.0,1.0,0.0,1.0,2,25216.0
268.0,45.0,1,1.0,26.0,3,1,3.0,3.0,4,3.0,0,1.0,1.0,3.0,0.0,0.0,0,28496.0
4382.0,53.0,1,1.0,13.0,1,1,4.0,4.0,1,5.0,1,5.0,1.0,4.0,1.0,2.0,2,24255.0
869.0,46.0,1,1.0,21.0,2,1,2.0,3.0,2,4.0,0,6.0,0.0,3.0,1.0,1.0,4,34081.0
4751.0,41.0,0,1.0,16.0,3,0,3.0,4.0,3,3.0,2,2.0,0.0,4.0,1.0,2.0,3,32177.0
672.0,42.0,1,3.0,20.0,3,0,3.0,4.0,1,3.0,2,1.0,0.0,3.0,0.0,0.0,2,21244.0
3161.0,28.0,1,1.0,23.0,1,0,3.0,4.0,0,4.0,0,2.0,0.0,2.0,1.0,1.0,1,21489.0
1111.0,53.0,1,1.0,8.0,1,0,3.0,4.0,3,3.0,1,1.0,0.0,5.0,1.0,2.0,3,25169.0
3150.0,41.0,0,3.0,31.0,2,0,4.0,2.0,4,4.0,2,6.0,1.0,3.0,1.0,3.0,0,31872.0
467.0,37.0,0,3.0,15.0,3,1,3.0,3.0,3,4.0,1,2.0,0.0,2.0,1.0,0.0,3,23834.0
552.0,56.0,1,1.0,15.0,3,1,2.0,3.0,4,3.0,0,1.0,0.0,4.0,0.0,0.0,0,26103.0
2532.0,31.0,1,1.0,9.0,2,1,3.0,5.0,1,3.0,0,3.0,0.0,4.0,1.0,1.0,2,22830.0
652.0,37.0,0,3.0,25.0,3,1,2.0,3.0,3,4.0,3,2.0,1.0,5.0,0.0,0.0,3,22642.0
4180.0,32.0,1,1.0,30.0,3,1,4.0,5.0,1,3.0,1,2.0,0.0,3.0,0.0,2.0,2,24260.0
2391.0,28.0,1,1.0,14.0,2,0,2.0,4.0,0,4.0,2,2.0,0.0,4.0,0.0,1.0,1,17154.0
1426.0,32.0,1,1.0,35.0,2,0,2.0,4.0,0,4.0,2,2.0,0.0,3.0,1.0,0.0,1,17837.0
3942.0,45.0,1,1.0,14.0,3,0,3.0,5.0,3,3.0,1,5.0,0.0,4.0,0.0,1.0,3,28926.0
2932.0,43.0,1,1.0,9.0,2,0,3.0,4.0,1,3.0,0,3.0,0.0,2.0,1.0,1.0,2,22767.0
2541.0,29.0,0,3.0,11.0,3,1,3.0,4.0,1,3.0,0,3.0,0.0,2.0,1.0,1.0,2,22899.0
4203.0,29.0,1,1.0,15.0,2,0,4.0,4.0,0,3.0,3,3.0,0.0,4.0,1.0,2.0,1,21988.0
1115.0,34.0,1,1.0,13.0,3,1,2.0,3.0,0,3.0,2,2.0,0.0,1.0,0.0,1.0,1,17972.0
1064.0,30.0,1,2.0,6.0,2,1,2.0,3.0,0,3.0,1,1.0,0.0,1.0,0.0,1.0,1,17064.0
3326.0,37.0,1,1.0,7.0,1,0,4.0,6.0,3,5.0,1,4.0,1.0,2.0,1.0,3.0,3,28930.0
3759.0,37.0,1,1.0,9.0,2,0,4.0,4.0,1,4.0,1,6.0,1.0,4.0,0.0,1.0,2,25640.0
3457.0,31.0,1,3.0,14.0,3,0,4.0,4.0,1,5.0,1,2.0,0.0,3.0,1.0,1.0,2,23457.0
160.0,22.0,1,1.0,25.0,3,1,3.0,3.0,0,3.0,0,2.0,0.0,2.0,0.0,1.0,1,17323.0
3892.0,42.0,1,3.0,10.0,2,1,3.0,5.0,1,4.0,1,4.0,0.0,3.0,0.0,2.0,2,27616.0
873.0,36.0,1,1.0,12.0,2,1,2.0,5.0,0,3.0,1,2.0,0.0,2.0,0.0,0.0,1,17741.0
4285.0,30.0,1,1.0,30.0,2,1,3.0,4.0,0,3.0,2,2.0,0.0,3.0,0.0,1.0,1,20879.0
3832.0,33.0,0,1.0,22.0,3,0,3.0,4.0,1,3.0,1,7.0,0.0,3.0,0.0,2.0,2,25345.0
640.0,24.0,0,1.0,10.0,2,1,2.0,4.0,0,3.0,0,1.0,0.0,3.0,0.0,0.0,1,18162.0
1061.0,24.0,0,3.0,19.0,2,0,3.0,3.0,0,4.0,0,2.0,0.0,1.0,0.0,0.0,1,17033.0
3935.0,37.0,1,3.0,16.0,2,1,3.0,5.0,0,5.0,3,2.0,0.0,1.0,0.0,1.0,1,22085.0
4418.0,46.0,0,3.0,33.0,2,0,4.0,4.0,1,5.0,1,4.0,0.0,1.0,0.0,3.0,2,22964.0
1124.0,39.0,1,3.0,12.0,3,1,2.0,1.0,3,3.0,1,3.0,0.0,4.0,1.0,1.0,3,23237.0
3280.0,30.0,1,3.0,30.0,2,0,3.0,5.0,3,5.0,0,3.0,0.0,3.0,0.0,1.0,3,26014.0
723.0,46.0,1,1.0,13.0,3,1,3.0,3.0,3,3.0,1,7.0,0.0,2.0,0.0,2.0,3,25845.0
4839.0,43.0,0,1.0,8.0,2,0,4.0,2.0,3,4.0,2,3.0,0.0,3.0,1.0,1.0,3,21050.0
879.0,60.0,1,3.0,13.0,3,1,2.0,1.0,1,3.0,1,1.0,1.0,5.0,0.0,0.0,2,20220.0
3594.0,36.0,1,1.0,25.0,2,1,3.0,2.0,1,5.0,1,3.0,0.0,3.0,0.0,2.0,2,23886.0
797.0,26.0,1,1.0,27.0,3,1,2.0,3.0,0,3.0,1,2.0,0.0,5.0,1.0,1.0,1,17377.0
1167.0,35.0,1,3.0,21.0,3,1,2.0,5.0,1,3.0,1,7.0,1.0,1.0,1.0,1.0,2,20440.0
2374.0,48.0,1,1.0,21.0,3,0,3.0,3.0,3,3.0,1,2.0,0.0,3.0,0.0,0.0,3,33265.0
4699.0,41.0,1,1.0,27.0,1,1,4.0,4.0,3,3.0,1,6.0,0.0,3.0,1.0,2.0,3,29000.0
4590.0,36.0,1,1.0,28.0,2,0,3.0,4.0,1,3.0,1,3.0,1.0,3.0,0.0,1.0,2,22692.0
2441.0,51.0,1,3.0,16.0,2,0,3.0,3.0,3,4.0,1,6.0,0.0,1.0,1.0,2.0,3,28142.0
4656.0,51.0,1,1.0,16.0,2,1,4.0,4.0,0,3.0,1,6.0,0.0,5.0,1.0,3.0,1,21058.0
3131.0,37.0,1,1.0,9.0,3,1,4.0,4.0,0,3.0,2,6.0,0.0,5.0,1.0,1.0,1,21197.0
3019.0,55.0,1,1.0,26.0,3,0,4.0,4.0,1,5.0,1,2.0,1.0,3.0,0.0,1.0,2,24163.0
1485.0,29.0,1,1.0,27.0,2,0,2.0,1.0,3,5.0,1,2.0,0.0,5.0,1.0,1.0,3,24980.0
400.0,39.0,0,1.0,6.0,2,1,2.0,3.0,2,3.0,1,2.0,1.0,3.0,0.0,1.0,4,34197.0
1538.0,35.0,0,1.0,6.0,3,1,3.0,3.0,0,5.0,1,5.0,0.0,1.0,0.0,1.0,1,17194.0
3610.0,49.0,0,1.0,11.0,3,1,3.0,5.0,4,3.0,1,4.0,0.0,5.0,1.0,2.0,0,33880.0
158.0,40.0,1,3.0,10.0,3,1,3.0,4.0,3,3.0,0,1.0,0.0,2.0,1.0,0.0,3,25855.0
3905.0,51.0,1,3.0,35.0,3,1,3.0,5.0,3,5.0,1,6.0,1.0,5.0,0.0,1.0,3,29532.0
514.0,33.0,0,1.0,9.0,2,1,3.0,3.0,0,5.0,2,2.0,1.0,5.0,1.0,2.0,1,18348.0
3127.0,26.0,1,3.0,26.0,3,1,3.0,5.0,0,4.0,0,3.0,1.0,2.0,0.0,1.0,1,21091.0
3811.0,28.0,1,1.0,9.0,1,1,3.0,4.0,0,4.0,1,3.0,0.0,4.0,1.0,2.0,1,20904.0
3913.0,35.0,1,1.0,15.0,3,1,3.0,2.0,1,3.0,1,4.0,0.0,3.0,0.0,2.0,2,23082.0
1380.0,35.0,1,3.0,24.0,3,1,3.0,3.0,1,5.0,1,1.0,0.0,3.0,0.0,0.0,2,17144.0
1332.0,29.0,0,1.0,30.0,2,1,3.0,4.0,0,3.0,2,2.0,1.0,3.0,1.0,2.0,1,17439.0
3858.0,48.0,1,1.0,32.0,3,1,3.0,4.0,3,3.0,3,4.0,0.0,3.0,1.0,1.0,3,27311.0
659.0,28.0,1,3.0,11.0,3,1,3.0,3.0,1,3.0,2,2.0,0.0,3.0,1.0,0.0,2,19908.0
4042.0,23.0,1,1.0,9.0,1,1,4.0,4.0,0,3.0,1,2.0,0.0,5.0,1.0,1.0,1,21201.0
4473.0,39.0,1,1.0,9.0,3,1,4.0,4.0,0,3.0,1,8.0,1.0,4.0,0.0,3.0,1,21735.0
1370.0,47.0,0,1.0,20.0,1,1,3.0,3.0,1,4.0,1,1.0,0.0,3.0,0.0,2.0,2,20467.0
1074.0,33.0,1,1.0,14.0,2,1,3.0,3.0,1,3.0,3,3.0,1.0,3.0,0.0,2.0,2,21388.0
4376.0,35.0,1,3.0,28.0,2,1,4.0,2.0,1,3.0,3,3.0,0.0,3.0,0.0,1.0,2,24015.0
3441.0,28.0,1,1.0,24.0,2,0,3.0,4.0,0,3.0,2,3.0,1.0,5.0,1.0,1.0,1,21072.0
511.0,36.0,1,1.0,15.0,3,1,2.0,4.0,1,4.0,1,3.0,1.0,4.0,1.0,0.0,2,23847.0
4726.0,44.0,0,1.0,34.0,2,0,3.0,4.0,3,5.0,1,2.0,0.0,4.0,1.0,1.0,3,29498.0
671.0,34.0,1,1.0,16.0,2,1,2.0,3.0,0,4.0,1,2.0,0.0,2.0,1.0,0.0,1,17008.0
4273.0,37.0,0,3.0,10.0,3,1,3.0,5.0,3,3.0,1,6.0,0.0,1.0,0.0,1.0,3,28377.0
4210.0,19.0,1,1.0,10.0,3,1,3.0,4.0,0,3.0,2,3.0,0.0,4.0,1.0,1.0,1,20098.0
1903.0,46.0,1,3.0,16.0,3,0,3.0,4.0,3,3.0,1,3.0,1.0,1.0,0.0,0.0,3,24071.0
4260.0,42.0,1,1.0,13.0,3,1,4.0,5.0,1,4.0,3,8.0,1.0,3.0,1.0,3.0,2,24710.0
278.0,26.0,0,1.0,6.0,2,0,2.0,3.0,1,4.0,1,2.0,0.0,5.0,0.0,1.0,2,21397.0
3513.0,29.0,1,1.0,7.0,2,1,4.0,5.0,0,3.0,1,3.0,0.0,4.0,0.0,2.0,1,20241.0
4317.0,42.0,1,3.0,7.0,3,1,3.0,2.0,3,5.0,1,3.0,0.0,3.0,1.0,2.0,3,27070.0
365.0,46.0,0,1.0,13.0,3,0,1.0,3.0,1,3.0,0,3.0,0.0,5.0,0.0,0.0,2,20258.0
1657.0,55.0,1,1.0,20.0,3,1,3.0,1.0,2,4.0,2,1.0,0.0,1.0,1.0,1.0,4,33722.0
4352.0,36.0,1,1.0,23.0,2,1,4.0,4.0,3,3.0,1,6.0,1.0,1.0,0.0,1.0,3,26310.0
1221.0,45.0,0,1.0,6.0,2,1,3.0,4.0,3,3.0,1,4.0,0.0,1.0,1.0,2.0,3,25748.0
4743.0,34.0,1,3.0,16.0,3,0,4.0,4.0,1,5.0,3,2.0,1.0,3.0,0.0,1.0,2,26902.0
2950.0,38.0,1,1.0,10.0,2,1,3.0,4.0,3,3.0,0,3.0,0.0,2.0,1.0,1.0,3,28112.0
1184.0,54.0,1,1.0,28.0,3,0,3.0,3.0,4,3.0,1,4.0,0.0,1.0,1.0,1.0,0,32426.0
2534.0,41.0,0,1.0,7.0,2,1,4.0,5.0,4,4.0,0,3.0,0.0,2.0,1.0,3.0,0,32181.0
1293.0,43.0,0,1.0,15.0,2,1,2.0,3.0,0,3.0,2,5.0,0.0,3.0,0.0,1.0,1,17438.0
4431.0,26.0,1,3.0,15.0,2,1,3.0,2.0,1,4.0,1,2.0,0.0,4.0,1.0,1.0,2,23529.0
4488.0,35.0,1,1.0,7.0,2,0,4.0,2.0,0,3.0,3,4.0,0.0,1.0,1.0,2.0,1,21958.0
1916.0,41.0,0,3.0,16.0,2,1,2.0,3.0,1,3.0,2,1.0,0.0,1.0,0.0,1.0,2,21230.0
1599.0,49.0,1,1.0,26.0,3,0,3.0,3.0,1,5.0,1,2.0,0.0,1.0,1.0,0.0,2,21567.0
3341.0,60.0,1,3.0,10.0,2,0,3.0,5.0,1,3.0,3,7.0,0.0,3.0,0.0,1.0,2,23849.0
3752.0,39.0,1,3.0,9.0,3,0,4.0,6.0,1,3.0,1,4.0,1.0,3.0,0.0,1.0,2,24083.0
82.0,55.0,1,3.0,6.0,2,1,3.0,3.0,3,3.0,0,4.0,0.0,2.0,0.0,1.0,3,25239.0
4513.0,37.0,1,2.0,20.0,2,1,3.0,4.0,0,4.0,1,6.0,0.0,3.0,1.0,2.0,1,20821.0
2805.0,41.0,1,1.0,17.0,2,0,3.0,3.0,0,3.0,0,5.0,1.0,3.0,0.0,2.0,1,20891.0
3219.0,44.0,1,3.0,32.0,3,1,4.0,5.0,3,3.0,1,7.0,0.0,4.0,1.0,2.0,3,29476.0
1993.0,50.0,1,1.0,34.0,3,1,3.0,1.0,0,3.0,1,2.0,1.0,1.0,0.0,1.0,1,18221.0
4055.0,46.0,1,1.0,36.0,3,1,3.0,4.0,0,3.0,3,7.0,0.0,1.0,1.0,1.0,1,22130.0
4617.0,39.0,0,3.0,17.0,1,0,3.0,4.0,1,3.0,3,3.0,1.0,3.0,1.0,1.0,2,24344.0
1444.0,56.0,1,1.0,13.0,1,1,3.0,3.0,0,3.0,1,1.0,0.0,4.0,1.0,2.0,1,17339.0
4748.0,35.0,1,3.0,16.0,2,0,4.0,4.0,1,3.0,1,3.0,0.0,1.0,0.0,1.0,2,24392.0
2632.0,35.0,0,1.0,9.0,2,1,3.0,5.0,1,3.0,0,3.0,0.0,4.0,0.0,1.0,2,28225.0
1949.0,24.0,0,1.0,13.0,2,0,2.0,3.0,0,3.0,1,2.0,1.0,4.0,0.0,0.0,1,17886.0
2491.0,38.0,1,1.0,26.0,2,1,4.0,4.0,0,4.0,0,6.0,0.0,4.0,1.0,2.0,1,21700.0
926.0,43.0,1,3.0,10.0,3,0,2.0,4.0,3,3.0,3,4.0,0.0,3.0,1.0,0.0,3,25231.0
456.0,31.0,1,3.0,13.0,2,1,2.0,4.0,3,3.0,1,1.0,0.0,3.0,1.0,0.0,3,26557.0
3828.0,35.0,1,3.0,7.0,3,1,3.0,4.0,3,3.0,3,3.0,0.0,5.0,1.0,1.0,3,28566.0
3332.0,36.0,0,3.0,15.0,3,0,4.0,5.0,3,3.0,0,6.0,1.0,5.0,1.0,3.0,3,29055.0
2926.0,32.0,1,3.0,20.0,3,1,3.0,4.0,1,5.0,1,4.0,0.0,2.0,0.0,1.0,2,22911.0
2034.0,45.0,1,3.0,8.0,1,1,2.0,5.0,1,3.0,3,1.0,0.0,5.0,1.0,1.0,2,21632.0
758.0,59.0,1,3.0,6.0,1,1,3.0,3.0,3,3.0,0,4.0,1.0,2.0,0.0,1.0,3,26904.0
1063.0,29.0,1,3.0,25.0,2,1,3.0,4.0,1,3.0,1,2.0,0.0,4.0,1.0,0.0,2,23620.0
4304.0,44.0,1,1.0,19.0,2,1,3.0,5.0,4,4.0,1,3.0,0.0,3.0,1.0,2.0,0,33014.0
3836.0,36.0,1,3.0,14.0,2,0,3.0,4.0,1,3.0,1,3.0,1.0,4.0,1.0,2.0,2,23882.0
3876.0,38.0,1,1.0,17.0,2,0,3.0,2.0,3,3.0,1,3.0,1.0,1.0,0.0,2.0,3,32422.0
534.0,53.0,1,1.0,13.0,2,1,2.0,2.0,4,3.0,0,4.0,0.0,2.0,0.0,0.0,0,29814.0
3769.0,43.0,1,1.0,15.0,2,1,3.0,4.0,0,3.0,3,6.0,0.0,1.0,1.0,2.0,1,22646.0
847.0,34.0,0,1.0,6.0,3,1,3.0,4.0,1,5.0,2,1.0,0.0,2.0,1.0,2.0,2,20343.0
1918.0,40.0,1,1.0,12.0,2,0,3.0,3.0,4,3.0,3,1.0,0.0,5.0,1.0,0.0,0,28237.0
3230.0,28.0,0,1.0,15.0,2,1,3.0,6.0,0,3.0,0,3.0,0.0,2.0,1.0,2.0,1,23299.0
614.0,26.0,0,1.0,11.0,3,0,2.0,4.0,0,3.0,0,2.0,1.0,2.0,0.0,1.0,1,17366.0
2820.0,52.0,1,3.0,21.0,2,0,3.0,4.0,1,3.0,0,6.0,0.0,3.0,0.0,2.0,2,23614.0
1355.0,36.0,1,3.0,23.0,3,1,2.0,4.0,1,4.0,1,3.0,0.0,4.0,1.0,0.0,2,20507.0
645.0,29.0,1,3.0,6.0,3,0,2.0,4.0,0,3.0,1,7.0,1.0,2.0,0.0,1.0,1,17800.0
1264.0,55.0,1,1.0,8.0,3,1,2.0,4.0,2,5.0,1,1.0,0.0,5.0,0.0,1.0,4,34038.0
4067.0,46.0,1,1.0,16.0,2,1,3.0,4.0,1,4.0,1,2.0,0.0,4.0,1.0,1.0,2,21026.0
2841.0,26.0,1,3.0,11.0,2,0,3.0,5.0,1,3.0,3,3.0,1.0,2.0,0.0,2.0,2,23165.0
1785.0,43.0,0,1.0,16.0,2,0,2.0,3.0,0,3.0,2,1.0,0.0,5.0,0.0,0.0,1,17455.0
4527.0,35.0,1,2.0,10.0,2,1,3.0,4.0,0,3.0,1,2.0,0.0,1.0,1.0,1.0,1,22415.0
1838.0,40.0,1,3.0,28.0,3,1,3.0,4.0,1,3.0,1,3.0,1.0,3.0,1.0,0.0,2,21380.0
1326.0,32.0,1,3.0,8.0,3,1,2.0,4.0,1,4.0,3,1.0,1.0,1.0,1.0,0.0,2,24907.0
646.0,53.0,1,3.0,14.0,3,1,3.0,3.0,4,3.0,0,6.0,0.0,3.0,0.0,2.0,0,26836.0
2912.0,53.0,1,1.0,13.0,1,1,4.0,4.0,1,5.0,1,5.0,1.0,4.0,1.0,3.0,2,24255.0
3933.0,39.0,1,1.0,9.0,2,1,3.0,4.0,0,3.0,3,7.0,1.0,1.0,0.0,1.0,1,22622.0
1983.0,20.0,1,1.0,16.0,3,1,2.0,3.0,0,3.0,2,2.0,1.0,5.0,1.0,1.0,1,16009.0
2833.0,38.0,1,1.0,17.0,2,1,3.0,4.0,1,4.0,3,4.0,1.0,5.0,0.0,2.0,2,22875.0
1945.0,26.0,1,3.0,34.0,3,1,3.0,3.0,1,4.0,1,2.0,0.0,3.0,0.0,0.0,2,21272.0
2.0,37.0,1,1.0,8.0,0,1,3.0,4.0,0,3.0,2,7.0,1.0,3.0,0.0,0.0,1,17090.0
3266.0,35.0,0,1.0,9.0,2,1,4.0,4.0,1,3.0,3,4.0,0.0,4.0,1.0,3.0,2,22711.0
3090.0,54.0,1,3.0,15.0,3,1,4.0,4.0,4,3.0,0,7.0,0.0,3.0,0.0,3.0,0,30514.0
1128.0,36.0,0,1.0,12.0,2,1,3.0,1.0,1,5.0,1,4.0,1.0,4.0,1.0,1.0,2,20562.0
343.0,29.0,1,3.0,16.0,3,0,2.0,4.0,1,4.0,1,2.0,1.0,5.0,0.0,1.0,2,23268.0
4169.0,26.0,1,1.0,7.0,2,0,4.0,4.0,1,3.0,1,2.0,0.0,3.0,1.0,2.0,2,23576.0
3459.0,35.0,0,1.0,7.0,2,1,4.0,4.0,0,5.0,1,7.0,0.0,1.0,1.0,3.0,1,21674.0
2854.0,31.0,1,1.0,9.0,2,0,3.0,6.0,1,3.0,3,4.0,0.0,2.0,0.0,2.0,2,24769.0
1043.0,53.0,1,1.0,8.0,3,1,2.0,1.0,4,4.0,2,5.0,0.0,1.0,1.0,0.0,0,31598.0
600.0,32.0,1,1.0,10.0,2,0,3.0,4.0,1,3.0,0,2.0,0.0,4.0,1.0,0.0,2,21162.0
3195.0,51.0,0,3.0,7.0,2,0,4.0,4.0,1,3.0,0,2.0,0.0,2.0,1.0,2.0,2,25025.0
2177.0,47.0,0,1.0,22.0,3,1,3.0,1.0,1,3.0,1,2.0,1.0,1.0,1.0,0.0,2,20067.0
913.0,45.0,1,3.0,8.0,3,0,3.0,5.0,2,4.0,2,3.0,1.0,5.0,0.0,2.0,4,33824.0
4404.0,39.0,1,1.0,7.0,2,0,3.0,4.0,0,5.0,3,5.0,0.0,1.0,0.0,2.0,1,21297.0
3247.0,35.0,0,1.0,10.0,2,1,3.0,5.0,0,3.0,0,5.0,0.0,2.0,1.0,1.0,1,21657.0
495.0,27.0,1,3.0,8.0,3,1,2.0,3.0,0,5.0,1,1.0,0.0,5.0,0.0,1.0,1,18041.0
3299.0,38.0,1,1.0,7.0,2,0,3.0,5.0,1,3.0,0,3.0,0.0,2.0,1.0,2.0,2,25152.0
4719.0,46.0,0,3.0,16.0,2,0,4.0,5.0,1,3.0,1,3.0,0.0,3.0,1.0,3.0,2,24271.0
3799.0,37.0,1,3.0,24.0,3,1,3.0,5.0,1,4.0,1,4.0,0.0,4.0,1.0,1.0,2,24185.0
4736.0,35.0,0,1.0,9.0,2,1,4.0,4.0,1,3.0,3,4.0,0.0,4.0,1.0,2.0,2,22711.0
752.0,36.0,1,1.0,22.0,2,0,2.0,1.0,0,5.0,2,2.0,0.0,2.0,1.0,0.0,1,17743.0
2302.0,37.0,1,1.0,31.0,3,0,2.0,4.0,1,3.0,1,1.0,0.0,3.0,1.0,0.0,2,20731.0
2866.0,20.0,1,2.0,9.0,1,1,3.0,5.0,0,3.0,2,3.0,0.0,3.0,1.0,2.0,1,21242.0
1591.0,33.0,0,3.0,28.0,3,1,3.0,3.0,1,4.0,1,1.0,0.0,1.0,0.0,0.0,2,21146.0
993.0,25.0,1,3.0,24.0,2,1,3.0,1.0,1,3.0,0,3.0,0.0,1.0,0.0,0.0,2,21232.0
388.0,42.0,1,1.0,6.0,2,0,3.0,3.0,0,5.0,1,4.0,0.0,3.0,1.0,1.0,1,17576.0
4727.0,40.0,0,1.0,9.0,2,1,3.0,4.0,4,3.0,1,2.0,0.0,3.0,1.0,1.0,0,30847.0
4148.0,34.0,1,1.0,21.0,3,1,3.0,4.0,0,3.0,1,7.0,1.0,1.0,1.0,2.0,1,21114.0
2797.0,38.0,1,1.0,13.0,3,1,3.0,3.0,1,5.0,1,6.0,1.0,3.0,1.0,2.0,2,24652.0
2600.0,52.0,1,1.0,14.0,3,1,3.0,5.0,1,3.0,0,4.0,0.0,3.0,1.0,2.0,2,24810.0
1778.0,58.0,0,1.0,6.0,2,1,2.0,5.0,1,3.0,1,3.0,1.0,1.0,1.0,1.0,2,20660.0
4127.0,52.0,1,1.0,15.0,2,1,3.0,5.0,3,4.0,1,7.0,0.0,3.0,1.0,2.0,3,31168.0
1483.0,34.0,1,1.0,25.0,3,1,3.0,3.0,0,3.0,1,1.0,0.0,3.0,0.0,0.0,1,17661.0
3608.0,41.0,1,1.0,23.0,2,0,3.0,4.0,3,3.0,3,8.0,1.0,4.0,1.0,1.0,3,26623.0
2073.0,45.0,1,1.0,8.0,2,0,3.0,4.0,0,3.0,2,2.0,0.0,3.0,1.0,0.0,1,17274.0
4278.0,38.0,1,1.0,17.0,3,0,4.0,4.0,0,5.0,1,8.0,0.0,1.0,1.0,3.0,1,22130.0
4150.0,34.0,1,1.0,9.0,2,0,3.0,4.0,0,5.0,1,2.0,0.0,3.0,1.0,2.0,1,21385.0
2863.0,31.0,0,1.0,10.0,2,1,3.0,4.0,0,3.0,0,6.0,0.0,3.0,0.0,2.0,1,20775.0
2649.0,30.0,1,3.0,34.0,3,0,3.0,4.0,3,3.0,0,3.0,0.0,3.0,1.0,2.0,3,26317.0
4231.0,53.0,1,1.0,15.0,3,1,3.0,5.0,1,4.0,1,4.0,0.0,1.0,1.0,1.0,2,23619.0
1596.0,58.0,1,1.0,29.0,3,0,3.0,3.0,3,3.0,1,2.0,0.0,3.0,1.0,0.0,3,25312.0
727.0,18.0,0,1.0,11.0,2,1,3.0,3.0,0,3.0,2,2.0,0.0,2.0,1.0,1.0,1,16051.0
2165.0,37.0,1,3.0,6.0,2,1,2.0,4.0,3,3.0,1,6.0,0.0,1.0,1.0,1.0,3,25609.0
1535.0,55.0,1,1.0,14.0,3,0,2.0,3.0,4,3.0,1,3.0,1.0,3.0,1.0,1.0,0,29756.0
3249.0,46.0,0,3.0,16.0,2,0,4.0,5.0,1,3.0,0,3.0,0.0,3.0,0.0,1.0,2,24271.0
2678.0,34.0,1,1.0,21.0,3,1,3.0,4.0,0,3.0,0,7.0,1.0,2.0,0.0,2.0,1,21114.0
536.0,60.0,1,3.0,22.0,3,1,2.0,3.0,1,5.0,2,1.0,0.0,4.0,1.0,0.0,2,20405.0
2397.0,36.0,1,2.0,15.0,1,0,2.0,3.0,0,3.0,1,2.0,0.0,1.0,1.0,0.0,1,20410.0
1704.0,33.0,1,1.0,20.0,3,1,2.0,3.0,0,3.0,1,6.0,1.0,1.0,1.0,1.0,1,17436.0
4455.0,37.0,0,1.0,15.0,2,0,4.0,2.0,3,5.0,1,2.0,0.0,3.0,0.0,2.0,3,30391.0
1176.0,49.0,1,1.0,28.0,2,0,3.0,3.0,4,4.0,1,4.0,0.0,4.0,0.0,1.0,0,31413.0
2695.0,40.0,0,1.0,9.0,1,0,4.0,4.0,3,3.0,2,2.0,0.0,2.0,1.0,2.0,3,29616.0
548.0,43.0,0,3.0,21.0,2,1,2.0,4.0,1,3.0,0,4.0,0.0,5.0,0.0,1.0,2,21804.0
2217.0,38.0,1,3.0,9.0,2,1,2.0,3.0,1,3.0,3,1.0,1.0,3.0,1.0,0.0,2,21861.0
1400.0,38.0,0,2.0,6.0,2,1,2.0,3.0,0,4.0,1,1.0,1.0,1.0,1.0,1.0,1,17991.0
423.0,30.0,0,3.0,28.0,2,0,3.0,3.0,3,5.0,0,1.0,0.0,2.0,1.0,0.0,3,23412.0
4021.0,26.0,1,3.0,12.0,3,1,3.0,5.0,1,3.0,3,3.0,1.0,3.0,0.0,2.0,2,24422.0
4336.0,20.0,1,2.0,9.0,1,1,3.0,5.0,0,3.0,2,3.0,0.0,3.0,0.0,1.0,1,21242.0
425.0,50.0,1,1.0,35.0,2,1,2.0,4.0,4,3.0,0,1.0,0.0,5.0,1.0,1.0,0,32046.0
4312.0,38.0,0,1.0,32.0,3,0,4.0,4.0,1,3.0,1,5.0,1.0,3.0,1.0,3.0,2,23127.0
3842.0,34.0,0,1.0,14.0,2,1,3.0,4.0,1,3.0,1,3.0,0.0,5.0,1.0,2.0,2,24646.0
1354.0,56.0,1,1.0,30.0,2,1,3.0,3.0,0,3.0,2,2.0,0.0,3.0,0.0,0.0,1,17587.0
4141.0,30.0,0,3.0,7.0,3,0,3.0,4.0,3,3.0,1,3.0,0.0,3.0,1.0,2.0,3,26596.0
1364.0,28.0,0,3.0,6.0,2,1,2.0,4.0,1,3.0,1,2.0,1.0,1.0,0.0,0.0,2,21834.0
2066.0,35.0,1,1.0,6.0,2,0,2.0,1.0,0,3.0,2,4.0,0.0,3.0,1.0,1.0,1,17506.0
1537.0,45.0,1,1.0,13.0,2,1,2.0,3.0,3,5.0,1,3.0,0.0,3.0,0.0,0.0,3,24724.0
3609.0,45.0,0,2.0,7.0,2,1,3.0,4.0,1,3.0,1,6.0,1.0,5.0,1.0,2.0,2,24421.0
2481.0,36.0,1,3.0,9.0,3,0,4.0,4.0,0,3.0,0,3.0,0.0,2.0,1.0,1.0,1,20692.0
3786.0,35.0,1,3.0,11.0,2,1,4.0,4.0,3,3.0,1,4.0,1.0,4.0,0.0,3.0,3,28391.0
251.0,39.0,0,1.0,8.0,1,0,3.0,3.0,3,3.0,3,1.0,0.0,2.0,1.0,1.0,3,25938.0
4131.0,30.0,1,1.0,7.0,1,1,3.0,4.0,0,3.0,2,2.0,0.0,1.0,0.0,1.0,1,20736.0
834.0,34.0,1,3.0,15.0,2,0,3.0,3.0,1,3.0,0,2.0,0.0,2.0,1.0,2.0,2,20714.0
1893.0,30.0,0,3.0,28.0,2,0,3.0,3.0,3,5.0,1,1.0,0.0,1.0,1.0,1.0,3,23412.0
2975.0,33.0,1,1.0,10.0,2,0,3.0,4.0,3,3.0,2,5.0,0.0,2.0,1.0,2.0,3,29837.0
274.0,21.0,1,1.0,9.0,3,1,3.0,4.0,0,3.0,2,2.0,0.0,5.0,1.0,1.0,1,18230.0
265.0,29.0,1,3.0,8.0,3,1,3.0,4.0,1,4.0,0,3.0,0.0,4.0,0.0,1.0,2,21644.0
2914.0,25.0,0,3.0,31.0,3,1,3.0,4.0,0,3.0,0,2.0,0.0,4.0,0.0,2.0,1,21078.0
2126.0,32.0,1,1.0,31.0,2,1,2.0,3.0,0,3.0,2,2.0,1.0,5.0,0.0,0.0,1,17795.0
2860.0,39.0,0,1.0,9.0,2,1,3.0,4.0,0,3.0,0,3.0,1.0,5.0,1.0,2.0,1,20380.0
2845.0,57.0,0,3.0,13.0,2,0,3.0,3.0,4,5.0,0,2.0,0.0,3.0,1.0,1.0,0,31890.0
1198.0,33.0,0,3.0,22.0,2,0,2.0,3.0,1,3.0,1,2.0,1.0,1.0,0.0,0.0,2,20368.0
658.0,44.0,1,1.0,15.0,2,1,3.0,3.0,0,5.0,0,2.0,1.0,3.0,1.0,0.0,1,17559.0
3387.0,47.0,1,2.0,7.0,2,0,3.0,4.0,0,5.0,3,8.0,0.0,5.0,1.0,1.0,1,22101.0
3888.0,57.0,1,1.0,14.0,1,1,4.0,4.0,0,3.0,1,2.0,0.0,4.0,1.0,3.0,1,21017.0
3514.0,29.0,0,3.0,14.0,2,1,3.0,4.0,1,5.0,3,2.0,0.0,3.0,1.0,2.0,2,23576.0
1590.0,30.0,0,1.0,29.0,2,1,3.0,5.0,0,3.0,1,2.0,0.0,3.0,0.0,0.0,1,17613.0
1763.0,26.0,1,3.0,10.0,3,1,2.0,4.0,1,3.0,2,2.0,1.0,1.0,1.0,0.0,2,20828.0
2006.0,60.0,1,3.0,22.0,3,1,2.0,3.0,1,5.0,2,1.0,0.0,4.0,1.0,1.0,2,20405.0
2171.0,53.0,1,3.0,8.0,3,1,2.0,3.0,4,3.0,1,7.0,0.0,3.0,1.0,0.0,0,29852.0
4859.0,51.0,0,3.0,19.0,2,1,3.0,4.0,1,3.0,2,5.0,1.0,3.0,1.0,2.0,2,35558.0
1574.0,37.0,0,1.0,8.0,2,1,3.0,4.0,1,3.0,1,6.0,0.0,1.0,1.0,2.0,2,20163.0
1216.0,43.0,1,3.0,8.0,3,1,3.0,3.0,1,3.0,1,2.0,1.0,3.0,0.0,0.0,2,22847.0
3900.0,36.0,0,1.0,25.0,2,1,4.0,4.0,1,3.0,1,3.0,1.0,3.0,1.0,1.0,2,24367.0
1003.0,25.0,1,1.0,6.0,1,1,2.0,3.0,0,3.0,0,5.0,0.0,5.0,1.0,1.0,1,18229.0
3589.0,37.0,1,1.0,19.0,2,0,4.0,4.0,1,3.0,1,2.0,1.0,1.0,0.0,3.0,2,23341.0
4275.0,41.0,1,1.0,17.0,2,0,3.0,2.0,0,3.0,1,5.0,1.0,3.0,0.0,2.0,1,20891.0
4164.0,38.0,0,1.0,17.0,3,1,4.0,4.0,3,3.0,1,8.0,0.0,3.0,0.0,3.0,3,28726.0
2494.0,49.0,1,1.0,7.0,2,1,4.0,5.0,3,3.0,3,2.0,1.0,5.0,0.0,3.0,3,24059.0
2991.0,43.0,0,1.0,26.0,3,1,3.0,3.0,0,3.0,1,8.0,1.0,3.0,1.0,2.0,1,21437.0
4560.0,54.0,1,3.0,15.0,3,1,4.0,4.0,4,3.0,1,7.0,0.0,3.0,1.0,1.0,0,30514.0
2204.0,22.0,1,1.0,14.0,2,1,3.0,5.0,0,5.0,1,2.0,0.0,1.0,0.0,1.0,1,17451.0
3508.0,31.0,1,2.0,7.0,2,1,3.0,4.0,0,3.0,1,2.0,0.0,1.0,0.0,2.0,1,20742.0
3713.0,44.0,1,2.0,9.0,2,1,4.0,4.0,0,3.0,3,2.0,0.0,1.0,0.0,1.0,1,22217.0
2702.0,52.0,1,1.0,7.0,2,1,4.0,4.0,0,3.0,0,3.0,0.0,4.0,1.0,1.0,1,21401.0
1042.0,44.0,0,1.0,11.0,2,1,2.0,4.0,0,3.0,2,4.0,0.0,1.0,0.0,1.0,1,18162.0
392.0,54.0,1,1.0,11.0,3,1,2.0,3.0,2,5.0,0,5.0,0.0,4.0,1.0,0.0,4,34406.0
121.0,33.0,0,3.0,28.0,3,1,3.0,3.0,1,4.0,0,1.0,0.0,2.0,0.0,1.0,2,21146.0
2279.0,28.0,1,1.0,9.0,3,0,3.0,3.0,3,4.0,1,1.0,0.0,4.0,0.0,0.0,3,22655.0
2137.0,41.0,1,1.0,8.0,2,0,2.0,5.0,0,3.0,1,5.0,1.0,3.0,0.0,1.0,1,17778.0
591.0,33.0,1,3.0,22.0,3,0,3.0,3.0,1,5.0,2,6.0,0.0,3.0,1.0,0.0,2,20324.0
303.0,31.0,1,3.0,13.0,1,1,3.0,2.0,1,3.0,0,5.0,0.0,2.0,1.0,0.0,2,21929.0
1547.0,45.0,1,1.0,12.0,2,1,2.0,3.0,3,5.0,1,5.0,1.0,3.0,1.0,1.0,3,28245.0
2277.0,38.0,1,3.0,16.0,3,1,3.0,4.0,3,3.0,1,1.0,1.0,3.0,1.0,1.0,3,23740.0
2730.0,45.0,0,1.0,31.0,2,1,3.0,4.0,0,3.0,1,5.0,1.0,5.0,0.0,2.0,1,21839.0
1204.0,48.0,0,3.0,13.0,3,0,3.0,3.0,0,3.0,1,3.0,1.0,4.0,1.0,1.0,1,17655.0
1885.0,34.0,0,3.0,12.0,3,0,2.0,5.0,0,3.0,1,1.0,0.0,4.0,0.0,1.0,1,17351.0
3521.0,30.0,1,1.0,7.0,1,1,4.0,5.0,0,5.0,2,8.0,0.0,3.0,0.0,3.0,1,21040.0
3810.0,40.0,0,3.0,28.0,2,0,3.0,6.0,1,3.0,1,8.0,0.0,5.0,0.0,1.0,2,24414.0
650.0,43.0,0,1.0,6.0,2,0,2.0,3.0,1,3.0,0,5.0,0.0,2.0,1.0,1.0,2,20562.0
407.0,45.0,1,1.0,16.0,2,1,3.0,3.0,0,3.0,0,4.0,0.0,5.0,1.0,0.0,1,17654.0
3463.0,37.0,1,3.0,23.0,3,0,4.0,5.0,1,5.0,0,6.0,0.0,5.0,1.0,1.0,2,24325.0
3621.0,51.0,1,1.0,24.0,2,0,3.0,5.0,3,5.0,1,7.0,0.0,3.0,1.0,1.0,3,31947.0
3735.0,38.0,1,1.0,17.0,3,1,3.0,4.0,1,5.0,3,3.0,0.0,4.0,0.0,1.0,2,22891.0
793.0,28.0,1,1.0,21.0,2,1,2.0,3.0,0,3.0,1,2.0,0.0,4.0,1.0,1.0,1,17207.0
3501.0,30.0,0,3.0,20.0,1,0,3.0,4.0,1,4.0,3,7.0,0.0,3.0,0.0,2.0,2,24443.0
3971.0,36.0,1,1.0,30.0,3,0,2.0,4.0,0,5.0,1,5.0,1.0,4.0,0.0,1.0,1,22692.0
1411.0,25.0,1,2.0,8.0,2,0,2.0,3.0,0,4.0,1,5.0,0.0,4.0,0.0,0.0,1,17187.0
2674.0,53.0,1,1.0,9.0,2,0,3.0,5.0,0,3.0,3,2.0,0.0,3.0,0.0,1.0,1,21890.0
2733.0,29.0,1,1.0,15.0,2,0,4.0,4.0,0,3.0,3,3.0,0.0,4.0,0.0,2.0,1,21988.0
4822.0,34.0,1,3.0,32.0,3,1,3.0,5.0,3,4.0,3,4.0,1.0,5.0,1.0,1.0,3,27058.0
1209.0,60.0,1,1.0,6.0,3,1,3.0,5.0,3,3.0,1,4.0,0.0,5.0,0.0,0.0,3,25883.0
1836.0,41.0,0,3.0,10.0,3,1,2.0,3.0,1,4.0,3,2.0,0.0,3.0,1.0,0.0,2,24355.0
3906.0,40.0,1,3.0,31.0,3,0,3.0,5.0,4,3.0,1,2.0,0.0,1.0,1.0,2.0,0,30709.0
4185.0,48.0,0,1.0,36.0,2,1,3.0,4.0,3,4.0,1,3.0,1.0,3.0,1.0,1.0,3,30527.0
2222.0,36.0,1,1.0,22.0,2,0,2.0,1.0,0,5.0,2,2.0,0.0,1.0,1.0,0.0,1,17743.0
3815.0,57.0,1,3.0,18.0,3,0,3.0,5.0,1,5.0,1,6.0,0.0,5.0,0.0,2.0,2,24058.0
2514.0,60.0,0,3.0,7.0,2,0,3.0,5.0,1,3.0,3,2.0,0.0,5.0,1.0,2.0,2,24151.0
4298.0,37.0,1,3.0,9.0,3,1,4.0,5.0,3,3.0,1,3.0,0.0,1.0,1.0,2.0,3,26274.0
3771.0,47.0,1,3.0,10.0,1,0,3.0,2.0,4,5.0,1,4.0,0.0,3.0,1.0,1.0,0,31903.0
2647.0,41.0,1,1.0,26.0,3,1,3.0,4.0,1,3.0,0,2.0,1.0,2.0,1.0,2.0,2,21419.0
2552.0,26.0,1,1.0,14.0,3,1,4.0,5.0,0,3.0,0,3.0,0.0,2.0,1.0,3.0,1,21567.0
773.0,36.0,1,1.0,18.0,3,0,2.0,4.0,3,3.0,3,1.0,0.0,2.0,1.0,0.0,3,23858.0
3314.0,36.0,1,3.0,24.0,2,1,4.0,4.0,1,5.0,0,5.0,1.0,3.0,1.0,2.0,2,27644.0
1553.0,38.0,0,1.0,12.0,3,0,3.0,5.0,1,3.0,1,1.0,1.0,1.0,0.0,2.0,2,20329.0
4301.0,41.0,1,3.0,9.0,3,0,3.0,4.0,1,4.0,1,2.0,0.0,1.0,0.0,1.0,2,24393.0
417.0,40.0,1,3.0,8.0,2,0,3.0,3.0,2,3.0,0,1.0,0.0,3.0,0.0,0.0,4,33041.0
3437.0,26.0,1,3.0,25.0,2,1,4.0,2.0,1,3.0,0,4.0,0.0,1.0,0.0,1.0,2,24910.0
4659.0,56.0,0,1.0,25.0,3,1,4.0,4.0,1,4.0,1,5.0,1.0,5.0,1.0,2.0,2,25063.0
2084.0,26.0,0,1.0,11.0,3,0,2.0,4.0,0,3.0,1,2.0,1.0,1.0,0.0,1.0,1,17366.0
4667.0,40.0,0,1.0,29.0,3,0,3.0,4.0,3,5.0,2,3.0,1.0,5.0,1.0,2.0,3,29558.0
3672.0,42.0,0,2.0,11.0,2,1,3.0,6.0,1,4.0,1,8.0,0.0,5.0,0.0,2.0,2,25108.0
129.0,49.0,1,1.0,26.0,3,0,3.0,3.0,1,5.0,0,2.0,0.0,2.0,1.0,2.0,2,21567.0
2030.0,34.0,1,1.0,14.0,2,0,2.0,3.0,1,5.0,1,4.0,0.0,5.0,1.0,1.0,2,20121.0
3229.0,41.0,1,1.0,27.0,1,1,4.0,4.0,3,3.0,0,6.0,0.0,3.0,1.0,2.0,3,29000.0
1228.0,41.0,0,2.0,10.0,2,1,2.0,5.0,1,4.0,1,7.0,0.0,5.0,0.0,1.0,2,21430.0
3422.0,41.0,1,1.0,9.0,3,0,3.0,2.0,1,3.0,1,7.0,0.0,3.0,1.0,1.0,2,25055.0
837.0,40.0,0,1.0,15.0,3,0,2.0,3.0,3,3.0,3,1.0,0.0,4.0,0.0,0.0,3,28499.0
3554.0,36.0,1,1.0,9.0,2,0,4.0,4.0,0,5.0,1,3.0,1.0,1.0,1.0,2.0,1,20752.0
764.0,28.0,1,3.0,16.0,3,1,3.0,3.0,0,4.0,0,2.0,0.0,5.0,1.0,1.0,1,16052.0
1751.0,42.0,1,3.0,6.0,2,1,1.0,3.0,1,3.0,1,2.0,0.0,3.0,1.0,0.0,2,19907.0
561.0,52.0,1,3.0,9.0,3,1,2.0,4.0,4,5.0,0,2.0,0.0,5.0,1.0,0.0,0,31856.0
491.0,43.0,0,1.0,15.0,3,1,3.0,3.0,1,3.0,1,4.0,1.0,3.0,1.0,0.0,2,20679.0
3956.0,27.0,1,1.0,32.0,2,1,3.0,6.0,0,3.0,2,3.0,0.0,1.0,0.0,1.0,1,20971.0
2470.0,33.0,0,1.0,23.0,2,0,4.0,6.0,0,5.0,3,3.0,1.0,4.0,1.0,3.0,1,22597.0
4226.0,32.0,1,1.0,9.0,2,1,3.0,4.0,0,3.0,1,2.0,1.0,4.0,1.0,2.0,1,21373.0
713.0,45.0,1,1.0,6.0,3,0,3.0,3.0,0,3.0,1,4.0,0.0,5.0,0.0,1.0,1,17270.0
3371.0,37.0,1,1.0,9.0,2,0,3.0,4.0,1,4.0,3,2.0,1.0,3.0,1.0,1.0,2,24088.0
463.0,26.0,1,1.0,30.0,1,1,3.0,5.0,0,3.0,2,2.0,1.0,3.0,1.0,2.0,1,17340.0
3717.0,23.0,1,1.0,15.0,3,0,4.0,4.0,0,5.0,1,3.0,1.0,3.0,0.0,2.0,1,21076.0
4803.0,28.0,1,1.0,21.0,2,1,3.0,4.0,0,5.0,1,3.0,1.0,4.0,1.0,1.0,1,20913.0
2522.0,38.0,1,1.0,14.0,3,1,2.0,4.0,3,3.0,2,6.0,0.0,2.0,0.0,1.0,3,32342.0
1985.0,35.0,0,1.0,9.0,2,1,2.0,4.0,0,3.0,1,2.0,0.0,1.0,1.0,1.0,1,16281.0
4731.0,37.0,0,1.0,25.0,2,1,4.0,4.0,1,3.0,3,4.0,0.0,3.0,0.0,2.0,2,26457.0
2907.0,27.0,1,1.0,31.0,1,1,4.0,6.0,0,3.0,2,3.0,1.0,3.0,1.0,3.0,1,21018.0
4057.0,31.0,1,1.0,25.0,2,0,4.0,4.0,0,3.0,3,3.0,0.0,1.0,1.0,3.0,1,21310.0
465.0,46.0,0,1.0,24.0,3,0,2.0,3.0,3,3.0,0,6.0,0.0,3.0,1.0,0.0,3,25527.0
844.0,30.0,1,3.0,16.0,3,1,3.0,4.0,1,3.0,0,2.0,0.0,2.0,1.0,0.0,2,21578.0
2341.0,24.0,1,1.0,23.0,2,0,3.0,3.0,0,4.0,1,2.0,0.0,1.0,1.0,2.0,1,17210.0
1179.0,34.0,1,1.0,9.0,2,0,3.0,3.0,1,4.0,1,2.0,0.0,5.0,1.0,2.0,2,20433.0
700.0,58.0,1,1.0,8.0,1,1,2.0,3.0,0,3.0,2,5.0,0.0,2.0,1.0,1.0,1,17479.0
2947.0,35.0,1,1.0,7.0,2,1,3.0,4.0,0,3.0,0,3.0,0.0,3.0,1.0,1.0,1,21369.0
2170.0,58.0,1,1.0,8.0,1,1,2.0,3.0,0,3.0,2,5.0,0.0,1.0,0.0,0.0,1,17479.0
2105.0,35.0,1,1.0,15.0,2,0,3.0,4.0,3,3.0,1,2.0,1.0,4.0,1.0,2.0,3,25685.0
4071.0,59.0,1,1.0,16.0,3,0,4.0,5.0,0,4.0,1,6.0,1.0,1.0,1.0,2.0,1,22024.0
3285.0,25.0,1,1.0,31.0,3,1,3.0,4.0,0,4.0,3,2.0,0.0,5.0,1.0,1.0,1,22275.0
4385.0,39.0,1,1.0,17.0,3,0,4.0,4.0,1,3.0,1,5.0,0.0,3.0,0.0,2.0,2,28502.0
1045.0,40.0,1,1.0,8.0,3,1,3.0,3.0,0,3.0,1,3.0,0.0,1.0,0.0,0.0,1,17345.0
4128.0,31.0,1,1.0,10.0,1,0,3.0,4.0,0,5.0,3,7.0,1.0,4.0,0.0,1.0,1,21335.0
3716.0,39.0,1,1.0,13.0,2,0,3.0,5.0,0,3.0,1,3.0,0.0,3.0,0.0,2.0,1,22380.0
649.0,53.0,1,1.0,29.0,2,0,3.0,3.0,4,3.0,2,7.0,0.0,5.0,1.0,1.0,0,29275.0
340.0,37.0,1,1.0,11.0,3,1,3.0,3.0,1,3.0,1,1.0,0.0,3.0,0.0,0.0,2,21347.0
1620.0,40.0,0,1.0,32.0,3,0,2.0,3.0,1,4.0,1,2.0,0.0,1.0,0.0,1.0,2,20605.0
1397.0,54.0,1,1.0,15.0,2,0,3.0,3.0,1,3.0,1,4.0,0.0,5.0,0.0,1.0,2,17897.0
2530.0,24.0,1,3.0,9.0,1,1,4.0,4.0,0,5.0,1,5.0,0.0,3.0,1.0,2.0,1,21000.0
3277.0,28.0,1,1.0,13.0,2,1,3.0,5.0,0,3.0,0,3.0,0.0,2.0,1.0,2.0,1,21217.0
4595.0,39.0,1,1.0,7.0,1,0,4.0,4.0,3,5.0,1,3.0,0.0,4.0,1.0,2.0,3,32260.0
3682.0,24.0,1,1.0,11.0,3,0,3.0,4.0,0,4.0,3,3.0,0.0,3.0,1.0,2.0,1,21973.0
2862.0,27.0,1,1.0,30.0,2,0,3.0,4.0,0,3.0,1,3.0,0.0,3.0,1.0,2.0,1,21564.0
1700.0,52.0,1,1.0,8.0,2,0,2.0,4.0,0,3.0,2,1.0,0.0,3.0,1.0,0.0,1,18212.0
1052.0,30.0,0,1.0,13.0,1,1,3.0,3.0,0,3.0,1,2.0,0.0,5.0,0.0,0.0,1,16274.0
2260.0,33.0,1,1.0,11.0,2,1,2.0,4.0,3,3.0,1,5.0,0.0,3.0,1.0,1.0,3,22119.0
1698.0,35.0,0,3.0,6.0,3,0,3.0,3.0,3,3.0,3,2.0,0.0,5.0,1.0,0.0,3,23789.0
1.0,49.0,0,1.0,14.0,2,1,3.0,4.0,1,4.0,0,2.0,0.0,3.0,1.0,2.0,2,20130.0
948.0,30.0,1,1.0,23.0,3,0,3.0,3.0,3,5.0,0,2.0,1.0,4.0,0.0,2.0,3,26916.0
3029.0,24.0,1,1.0,13.0,2,1,4.0,2.0,0,5.0,0,3.0,1.0,3.0,1.0,3.0,1,20279.0
4625.0,30.0,1,1.0,17.0,2,0,4.0,5.0,0,5.0,2,8.0,1.0,5.0,1.0,1.0,1,21082.0
930.0,51.0,0,1.0,12.0,3,0,2.0,4.0,0,3.0,2,1.0,0.0,5.0,1.0,1.0,1,17838.0
371.0,29.0,1,1.0,29.0,2,1,2.0,3.0,0,3.0,2,1.0,0.0,3.0,1.0,0.0,1,17201.0
4155.0,33.0,0,3.0,33.0,3,1,4.0,4.0,1,3.0,1,2.0,0.0,4.0,1.0,2.0,2,23143.0
2553.0,23.0,1,1.0,22.0,3,0,3.0,4.0,0,3.0,3,3.0,0.0,2.0,1.0,2.0,1,21549.0
402.0,30.0,1,3.0,18.0,1,0,2.0,3.0,1,3.0,3,1.0,0.0,2.0,1.0,0.0,2,21577.0
4694.0,29.0,0,1.0,31.0,1,1,4.0,5.0,3,5.0,3,3.0,0.0,1.0,1.0,2.0,3,27400.0
3410.0,59.0,1,1.0,14.0,3,0,3.0,5.0,3,5.0,0,2.0,1.0,4.0,1.0,1.0,3,28686.0
877.0,46.0,1,1.0,8.0,1,1,2.0,3.0,1,3.0,1,3.0,0.0,2.0,1.0,0.0,2,22379.0
3639.0,50.0,1,1.0,7.0,2,1,3.0,4.0,4,3.0,2,6.0,0.0,3.0,1.0,1.0,0,34057.0
262.0,32.0,1,1.0,8.0,1,1,2.0,4.0,1,5.0,2,5.0,0.0,4.0,0.0,1.0,2,17176.0
2838.0,32.0,1,1.0,14.0,3,0,3.0,4.0,1,5.0,0,3.0,0.0,2.0,1.0,1.0,2,22984.0
2444.0,42.0,1,3.0,7.0,2,0,4.0,4.0,1,3.0,3,2.0,1.0,2.0,1.0,1.0,2,24671.0
2125.0,33.0,1,2.0,9.0,2,1,2.0,3.0,0,4.0,1,4.0,1.0,5.0,0.0,1.0,1,17277.0
384.0,36.0,1,3.0,8.0,3,1,3.0,4.0,3,3.0,0,2.0,0.0,2.0,1.0,0.0,3,22596.0
644.0,31.0,1,1.0,17.0,2,1,2.0,3.0,0,3.0,0,4.0,1.0,3.0,1.0,1.0,1,17356.0
509.0,33.0,0,1.0,12.0,2,1,1.0,3.0,1,3.0,1,4.0,0.0,5.0,1.0,0.0,2,22725.0
884.0,40.0,1,3.0,16.0,1,0,2.0,4.0,1,4.0,1,1.0,0.0,5.0,1.0,0.0,2,21852.0
1771.0,18.0,1,3.0,16.0,3,0,3.0,4.0,0,3.0,2,2.0,0.0,1.0,0.0,2.0,1,16200.0
1618.0,41.0,1,1.0,15.0,2,1,3.0,3.0,0,5.0,1,3.0,0.0,1.0,0.0,0.0,1,17238.0
3164.0,31.0,1,1.0,29.0,2,0,3.0,4.0,0,3.0,0,6.0,1.0,2.0,0.0,2.0,1,20810.0
3369.0,43.0,1,1.0,14.0,3,0,4.0,2.0,1,4.0,0,8.0,1.0,1.0,0.0,1.0,2,21050.0
273.0,37.0,1,3.0,12.0,3,1,3.0,3.0,1,3.0,0,5.0,0.0,3.0,0.0,0.0,2,21502.0
4583.0,40.0,1,1.0,13.0,3,1,4.0,4.0,0,5.0,1,2.0,1.0,1.0,1.0,2.0,1,21082.0
3207.0,35.0,1,3.0,17.0,2,0,3.0,4.0,0,3.0,0,3.0,1.0,2.0,0.0,2.0,1,20898.0
1580.0,51.0,0,1.0,6.0,3,0,1.0,4.0,3,5.0,3,4.0,0.0,1.0,1.0,0.0,3,22484.0
2966.0,38.0,1,1.0,17.0,2,1,4.0,3.0,0,3.0,3,5.0,0.0,4.0,1.0,2.0,1,23358.0
72.0,31.0,1,1.0,6.0,3,1,2.0,3.0,0,4.0,2,2.0,0.0,3.0,0.0,0.0,1,17501.0
2354.0,40.0,1,3.0,16.0,1,0,2.0,4.0,1,4.0,1,1.0,0.0,5.0,1.0,1.0,2,21852.0
480.0,30.0,0,3.0,18.0,2,1,3.0,4.0,0,5.0,0,2.0,0.0,5.0,1.0,0.0,1,17033.0
307.0,38.0,1,1.0,31.0,2,0,2.0,4.0,3,4.0,0,4.0,0.0,3.0,1.0,0.0,3,27061.0
4446.0,48.0,1,3.0,21.0,3,1,3.0,4.0,1,5.0,3,4.0,0.0,1.0,1.0,2.0,2,23638.0
4114.0,28.0,0,1.0,7.0,1,1,3.0,5.0,1,5.0,1,7.0,0.0,3.0,1.0,1.0,2,22976.0
4753.0,43.0,1,3.0,11.0,3,1,3.0,4.0,1,5.0,3,2.0,0.0,5.0,1.0,1.0,2,23833.0
1742.0,28.0,1,1.0,15.0,3,1,3.0,3.0,0,3.0,1,2.0,0.0,1.0,1.0,0.0,1,17070.0
3567.0,36.0,1,1.0,17.0,3,0,3.0,4.0,1,3.0,3,5.0,1.0,1.0,1.0,1.0,2,24820.0
3134.0,32.0,1,1.0,19.0,3,0,3.0,4.0,1,3.0,0,2.0,1.0,4.0,0.0,2.0,2,24533.0
3316.0,34.0,0,3.0,32.0,3,0,3.0,4.0,1,3.0,0,3.0,0.0,3.0,0.0,2.0,2,23217.0
1929.0,41.0,0,1.0,8.0,2,0,3.0,4.0,1,3.0,3,3.0,1.0,1.0,0.0,0.0,2,21811.0
2543.0,45.0,0,1.0,30.0,3,1,4.0,4.0,1,4.0,0,6.0,0.0,3.0,1.0,1.0,2,20720.0
3405.0,36.0,0,1.0,11.0,2,1,3.0,4.0,1,3.0,3,3.0,1.0,1.0,1.0,2.0,2,22927.0
3950.0,51.0,1,3.0,10.0,3,1,3.0,5.0,0,3.0,1,3.0,1.0,4.0,1.0,2.0,1,21361.0
306.0,32.0,1,3.0,13.0,2,1,3.0,4.0,1,3.0,0,2.0,0.0,3.0,1.0,2.0,2,20484.0
1211.0,37.0,0,3.0,6.0,3,1,2.0,5.0,1,3.0,1,2.0,0.0,1.0,0.0,1.0,2,24525.0
2955.0,37.0,1,1.0,16.0,3,1,3.0,5.0,1,4.0,1,4.0,1.0,4.0,1.0,1.0,2,27525.0
2080.0,27.0,1,1.0,11.0,1,1,2.0,4.0,3,3.0,1,2.0,1.0,3.0,1.0,1.0,3,27808.0
1232.0,35.0,1,1.0,33.0,2,1,2.0,3.0,1,3.0,1,3.0,0.0,5.0,0.0,1.0,2,21883.0
3482.0,49.0,1,3.0,14.0,3,1,4.0,4.0,1,5.0,1,6.0,0.0,4.0,1.0,2.0,2,24164.0
4610.0,46.0,0,1.0,11.0,2,1,3.0,4.0,1,4.0,1,3.0,0.0,4.0,1.0,1.0,2,23125.0
4555.0,33.0,0,3.0,12.0,2,1,3.0,4.0,1,4.0,1,3.0,0.0,3.0,1.0,2.0,2,25202.0
4223.0,32.0,1,1.0,12.0,1,1,3.0,4.0,0,3.0,1,2.0,1.0,4.0,1.0,1.0,1,23499.0
4348.0,32.0,1,1.0,16.0,2,1,3.0,4.0,3,4.0,1,3.0,0.0,3.0,0.0,1.0,3,29326.0
4200.0,45.0,0,1.0,31.0,2,1,3.0,4.0,0,3.0,1,5.0,1.0,5.0,0.0,2.0,1,21839.0
751.0,50.0,0,3.0,6.0,2,0,3.0,3.0,1,3.0,0,1.0,0.0,2.0,1.0,1.0,2,21347.0
2700.0,43.0,1,1.0,9.0,3,0,3.0,5.0,0,5.0,1,2.0,1.0,4.0,1.0,1.0,1,21271.0
4302.0,43.0,1,1.0,7.0,2,0,4.0,4.0,0,5.0,1,5.0,0.0,3.0,0.0,3.0,1,21254.0
3464.0,48.0,1,1.0,7.0,1,1,4.0,4.0,0,3.0,0,2.0,0.0,3.0,1.0,1.0,1,22098.0
128.0,22.0,1,1.0,8.0,1,1,3.0,3.0,0,3.0,0,1.0,0.0,5.0,1.0,2.0,1,17523.0
3917.0,34.0,0,1.0,10.0,2,0,3.0,4.0,0,3.0,1,3.0,1.0,1.0,1.0,2.0,1,21587.0
4415.0,31.0,0,1.0,10.0,3,0,4.0,4.0,0,3.0,1,3.0,0.0,3.0,1.0,2.0,1,20761.0
4857.0,47.0,1,3.0,22.0,3,1,3.0,6.0,1,3.0,1,8.0,1.0,1.0,0.0,2.0,2,22101.0
577.0,37.0,1,1.0,16.0,2,0,2.0,3.0,0,5.0,1,1.0,1.0,3.0,1.0,1.0,1,17782.0
2021.0,39.0,1,2.0,9.0,2,0,2.0,1.0,1,4.0,1,1.0,0.0,1.0,0.0,0.0,2,21389.0
2025.0,29.0,1,3.0,16.0,3,1,2.0,3.0,0,4.0,1,2.0,0.0,1.0,1.0,0.0,1,17297.0
3824.0,36.0,1,3.0,25.0,3,1,4.0,4.0,1,5.0,1,2.0,0.0,3.0,0.0,1.0,2,20822.0
1306.0,31.0,0,3.0,13.0,3,0,3.0,3.0,3,5.0,1,3.0,0.0,1.0,1.0,2.0,3,24637.0
2627.0,51.0,1,1.0,7.0,3,1,3.0,5.0,0,3.0,0,4.0,0.0,3.0,0.0,1.0,1,22368.0
4132.0,46.0,0,3.0,13.0,3,0,3.0,5.0,3,3.0,3,8.0,0.0,4.0,1.0,1.0,3,27543.0
3661.0,25.0,1,1.0,16.0,3,1,4.0,2.0,0,3.0,1,3.0,0.0,1.0,0.0,1.0,1,23079.0
4604.0,32.0,1,1.0,19.0,3,0,3.0,4.0,1,3.0,1,2.0,1.0,4.0,1.0,1.0,2,24533.0
2249.0,51.0,1,1.0,10.0,2,1,2.0,3.0,0,3.0,1,1.0,1.0,1.0,0.0,0.0,1,17461.0
2446.0,38.0,1,1.0,9.0,0,1,4.0,5.0,0,3.0,2,8.0,1.0,3.0,0.0,1.0,1,20768.0
1213.0,23.0,1,3.0,13.0,2,1,2.0,3.0,0,3.0,1,2.0,1.0,1.0,1.0,0.0,1,17275.0
3861.0,32.0,1,3.0,9.0,2,1,3.0,4.0,0,3.0,1,2.0,0.0,4.0,1.0,1.0,1,21745.0
3484.0,41.0,0,1.0,15.0,3,1,3.0,5.0,3,4.0,1,4.0,0.0,1.0,1.0,2.0,3,32435.0
3685.0,33.0,1,3.0,26.0,2,1,4.0,6.0,3,3.0,1,5.0,0.0,3.0,1.0,3.0,3,28288.0
3532.0,43.0,1,1.0,9.0,3,1,4.0,5.0,0,4.0,1,6.0,0.0,1.0,1.0,3.0,1,23519.0
2559.0,38.0,1,3.0,10.0,2,1,3.0,4.0,3,3.0,3,4.0,0.0,3.0,0.0,1.0,3,26106.0
2840.0,44.0,1,1.0,15.0,2,0,4.0,4.0,1,3.0,1,6.0,1.0,2.0,0.0,1.0,2,23200.0
2962.0,39.0,1,3.0,14.0,3,0,3.0,5.0,1,3.0,3,2.0,0.0,2.0,1.0,2.0,2,22706.0
1082.0,23.0,1,1.0,26.0,2,1,3.0,3.0,1,3.0,2,1.0,0.0,4.0,1.0,2.0,2,17272.0
59.0,37.0,1,1.0,6.0,2,1,2.0,4.0,1,3.0,1,2.0,0.0,5.0,1.0,1.0,2,20993.0
1305.0,54.0,1,1.0,13.0,3,0,3.0,3.0,1,3.0,1,5.0,0.0,3.0,1.0,1.0,2,21854.0
3433.0,38.0,1,1.0,11.0,2,1,3.0,4.0,0,3.0,0,2.0,1.0,5.0,1.0,2.0,1,21674.0
2055.0,23.0,1,1.0,12.0,2,1,3.0,1.0,0,5.0,1,2.0,1.0,3.0,0.0,0.0,1,16601.0
1920.0,31.0,1,3.0,8.0,2,1,3.0,3.0,1,3.0,3,5.0,1.0,5.0,1.0,1.0,2,21582.0
344.0,35.0,1,1.0,11.0,1,1,3.0,3.0,3,4.0,3,1.0,0.0,3.0,0.0,0.0,3,23095.0
2628.0,54.0,1,1.0,20.0,3,0,3.0,3.0,1,5.0,1,3.0,0.0,2.0,1.0,2.0,2,23128.0
932.0,29.0,1,1.0,13.0,1,0,2.0,3.0,0,3.0,1,4.0,1.0,4.0,1.0,1.0,1,18339.0
4463.0,35.0,1,1.0,15.0,3,0,4.0,4.0,1,3.0,3,5.0,0.0,4.0,0.0,2.0,2,24820.0
43.0,27.0,0,3.0,14.0,2,1,2.0,3.0,3,3.0,3,2.0,0.0,2.0,1.0,0.0,3,23726.0
204.0,38.0,1,1.0,35.0,3,1,3.0,3.0,1,5.0,0,1.0,1.0,3.0,0.0,1.0,2,21673.0
637.0,32.0,0,1.0,6.0,2,1,3.0,3.0,0,3.0,1,1.0,0.0,5.0,0.0,0.0,1,17314.0
1690.0,36.0,1,1.0,11.0,2,1,3.0,3.0,1,4.0,2,1.0,0.0,1.0,1.0,1.0,2,20914.0
3346.0,28.0,1,1.0,11.0,2,1,4.0,4.0,0,3.0,1,3.0,0.0,4.0,1.0,2.0,1,21195.0
4107.0,44.0,0,1.0,14.0,3,1,3.0,2.0,0,3.0,1,6.0,0.0,4.0,1.0,1.0,1,20767.0
4410.0,22.0,1,3.0,29.0,1,1,3.0,4.0,0,3.0,3,3.0,0.0,1.0,0.0,1.0,1,22125.0
4465.0,40.0,1,2.0,10.0,2,0,3.0,2.0,1,4.0,1,2.0,0.0,1.0,0.0,1.0,2,25067.0
2468.0,35.0,1,1.0,13.0,3,1,3.0,4.0,0,5.0,3,4.0,0.0,2.0,1.0,2.0,1,21638.0
4095.0,35.0,1,1.0,34.0,3,0,4.0,4.0,0,4.0,2,4.0,0.0,3.0,0.0,1.0,1,20989.0
648.0,37.0,0,3.0,27.0,3,0,2.0,3.0,0,3.0,0,6.0,0.0,2.0,1.0,1.0,1,17973.0
4361.0,36.0,1,3.0,7.0,3,1,3.0,4.0,1,3.0,1,2.0,0.0,3.0,0.0,2.0,2,23395.0
2211.0,42.0,1,3.0,11.0,3,1,2.0,3.0,2,3.0,1,7.0,0.0,4.0,0.0,1.0,4,33303.0
1418.0,38.0,0,1.0,12.0,2,1,3.0,4.0,1,3.0,1,3.0,0.0,4.0,1.0,1.0,2,20321.0
3872.0,33.0,1,3.0,7.0,3,1,4.0,5.0,0,4.0,1,2.0,0.0,1.0,0.0,3.0,1,20947.0
1606.0,51.0,0,1.0,14.0,2,1,2.0,5.0,3,3.0,3,3.0,0.0,1.0,1.0,0.0,3,25650.0
1410.0,40.0,1,3.0,8.0,3,0,3.0,3.0,1,4.0,1,4.0,0.0,3.0,1.0,1.0,2,20677.0
1448.0,41.0,1,3.0,9.0,2,1,2.0,4.0,1,4.0,1,3.0,0.0,3.0,0.0,1.0,2,23938.0
4858.0,29.0,1,1.0,14.0,2,1,4.0,4.0,0,5.0,3,5.0,1.0,3.0,0.0,3.0,1,25352.0
662.0,20.0,1,3.0,8.0,3,0,2.0,4.0,0,3.0,2,2.0,0.0,4.0,0.0,1.0,1,17044.0
2859.0,35.0,0,3.0,13.0,3,0,3.0,6.0,0,3.0,1,2.0,0.0,4.0,1.0,2.0,1,21029.0
1279.0,44.0,0,1.0,6.0,3,1,2.0,3.0,0,4.0,1,2.0,1.0,3.0,1.0,1.0,1,17342.0
3191.0,39.0,1,3.0,10.0,2,1,3.0,4.0,1,3.0,3,2.0,1.0,3.0,1.0,2.0,2,25539.0
4143.0,30.0,1,1.0,25.0,3,1,3.0,5.0,0,3.0,2,3.0,1.0,3.0,0.0,1.0,1,21067.0
247.0,34.0,1,1.0,8.0,2,1,2.0,4.0,1,5.0,0,7.0,0.0,4.0,0.0,1.0,2,20957.0
2601.0,59.0,1,1.0,16.0,3,0,4.0,5.0,0,4.0,0,6.0,1.0,2.0,1.0,1.0,1,22024.0
3665.0,46.0,0,1.0,7.0,2,1,4.0,5.0,3,3.0,1,5.0,0.0,1.0,1.0,3.0,3,29426.0
3045.0,41.0,0,1.0,23.0,3,1,3.0,5.0,1,3.0,3,8.0,0.0,5.0,1.0,2.0,2,23772.0
1586.0,34.0,1,1.0,11.0,3,0,2.0,4.0,3,5.0,3,3.0,0.0,1.0,1.0,1.0,3,26631.0
715.0,33.0,0,1.0,6.0,2,0,2.0,1.0,1,4.0,0,2.0,1.0,3.0,0.0,1.0,2,20488.0
2874.0,36.0,1,1.0,29.0,2,1,3.0,6.0,0,3.0,3,2.0,0.0,4.0,1.0,1.0,1,22908.0
3790.0,46.0,1,1.0,32.0,2,0,4.0,5.0,1,3.0,1,2.0,0.0,4.0,0.0,1.0,2,24584.0
3652.0,35.0,1,1.0,12.0,3,1,3.0,5.0,1,3.0,1,3.0,0.0,4.0,1.0,2.0,2,22664.0
2729.0,38.0,1,1.0,7.0,2,0,3.0,4.0,0,3.0,2,3.0,0.0,2.0,1.0,2.0,1,20793.0
4221.0,39.0,1,1.0,32.0,2,0,3.0,5.0,3,4.0,1,5.0,0.0,3.0,0.0,2.0,3,30739.0
4798.0,41.0,1,3.0,17.0,1,0,3.0,5.0,1,4.0,1,2.0,0.0,5.0,1.0,2.0,2,25530.0
65.0,55.0,1,1.0,14.0,3,0,2.0,3.0,4,3.0,1,3.0,1.0,3.0,0.0,1.0,0,29756.0
3361.0,35.0,1,3.0,9.0,3,0,3.0,4.0,1,5.0,3,2.0,1.0,3.0,1.0,1.0,2,23216.0
4363.0,40.0,0,1.0,15.0,2,0,3.0,4.0,0,3.0,1,3.0,0.0,1.0,1.0,2.0,1,22433.0
1173.0,36.0,1,1.0,11.0,2,0,2.0,3.0,3,5.0,1,5.0,0.0,4.0,1.0,1.0,3,23008.0
3382.0,59.0,1,1.0,30.0,2,1,3.0,4.0,0,3.0,1,3.0,0.0,3.0,1.0,2.0,1,21050.0
3903.0,30.0,1,1.0,20.0,2,1,3.0,5.0,1,4.0,1,6.0,1.0,4.0,1.0,1.0,2,22703.0
3061.0,45.0,1,1.0,11.0,3,1,3.0,4.0,1,4.0,3,2.0,0.0,2.0,1.0,1.0,2,24611.0
327.0,39.0,1,3.0,9.0,3,0,2.0,3.0,1,3.0,0,5.0,1.0,4.0,1.0,1.0,2,20238.0
2106.0,35.0,0,1.0,31.0,2,0,3.0,3.0,0,4.0,1,2.0,1.0,3.0,1.0,1.0,1,17022.0
1155.0,39.0,1,1.0,9.0,3,1,3.0,4.0,1,3.0,1,1.0,0.0,4.0,0.0,2.0,2,18069.0
347.0,47.0,0,3.0,10.0,3,1,2.0,3.0,1,3.0,2,4.0,0.0,4.0,0.0,1.0,2,17976.0
1002.0,35.0,0,1.0,24.0,2,1,2.0,3.0,3,3.0,3,3.0,0.0,3.0,0.0,0.0,3,24362.0
1668.0,38.0,1,1.0,8.0,2,1,2.0,3.0,1,3.0,1,1.0,0.0,1.0,1.0,1.0,2,21553.0
2428.0,34.0,0,1.0,23.0,1,1,2.0,4.0,0,3.0,1,1.0,1.0,5.0,1.0,1.0,1,23500.0
1518.0,46.0,0,3.0,11.0,3,1,3.0,3.0,1,3.0,2,5.0,1.0,5.0,1.0,1.0,2,20772.0
624.0,53.0,1,3.0,13.0,3,0,3.0,4.0,3,3.0,0,1.0,1.0,2.0,0.0,0.0,3,25934.0
91.0,51.0,1,3.0,27.0,3,1,3.0,3.0,1,3.0,2,1.0,1.0,5.0,1.0,1.0,2,20441.0
3416.0,19.0,0,1.0,7.0,2,0,4.0,4.0,0,3.0,2,3.0,0.0,5.0,1.0,2.0,1,20289.0
4160.0,34.0,1,1.0,12.0,2,0,4.0,5.0,0,3.0,1,3.0,0.0,1.0,0.0,1.0,1,21589.0
3739.0,42.0,1,3.0,11.0,3,0,3.0,4.0,3,3.0,1,2.0,1.0,1.0,0.0,2.0,3,29125.0
2081.0,35.0,1,1.0,13.0,2,1,2.0,3.0,3,3.0,3,4.0,0.0,3.0,0.0,1.0,3,25221.0
269.0,36.0,1,1.0,12.0,2,1,2.0,3.0,0,3.0,0,1.0,0.0,5.0,1.0,1.0,1,18210.0
821.0,49.0,1,3.0,14.0,1,1,2.0,4.0,4,4.0,0,7.0,0.0,4.0,1.0,0.0,0,28120.0
345.0,23.0,1,1.0,32.0,2,1,2.0,3.0,0,3.0,1,2.0,0.0,2.0,1.0,1.0,1,17904.0
3492.0,35.0,1,3.0,10.0,2,1,3.0,6.0,1,5.0,3,5.0,0.0,5.0,1.0,2.0,2,23437.0
501.0,30.0,0,1.0,9.0,3,0,3.0,3.0,0,3.0,1,2.0,0.0,3.0,1.0,1.0,1,17083.0
4077.0,58.0,1,1.0,31.0,2,1,3.0,2.0,3,3.0,1,5.0,1.0,4.0,1.0,1.0,3,28117.0
4351.0,31.0,1,3.0,14.0,3,1,3.0,4.0,0,4.0,3,2.0,0.0,1.0,0.0,1.0,1,21661.0
4216.0,29.0,1,1.0,23.0,3,1,4.0,2.0,1,5.0,3,2.0,0.0,5.0,0.0,2.0,2,24339.0
3358.0,56.0,0,1.0,15.0,3,1,3.0,5.0,4,4.0,1,3.0,1.0,3.0,1.0,2.0,0,32255.0
3093.0,54.0,1,1.0,30.0,2,0,4.0,4.0,4,3.0,2,8.0,0.0,5.0,1.0,2.0,0,32953.0
4358.0,49.0,1,3.0,9.0,3,0,3.0,4.0,1,3.0,1,4.0,0.0,5.0,1.0,1.0,2,22729.0
2618.0,46.0,1,3.0,11.0,2,0,2.0,4.0,1,5.0,1,6.0,1.0,4.0,0.0,1.0,2,23684.0
2281.0,38.0,1,3.0,8.0,3,1,2.0,3.0,3,4.0,3,1.0,0.0,4.0,1.0,1.0,3,22351.0
1060.0,24.0,0,1.0,15.0,3,1,2.0,3.0,0,5.0,2,3.0,1.0,3.0,0.0,1.0,1,18172.0
3420.0,57.0,1,1.0,30.0,2,1,4.0,4.0,4,4.0,0,6.0,1.0,4.0,1.0,3.0,0,32080.0
1727.0,40.0,1,1.0,8.0,3,1,2.0,3.0,2,3.0,1,1.0,0.0,5.0,1.0,0.0,4,34436.0
2450.0,60.0,1,1.0,10.0,3,0,3.0,3.0,0,5.0,0,6.0,1.0,2.0,1.0,2.0,1,21348.0
450.0,31.0,1,3.0,8.0,2,1,3.0,3.0,1,3.0,3,5.0,1.0,5.0,1.0,1.0,2,21582.0
4512.0,29.0,1,1.0,9.0,3,1,3.0,4.0,0,3.0,3,8.0,0.0,3.0,1.0,2.0,1,23060.0
1812.0,31.0,1,1.0,13.0,3,0,2.0,3.0,3,3.0,3,2.0,1.0,4.0,1.0,1.0,3,22143.0
4529.0,28.0,0,1.0,10.0,3,1,3.0,4.0,0,3.0,1,3.0,0.0,1.0,0.0,1.0,1,20384.0
558.0,32.0,0,1.0,30.0,2,1,3.0,3.0,1,3.0,0,2.0,0.0,4.0,1.0,0.0,2,20309.0
2005.0,41.0,1,2.0,16.0,2,1,3.0,4.0,2,3.0,1,4.0,0.0,1.0,1.0,1.0,4,34141.0
1828.0,36.0,0,3.0,6.0,3,0,2.0,3.0,1,3.0,3,5.0,0.0,1.0,1.0,1.0,2,21653.0
3023.0,35.0,1,1.0,9.0,3,0,3.0,5.0,0,5.0,3,3.0,0.0,2.0,1.0,2.0,1,23059.0
3088.0,32.0,1,1.0,18.0,2,1,3.0,4.0,0,3.0,0,5.0,1.0,3.0,1.0,2.0,1,21034.0
4795.0,33.0,0,1.0,9.0,2,0,3.0,4.0,1,3.0,3,6.0,1.0,5.0,1.0,1.0,2,23676.0
1099.0,45.0,1,1.0,6.0,1,1,3.0,3.0,3,4.0,1,2.0,0.0,3.0,1.0,1.0,3,22441.0
3156.0,34.0,1,1.0,20.0,2,0,3.0,4.0,0,3.0,3,5.0,0.0,3.0,1.0,1.0,1,22130.0
3386.0,37.0,1,1.0,17.0,1,0,4.0,4.0,3,3.0,0,5.0,0.0,3.0,0.0,3.0,3,25772.0
2039.0,36.0,0,3.0,14.0,2,1,3.0,4.0,3,5.0,3,2.0,0.0,1.0,0.0,0.0,3,22587.0
3678.0,48.0,0,3.0,9.0,3,1,3.0,4.0,1,4.0,1,2.0,0.0,1.0,0.0,2.0,2,23656.0
2535.0,52.0,1,3.0,28.0,3,1,4.0,4.0,1,3.0,3,2.0,1.0,5.0,1.0,2.0,2,24119.0
4111.0,43.0,0,1.0,28.0,3,0,3.0,4.0,1,3.0,1,4.0,0.0,1.0,0.0,1.0,2,23943.0
1950.0,30.0,0,3.0,18.0,2,1,3.0,4.0,0,5.0,1,2.0,0.0,5.0,1.0,2.0,1,17033.0
4645.0,21.0,1,1.0,18.0,3,0,4.0,5.0,0,5.0,3,3.0,1.0,3.0,1.0,3.0,1,21278.0
805.0,45.0,0,3.0,15.0,2,0,3.0,4.0,1,3.0,0,2.0,0.0,3.0,0.0,0.0,2,20593.0
1817.0,47.0,0,3.0,10.0,3,1,3.0,3.0,1,3.0,2,4.0,0.0,4.0,0.0,2.0,2,17976.0
2477.0,40.0,1,3.0,12.0,1,1,3.0,4.0,1,3.0,0,5.0,0.0,2.0,0.0,2.0,2,20764.0
4615.0,54.0,1,3.0,9.0,3,1,3.0,4.0,4,3.0,1,8.0,0.0,3.0,1.0,1.0,0,33530.0
3026.0,41.0,0,1.0,9.0,3,0,3.0,2.0,1,4.0,0,3.0,0.0,3.0,0.0,2.0,2,22922.0
882.0,36.0,1,1.0,6.0,1,0,3.0,5.0,3,5.0,1,3.0,1.0,2.0,1.0,2.0,3,25252.0
4608.0,34.0,1,1.0,7.0,2,0,3.0,5.0,1,3.0,3,2.0,0.0,4.0,1.0,2.0,2,25627.0
3724.0,38.0,1,2.0,15.0,2,1,3.0,4.0,1,4.0,1,4.0,0.0,3.0,1.0,2.0,2,22749.0
4596.0,33.0,0,1.0,7.0,2,0,4.0,5.0,0,4.0,1,8.0,0.0,3.0,0.0,3.0,1,21010.0
3183.0,28.0,1,1.0,9.0,2,0,3.0,4.0,1,3.0,0,2.0,0.0,5.0,0.0,2.0,2,22905.0
1777.0,38.0,1,1.0,31.0,2,0,2.0,4.0,3,4.0,1,4.0,0.0,3.0,0.0,1.0,3,27061.0
1502.0,30.0,1,1.0,15.0,3,1,2.0,4.0,0,3.0,2,2.0,0.0,4.0,0.0,1.0,1,17206.0
1683.0,51.0,1,1.0,14.0,2,1,2.0,4.0,3,4.0,1,6.0,0.0,3.0,1.0,1.0,3,27490.0
3105.0,44.0,1,1.0,15.0,2,0,3.0,4.0,1,4.0,1,6.0,0.0,3.0,1.0,1.0,2,23443.0
3700.0,39.0,0,1.0,9.0,3,0,4.0,5.0,0,4.0,1,6.0,0.0,3.0,0.0,1.0,1,21146.0
